reply_settings,public_metrics,created_at,id,conversation_id,source,author_id,lang,text,search_query,in_reply_to_user_id,geo,referenced_tweets
everyone,"{'retweet_count': 0, 'reply_count': 0, 'like_count': 0, 'quote_count': 0}",2016-11-20T22:30:09.000Z,800466285993857024,800466285993857024,Twitter for Android,795255373636702208,hi,"Bewafaaon ki mehfil lagay gi ajj, Waqt par ajana mehmaan-e-khaas ho tum.!üòë| #Down #depressed #fuckedupüò£",#depressed,,,
everyone,"{'retweet_count': 0, 'reply_count': 0, 'like_count': 0, 'quote_count': 0}",2016-10-14T17:06:27.000Z,786976473173274624,786976473173274624,Twitter for Android,714316638317772800,hi,@someuser bhaijaan| Is baar aam admi ke.liye thi entry jo select kiye wo to ache khase dikhte hai mera video nhi dekha kya #depressed,#depressed,132385468,,
everyone,"{'retweet_count': 0, 'reply_count': 1, 'like_count': 5, 'quote_count': 0}",2016-10-11T08:06:30.000Z,785753426470678529,785753426470678529,Twitter Web Client,118045793,hi,‡§Ü‡§ú ‡§´‡§ø‡§∞ ‡§∏‡•á ‡§ï‡•ã‡§à ‡§§‡•á‡§∞‡•Ä ‡§Ø‡§æ‡§¶ ‡§¶‡§ø‡§≤‡§æ ‡§ó‡§Ø‡§æ ||| ‡§®‡§æ‡§Æ ‡§§‡•á‡§∞‡§æ ‡§≤‡•á‡§ï‡•á ‡§µ‡•ã ‡§è‡§π‡§∏‡§æ‡§∏ ‡§´‡§ø‡§∞ ‡§∏‡•á ‡§ú‡§ó‡§æ ‡§ó‡§Ø‡§æ .....#badmood #deadinsisde #depressed #break,#depressed,,,
everyone,"{'retweet_count': 0, 'reply_count': 0, 'like_count': 0, 'quote_count': 0}",2016-10-05T15:05:11.000Z,783684466367692800,783684466367692800,Twitter for Android,783336451828318212,hi,@someuser account is temporarily unavailable because it violates the Twitter Media Policy. Learn more.,#depressed,,,
everyone,"{'retweet_count': 0, 'reply_count': 0, 'like_count': 0, 'quote_count': 1}",2016-09-09T17:42:48.000Z,774302045876654081,774302045876654081,Instagram,269182124,hi,amai bhashaili rey üòÇüòÇüòÇüòîüòîüòñüòñüòñüò≠üò≠üò≠| |  #sad #depressed #depression #love #grunge #alone #suicide... http://someurl,#depressed,,"{'place_id': '6a432d7e9a987731', 'coordinates': {'type': 'Point', 'coordinates': [88.41543719, 22.58191806]}}",
everyone,"{'retweet_count': 0, 'reply_count': 0, 'like_count': 0, 'quote_count': 0}",2016-07-12T09:52:51.000Z,752802896337596416,752802896337596416,Twitter for Android,585899305,hi,Humari pehli nahi horahi aur ek kaptan hay pata nahi kitni shadiya kar chuka hai #depressed,#depressed,,,
everyone,"{'retweet_count': 0, 'reply_count': 0, 'like_count': 0, 'quote_count': 0}",2016-07-02T05:11:19.000Z,749108168655941634,749108168655941634,Twitter Web Client,2935748226,hi,‡§ú‡•ç‡§Ø‡§æ‡§¶‡§æ ‡§®‡§ø‡§ó‡§∞‡§æ‡§®‡•Ä ‡§∏‡•á ‡§¨‡§ö‡•ç‡§ö‡•á‡§Ç ‡§π‡•ã ‡§∏‡§ï‡§§‡•á ‡§π‡•à ‚Äò ‡§°‡§ø‡§™‡•ç‡§∞‡•á‡§∂‡§® ‚Äô ‡§ï‡§æ ‡§∂‡§ø‡§ï‡§æ‡§∞| http://someurl| #depressed #childrenshealth #Indians,#depressed,,,
everyone,"{'retweet_count': 0, 'reply_count': 0, 'like_count': 0, 'quote_count': 0}",2016-06-23T07:33:48.000Z,745882535167688704,745882535167688704,Facebook,1920548102,hi,#depressed #quote #reality #selfwritten | | ‡§∏‡•Å‡§®‡§æ ‡§π‡•à ‡§¨‡§ø‡§ï ‡§∞‡§π‡§æ ‡§π‡•à ‡§á‡§∂‡•ç‡§ï‡§º ‡§¨‡§æ‡§ú‡§æ‡§∞ ‡§Æ‡•à‡§Ç ‡§Ü‡§ú| ‡§ú‡§æ‡§ì ‡§â‡§∏ ‡§á‡§∂‡•ç‡§ï‡§º ‡§∏‡•á ‡§™‡•Ç‡§õ‡•ã ‡§µ‡§´‡§º‡§æ ‡§≠‡•Ä ‡§∏‡§æ‡§• ‡§¶‡•á‡§§‡•á ‡§π‡•ã ?,#depressed,,,
everyone,"{'retweet_count': 0, 'reply_count': 0, 'like_count': 0, 'quote_count': 0}",2016-06-17T02:22:57.000Z,743629980026929152,743629980026929152,Twitter for iPhone,1562885479,hi,"Aj unhi se baat krne k liye lafz nhn, jo kabhi hunara Passeord hua karte the.! #brokenhearted #fosuckedup #depressed üòûüòìüò¢üòîüôáüèª",#depressed,,,
everyone,"{'retweet_count': 0, 'reply_count': 0, 'like_count': 0, 'quote_count': 0}",2016-06-11T12:34:30.000Z,741609554031546368,741609554031546368,Twitter for Android,433370459,hi,‡§Ü‡§ú ‡§∏‡§π‡•Ä ‡§ö‡§≤‡§§‡•Ä ‡§ú‡§ø‡§Ç‡§¶‡§ó‡•Ä ‡§ï‡•Ä ‡§ó‡§æ‡§°‡•Ä ‡§Æ‡•á ‡§Ö‡§ö‡§æ‡§®‡§ï ‡§∏‡•á ‡§è‡§ï ‡§™‡§≤ ‡§Æ‡•á ‡§§‡•Ç‡§´‡§º‡§æ‡§® ‡§∏‡§æ ‡§Ü ‡§ó‡§Ø‡§æ ‡§î‡§∞ ‡§∏‡§¨ ‡§ï‡•Å‡§õ ‡§¨‡§ø‡§ñ‡§∞ ‡§¨‡§ø‡§ñ‡§∞ ‡§∏‡§æ ‡§ó‡§Ø‡§æ ‡•§#How #WhyOnlyMe #depressed #tensed #‡§ï‡§ø‡§∏‡•ç‡§Æ‡§§‡§ï‡•Ä‡§Æ‡§æ‡§∞?,#depressed,,,
everyone,"{'retweet_count': 1, 'reply_count': 0, 'like_count': 3, 'quote_count': 0}",2016-05-31T12:42:32.000Z,737625309067939842,737625309067939842,Twitter for Android,2689938422,hi,Waqt bda Badnaseeb sa aaya takdeer ne toh saath chora hi chora Apno ne bhi  Gairoo ne bhi aur mohbhaat ne bhi !! üòûüòî | | #Depressed,#depressed,,,
everyone,"{'retweet_count': 1, 'reply_count': 0, 'like_count': 0, 'quote_count': 0}",2016-05-05T02:09:52.000Z,728044008107290624,728044008107290624,IFTTT,711529311845617664,hi,Poor ghost | #life #depressed #lonely #alone #sad #quotes #depressing #helping #inspire #friends #dontgiveup #sorry ... http://someurl,#depressed,,,
everyone,"{'retweet_count': 0, 'reply_count': 1, 'like_count': 0, 'quote_count': 0}",2016-04-23T11:58:40.000Z,723843530100203520,723803095138971648,Twitter for Windows,55487989,hi,@someuser socho... Mujhe ye bhi nhi pata! :( #depressed,#depressed,292840319,,"[{'type': 'replied_to', 'id': '723843145570631680'}]"
everyone,"{'retweet_count': 10, 'reply_count': 2, 'like_count': 9, 'quote_count': 0}",2016-04-04T06:42:16.000Z,716878533759381504,716307373275480064,Twitter for Android,39965262,hi,"‡§ú‡§æ‡§ï‡•á¬†‡§™‡•à‡§∞ ‡§® ‡§´‡§ü‡•Ä¬†‡§¨‡§ø‡§µ‡§æ‡§à, ‡§∏‡•ã ‡§ï‡•ç‡§Ø‡§æ ‡§ú‡§æ‡§®‡•á¬†‡§™‡•Ä‡§∞ ‡§™‡§∞‡§æ‡§à ...!!! #depressed",#depressed,39965262,,"[{'type': 'replied_to', 'id': '716536578059816962'}]"
everyone,"{'retweet_count': 0, 'reply_count': 0, 'like_count': 0, 'quote_count': 0}",2016-04-01T19:03:54.000Z,715978008822153216,715978008822153216,Mobile Web (M2),394846486,hi,#Twitter pe Shakl-o-Surat Ki binah pe tavajjo dene wale log yaha auron ko dusron k #Depressed mind status par concern ka gyan de rahe hain..,#depressed,,,
everyone,"{'retweet_count': 0, 'reply_count': 0, 'like_count': 0, 'quote_count': 0}",2016-04-01T17:49:19.000Z,715959239504691200,715959239504691200,Facebook,2510231839,hi,-  AuroOn ka dil rakhte hue |   aksar mera dil tut jaata hai | | #Depressed Ûæå∫,#depressed,,,
everyone,"{'retweet_count': 0, 'reply_count': 0, 'like_count': 4, 'quote_count': 0}",2016-03-19T17:50:21.000Z,711248456707399680,711248456707399680,Twitter for Android,709337258600632320,hi,Pakistanion se guzarish hai k chup chap sojainüòëüòë#depressed #indvspak,#depressed,,,
everyone,"{'retweet_count': 0, 'reply_count': 1, 'like_count': 0, 'quote_count': 0}",2016-03-06T03:05:51.000Z,706314822711836673,706314822711836673,Twitter for Android,2234072964,hi,Tujhase juda hokar.. mujhe dur jaana hai.. #depressed,#depressed,,,
everyone,"{'retweet_count': 0, 'reply_count': 1, 'like_count': 0, 'quote_count': 0}",2016-02-21T07:33:22.000Z,701308716688080896,701305715328053248,Twitter for iPhone,4758288714,hi,@someuser yogs ahai sad nak #depressed,#depressed,391352620,,"[{'type': 'replied_to', 'id': '701308603131559937'}]"
everyone,"{'retweet_count': 2, 'reply_count': 0, 'like_count': 3, 'quote_count': 0}",2016-01-30T17:30:42.000Z,693486506497986560,693486506497986560,Facebook,4817064854,hi,Kaisi Ye Bebasi Hai | Kaisi Ye Lachari üòêüòêüòêÛæ∞ØÛæ∞ØÛæ∞ØÛæ∞ëÛæ∞ëÛæ∞ëÛæ∞ïÛæ∞ïÛæ∞ïÛæåºÛæåºÛæåº| #Viplav #in #depressed #mood #upset #restless| @someuser http://someurl,#depressed,,,
everyone,"{'retweet_count': 0, 'reply_count': 0, 'like_count': 0, 'quote_count': 0}",2016-01-22T04:06:40.000Z,690385065235365888,690385065235365888,Mobile Web (M2),1253313217,hi,‡§¨‡•Ä‡§§‡•á ‡§∞‡§ø‡§∂‡•ç‡§§‡•á ‡§§‡§≤‡§æ‡§∂ ‡§ï‡§∞‡§§‡•Ä ‡§π‡•à ‡§ñ‡•Å‡§∂‡§¨‡•Å ‡§ó‡•Å‡§Ç‡§ö‡•á ‡§§‡§≤‡§æ‡§∂ ‡§ï‡§∞‡§§‡•Ä ‡§π‡•à ‡§è‡§ï ‡§â‡§Æ‡•ç‡§Æ‡•Ä‡§¶ ‡§¨‡§æ‡§∞ ‡§¨‡§æ‡§∞ ‡§Ü‡§ï‡§∞ ‡§Ö‡§™‡§®‡•á ‡§ü‡•Å‡§ï‡§°‡§º‡•á ‡§§‡§≤‡§æ‡§∂ ‡§ï‡§∞‡§§‡•Ä ‡§π‡•à‡•§#depressed,#depressed,,,
everyone,"{'retweet_count': 0, 'reply_count': 0, 'like_count': 0, 'quote_count': 0}",2015-12-29T16:01:06.000Z,681867545859735552,681861484360679424,Twitter Web Client,2889556818,hi,@someuser Aaj to aap logo ke Eid hogye. #Depressed,#depressed,2828135640,{'place_id': '01ded2e53f4eedb1'},"[{'type': 'replied_to', 'id': '681861484360679424'}]"
everyone,"{'retweet_count': 0, 'reply_count': 0, 'like_count': 0, 'quote_count': 0}",2015-12-12T08:07:16.000Z,675587711563075584,675587711563075584,Twitter Web Client,92730363,hi,#Admit_it| :| khbi khbi Hum dosro say #impress ho kar kHud  #depressed ho jaty hai....!!,#depressed,,{'place_id': '00cc0d5640394308'},
everyone,"{'retweet_count': 0, 'reply_count': 0, 'like_count': 0, 'quote_count': 0}",2015-11-19T05:54:16.000Z,667219318912872448,667219318912872448,Instagram,367654552,hi,#fine #sad #depressed @ Kwarbai http://someurl,#depressed,,"{'place_id': '00bc5594399c58a2', 'coordinates': {'type': 'Point', 'coordinates': [7.70875282, 11.06432846]}}",
everyone,"{'retweet_count': 0, 'reply_count': 0, 'like_count': 0, 'quote_count': 0}",2015-10-05T22:12:12.000Z,651157970076626944,651157970076626944,Twitter Web Client,39285748,hi,aur kuch isi tarah kisi roz chup-ke se hum ne bhi guzar jana hay.. #depressed #thalassemia #fellow #passed #away,#depressed,,,
everyone,"{'retweet_count': 0, 'reply_count': 0, 'like_count': 0, 'quote_count': 0}",2015-10-04T17:31:20.000Z,650724897430220800,650724897430220800,Twitter for Windows Phone,549209072,hi,‡§≤‡§ó‡§§‡§æ ‡§π‡•à ‡§Ö‡§¨ ‡§â‡§®‡§ï‡•ã ‡§π‡§Æ‡§æ‡§∞‡•Ä ‡§ï‡•ã‡§à ‡§™‡§∞‡§µ‡§æ‡§π ‡§®‡§π‡•Ä‡§Ç üòì ‡§≤‡§ó‡§§‡§æ ‡§π‡•à ‡§ú‡•à‡§∏‡•á ‡§â‡§† ‡§ö‡•Å‡§ï‡§æ ‡§π‡•à ‡§â‡§®‡§ï‡§æ ‡§µ‡§ø‡§∂‡•ç‡§µ‡§æ‡§∏ ‡§π‡§Æ‡§∏‡•á  #frustrated #depressed,#depressed,,,
everyone,"{'retweet_count': 0, 'reply_count': 0, 'like_count': 0, 'quote_count': 0}",2015-10-02T17:24:43.000Z,649998458598768640,649996461288108032,Mobile Web (M2),1669169473,hi,@someuser bhai Ap se bachon jaisi baaton ki umeed nhin hoti..... #depressed,#depressed,36140582,,"[{'type': 'replied_to', 'id': '649996461288108032'}]"
everyone,"{'retweet_count': 0, 'reply_count': 0, 'like_count': 0, 'quote_count': 0}",2015-10-02T17:23:13.000Z,649998080129892352,649998080129892352,Mobile Web (M2),1669169473,hi,@someuser Ap se bachon jaisi baaton ki umeed nhin hoti..... #depressed,#depressed,,,
everyone,"{'retweet_count': 0, 'reply_count': 0, 'like_count': 0, 'quote_count': 0}",2015-09-12T06:22:47.000Z,642584121886113792,642584121886113792,Twitter for iPhone,1596053539,hi,@someuser yeh kya baat huei aaye aaye chal diye na hi na hello :-(((((((((((( #Sad #depressed #upset #crying,#depressed,1857961322,,
everyone,"{'retweet_count': 0, 'reply_count': 0, 'like_count': 0, 'quote_count': 0}",2015-09-10T14:20:37.000Z,641979593977556992,641979593977556992,Twitter for Android,243624571,hi,‡§Ö‡§¨ ‡§®‡§æ ‡§π‡•Ä ‡§ï‡•ã‡§à ‡§ò‡§Æ‡§Ç‡§° ‡§ò‡§Æ‡§Ç‡§° ‡§π‡•à‡•§ ‡§™‡§∞ ‡§®‡§æ ‡§ú‡§æ‡§®‡•á ‡§ï‡•ç‡§Ø‡•ã‡§Ç ‡•õ‡§ø‡§®‡•ç‡§¶‡§ó‡•Ä ‡§∏‡§æ‡§≤‡•Ä ‡§è‡§ï‡§¶‡§Æ ‡§ù‡§Ç‡§° ‡§π‡•à‡•§| #depressedüò¢üò¢,#depressed,,,
everyone,"{'retweet_count': 0, 'reply_count': 0, 'like_count': 0, 'quote_count': 0}",2015-09-09T19:15:02.000Z,641691301528735744,641691301528735744,TweetDeck,148688702,hi,par dil hy ky manta nahi .....| #depressed  http://someurl,#depressed,,,"[{'type': 'quoted', 'id': '641676720580329472'}]"
everyone,"{'retweet_count': 0, 'reply_count': 0, 'like_count': 1, 'quote_count': 0}",2015-09-08T20:22:56.000Z,641345999902892034,641345999902892034,Twitter for Android,2528140190,hi,Ahmad apnay mujhy fav nahi dia aaj #depressed | @someuser http://someurl,#depressed,,,
everyone,"{'retweet_count': 0, 'reply_count': 0, 'like_count': 0, 'quote_count': 0}",2015-08-26T07:56:05.000Z,636447004919357440,636447004919357440,Twitter for Android,319665831,hi,‡§∂‡§∞‡•ç‡§Æ ‡§ï‡•Ä ‡§Ö‡§Æ‡•Ä‡§∞‡•Ä ‡§∏‡•á ‡§á‡§ú‡•ç‡§ú‡§§ ‡§ï‡•Ä ‡§ó‡§∞‡•Ä‡§¨‡•Ä ‡§Ö‡§ö‡•ç‡§õ‡•Ä ‡§π‡•à| #depressed #sad #hoping_for_best,#depressed,,,
everyone,"{'retweet_count': 0, 'reply_count': 0, 'like_count': 0, 'quote_count': 0}",2015-08-26T07:52:26.000Z,636446087318925312,636446087318925312,Twitter for Android,319665831,hi,"‡§Ö‡§¨ ‡§µ‡§´‡§æ ‡§ï‡•Ä ‡§â‡§Æ‡•ç‡§Æ‡•Ä‡§¶ ‡§≠‡•Ä ‡§ï‡§ø‡§∏ ‡§∏‡•á ‡§ï‡§∞‡•á ‡§≠‡§≤‡§æ, ‡§Æ‡§ø‡§ü‡§ü‡•Ä ‡§ï‡•á| ‡§¨‡§®‡•á ‡§≤‡•ã‡§ó ‡§ï‡§æ‡§ó‡§ú‡•ã ‡§Æ‡•á ‡§¨‡§ø‡§ï ‡§ú‡§æ‡§§‡•á ‡§π‡•à‡•§| #sadmood #depressed",#depressed,,,
everyone,"{'retweet_count': 0, 'reply_count': 0, 'like_count': 0, 'quote_count': 0}",2015-08-17T17:39:44.000Z,633332396499292160,633332396499292160,Facebook,617713447,hi,Aaj ki aurat azaadi maghrib waali aur haqooq islam k chahti hai. :P| #sigh #depressed ‚Äî reading books,#depressed,,,
everyone,"{'retweet_count': 0, 'reply_count': 0, 'like_count': 0, 'quote_count': 0}",2015-07-04T11:04:24.000Z,617287841974849536,617287841974849536,Facebook,1024350265,hi,-Sun merii jaan| -terii jaan chali jayegi| -par tu mujhe jaan na payegi| #depressed,#depressed,,,
everyone,"{'retweet_count': 0, 'reply_count': 0, 'like_count': 0, 'quote_count': 0}",2015-07-03T06:46:07.000Z,616860452614635520,616860452614635520,Mobile Web (M2),227626118,hi,"@someuser  Sir varanasi me 24 hours bijli k vaade to pahle hafte me toot gaye, aur baaki 4 saalo me pata nahi kya kya tootega #depressed",#depressed,18839785,,
everyone,"{'retweet_count': 5, 'reply_count': 0, 'like_count': 2, 'quote_count': 0}",2015-06-25T12:37:41.000Z,614049826649419776,614049826649419776,Twitter for Android,77415202,hi,#Twitter #relationships ‡§ï‡•Ä ‡§µ‡§ú‡§π ‡§∏‡•á #depressed feel ‡§ï‡§∞ ‡§∞‡§π‡•á ‡§π‡•ã| ‡§∂‡§æ‡§¶‡•Ä ‡§ï‡•á ‡§¨‡§æ‡§¶ ‡§§‡•ã ‡§∂‡§æ‡§Ø‡§¶ #Mental #Hospital ‡§π‡•Ä #shift ‡§π‡•ã ‡§ú‡§æ‡§ì‡§ó‡•á!,#depressed,,,
everyone,"{'retweet_count': 0, 'reply_count': 0, 'like_count': 0, 'quote_count': 0}",2015-05-16T19:27:29.000Z,599657439626035200,599657439626035200,Twitter for Android,339008888,hi, ‡§ú‡§¨ ‡§ü‡•Ç‡§ü‡§ï‡§∞ ‡§ö‡§æ‡§π‡•ã‡§ó‡•á ‡§Ö‡§™‡§®‡•á ‡§ñ‡•ç‡§µ‡§æ‡§¨ ‡§ï‡•ã ‡§§‡§¨ ‡§π‡•Ä; ‡§µ‡•ã ‡§∏‡§™‡§®‡•ã‡§Ç ‡§∏‡•á ‡§¨‡•á‡§π ‡§ï‡§∞ ‡§§‡•Å‡§Æ‡•ç‡§π‡§æ‡§∞‡•á ‡§π‡§æ‡§•‡•ã‡§Ç ‡§ï‡•Ä ‡§≤‡§ï‡•Ä‡§∞‡•ã‡§Ç ‡§Æ‡•á‡§Ç ‡§§‡•à‡§∞‡•á‡§ó‡§æ‡•§  #Depressed,#depressed,,,
everyone,"{'retweet_count': 0, 'reply_count': 0, 'like_count': 0, 'quote_count': 0}",2015-05-11T19:07:07.000Z,597840375114399744,597840375114399744,Twitter for Windows Phone,549209072,hi,‡§è‡§ï ‡§®‡•Ä‡§Ç‡§¶ ‡§π‡•à ‡§ú‡•ã ‡§∞‡§æ‡§§ ‡§≠‡§∞ ‡§®‡§π‡•Ä‡§Ç ‡§Ü‡§§‡•Ä ‡§î‡§∞ ‡§è‡§ï ‡§®‡§∏‡•Ä‡§¨ ‡§π‡•à ‡§ú‡•ã ‡§®‡§æ‡§ú‡§æ‡§®‡•á ‡§ï‡§¨ ‡§∏‡•á ‡§∏‡•ã ‡§∞‡§π‡§æ #depressed,#depressed,,,
everyone,"{'retweet_count': 0, 'reply_count': 0, 'like_count': 0, 'quote_count': 0}",2015-05-07T19:00:18.000Z,596389110283046914,596389110283046914,Twitter Web App,3181959883,hi,@someuser @someuser Islamiat ke tyaari set hai ???| #depressed| #anoyed,#depressed,1523032608,,
everyone,"{'retweet_count': 20, 'reply_count': 9, 'like_count': 23, 'quote_count': 0}",2015-05-04T12:43:48.000Z,595207197518266368,595207197518266368,Twitter Web Client,1617304602,hi,"‡§¨‡§ö‡§™‡§® ‡§∏‡•á ‡§∏‡•Å‡§® ‡§∞‡§π‡•Ä ‡§π‡•Ç‡§Å ‡§ï‡•Ä ‡§ï‡•ã‡§∂‡§ø‡§∂ ‡§ï‡§∞‡§®‡•á ‡§µ‡§æ‡§≤‡•ã‡§Ç ‡§ï‡•Ä ‡§π‡§æ‡§∞ ‡§®‡§π‡•Ä‡§Ç ‡§π‡•ã‡§§‡•Ä, ‡§™‡§∞ ‡§Ü‡§ú ‡§§‡§ï ‡§ú‡•Ä‡§§ ‡§§‡•ã ‡§®‡§∏‡•Ä‡§¨ ‡§®‡§π‡•Ä‡§Ç ‡§π‡•Å‡§à ‡§∏‡§ø‡§∞‡•ç‡§´ ‡§â‡§Æ‡•ç‡§Æ‡•Ä‡§¶‡•á‡§Ç ‡§π‡•Ä ‡§ï‡§æ‡§Ø‡§Æ ‡§π‡•à‡§Ç  #fact #Depressed",#depressed,,,
everyone,"{'retweet_count': 0, 'reply_count': 0, 'like_count': 0, 'quote_count': 0}",2015-04-27T15:17:15.000Z,592709096366825473,592709096366825473,Instagram,372213494,hi,"Jyo , jyo , jyo ! #dubsmashfever #tamildubsmash #loveher #cutedialogue #bored #stressed #depressed http://someurl",#depressed,,,
everyone,"{'retweet_count': 0, 'reply_count': 1, 'like_count': 1, 'quote_count': 0}",2015-04-24T12:36:23.000Z,591581448714395648,591581448714395648,Twitter for Windows Phone,2431729711,hi,- ALLAH please agar yeh match bhi hamare naseeb mein nahin tou mujhe apne paas bula lein. #Depressed,#depressed,,,
everyone,"{'retweet_count': 0, 'reply_count': 0, 'like_count': 0, 'quote_count': 0}",2015-04-21T05:28:48.000Z,590386681024421888,590386681024421888,Twitter Web Client,72613610,hi,"Raaste badal gaye toh kya hua,| Manzil badal gayi toh kya hua,| dil toh wohi dhadak raha hai ek dusre ke liye..| #DilDhadakneDo #depressed",#depressed,,,
everyone,"{'retweet_count': 1, 'reply_count': 0, 'like_count': 1, 'quote_count': 0}",2015-04-14T04:36:59.000Z,587836927472046080,587836927472046080,Twitter Web Client,3086123682,hi,‡§ü‡•ç‡§µ‡§ø‡§ü‡§∞ ‡§™‡•á #frustrated #depressed #desperate #attentionseeker ‡§™‡•ç‡§∞‡§æ‡§£‡•Ä ‡§¨‡•ú‡•Ä ‡§§‡§æ‡§¶‡§æ‡§¶ ‡§Æ‡•á‡§Ç ‡§™‡§æ‡§Ø‡•á‡§Ç ‡§ú‡§æ‡§§‡•á‡§Ç ‡§π‡•à‡§Ç!,#depressed,,,
everyone,"{'retweet_count': 0, 'reply_count': 0, 'like_count': 0, 'quote_count': 0}",2015-04-09T18:36:51.000Z,586236345577840641,586236345577840641,Twitter for iPhone,1565769618,hi,sate nyit tel chit layy yel...| vel thu ko chit layy khaw ya ma le :D| #depressed #stressed #tired | Arrrrrrrrrhhhhhhhhhh....!!!!!!,#depressed,,,
everyone,"{'retweet_count': 0, 'reply_count': 0, 'like_count': 3, 'quote_count': 0}",2015-04-04T16:03:58.000Z,584385935032229888,584385935032229888,Twitter for Android,3113529162,hi,"Kal raat I was singing, Choli ke peeche kya hai? Choli ke peeche?| Bas itni si baat pe Mummy ne khoob maara.| #Depressed",#depressed,,,
everyone,"{'retweet_count': 0, 'reply_count': 0, 'like_count': 0, 'quote_count': 0}",2015-03-29T14:51:57.000Z,582193482846081024,582193482846081024,IFTTT,2725326884,hi,#Coffee #signs #quotes #profound #london #shoreditch #depressed #espresso http://someurl - mansahi #intelmaker,#depressed,,,
everyone,"{'retweet_count': 0, 'reply_count': 0, 'like_count': 0, 'quote_count': 0}",2015-03-28T18:39:40.000Z,581888400405344256,581830604150321152,Twitter for Android,2688022608,hi,@someuser haan to aurrrrrrrrr....mera mood kharab hai phly e -_- #bitchy #depressed,#depressed,1610238438,,"[{'type': 'replied_to', 'id': '581886233179090945'}]"
everyone,"{'retweet_count': 0, 'reply_count': 0, 'like_count': 0, 'quote_count': 0}",2015-03-26T19:50:31.000Z,581181455553945600,581181455553945600,IFTTT,2725326884,hi,</3| #quotes #hindi #punjabi #chandigarh #delhi #mumbai #chennai #depressed #motivational #sikh... http://someurl - DharamKarhana,#depressed,,,
everyone,"{'retweet_count': 0, 'reply_count': 0, 'like_count': 1, 'quote_count': 0}",2015-03-22T22:22:10.000Z,579770068294324224,579770068294324224,Twitter for Android,546551284,hi,Aauuchh!!! #depresi√≥n #depressed #suicide #suicidal http://someurl,#depressed,,,
everyone,"{'retweet_count': 0, 'reply_count': 0, 'like_count': 0, 'quote_count': 0}",2015-03-21T19:58:34.000Z,579371543257464832,579371543257464832,Twitter for Android,1620176593,hi,Lagta hai aaj main shaayar ban jaaoongi.. #depressed #mixedemotions,#depressed,,"{'place_id': '639177026c069435', 'coordinates': {'type': 'Point', 'coordinates': [73.8363876, 15.471011]}}",
everyone,"{'retweet_count': 0, 'reply_count': 0, 'like_count': 0, 'quote_count': 0}",2015-03-05T18:17:17.000Z,573547849108996096,573547849108996096,Twitter for Android,1393732603,hi,Tu hai ki Mujhme sota nhi hai )| #depressed,#depressed,,,
everyone,"{'retweet_count': 0, 'reply_count': 0, 'like_count': 0, 'quote_count': 0}",2015-03-04T17:53:24.000Z,573179447748124672,573174004946583553,Twitter Web Client,2293383445,hi,@someuser @someuser Noch lo yaar...mera to kisi baahar wale kuch kehne karne ka munh nahi raha! #depressed,#depressed,247446196,,"[{'type': 'replied_to', 'id': '573179242973827072'}]"
everyone,"{'retweet_count': 0, 'reply_count': 0, 'like_count': 0, 'quote_count': 0}",2015-02-23T20:56:28.000Z,569964029453545472,569964029453545472,Twitter Web Client,2256477078,hi,Dunia bhar ki yaadein mjhse milny ati hain | sham dhaaly iss sonay ghar mai mela lagta hai | #LateNightThoughts| #Depressed| #YaMola,#depressed,,,
everyone,"{'retweet_count': 0, 'reply_count': 0, 'like_count': 0, 'quote_count': 0}",2015-02-15T11:02:31.000Z,566915455000924161,566915455000924161,Twitter for Android,2923636784,hi,Tum jeeto ya haro humain tmse pyar NAHI HAI NAHI HAI NAHI HAI | #depressed,#depressed,,,
everyone,"{'retweet_count': 0, 'reply_count': 0, 'like_count': 0, 'quote_count': 0}",2015-02-11T07:39:07.000Z,565414715665690624,565414715665690624,TweetCaster for Android,3011893218,hi,"Na himmat, Na kismat, Na dil hai, Na aankhen,| Na dhonda, Na samjha, Na paya, Na dekha,| #Depressed",#depressed,,,
everyone,"{'retweet_count': 0, 'reply_count': 0, 'like_count': 0, 'quote_count': 0}",2015-02-05T07:58:11.000Z,563245185283670017,563245185283670017,Twitter Web Client,174810724,hi,sheesh... | #depressed| http://someurl,#depressed,,,
everyone,"{'retweet_count': 0, 'reply_count': 0, 'like_count': 0, 'quote_count': 0}",2015-01-27T07:47:02.000Z,559980889812127744,559980889812127744,Twitter for Android,475658713,hi,"And this retrosternal part.| Ya yeh na diya hota, ya gam na diya hota :(| #YaAllah #depressed #sad #disoriented",#depressed,,,
everyone,"{'retweet_count': 0, 'reply_count': 0, 'like_count': 0, 'quote_count': 0}",2015-01-11T13:47:02.000Z,554273279066636288,554273279066636288,Twitter for Android,2963068666,hi,Poor Zoya.  #depressed #orphaned #young,#depressed,,,
everyone,"{'retweet_count': 0, 'reply_count': 0, 'like_count': 0, 'quote_count': 0}",2015-01-08T04:39:02.000Z,553048205827387392,552947452169318400,Twitter for Android,2228491631,hi,@someuser @someuser Raath ke 3 baje chat tha may kyu soya. Bada he dardh huwa #awakechatAtnight #greatmiss #depressed,#depressed,55520719,,"[{'type': 'replied_to', 'id': '552947452169318400'}]"
everyone,"{'retweet_count': 0, 'reply_count': 1, 'like_count': 0, 'quote_count': 0}",2014-12-26T16:28:12.000Z,548515633550196739,548513234190209024,Twitter for iPhone,192896123,hi,"jaisi karani, waisi bharni üòú ‚Äú@someuser I have been blocked by Rashtra Kavi Kumar Vishwas. #Depressed",#depressed,75581744,,"[{'type': 'replied_to', 'id': '548513234190209024'}]"
everyone,"{'retweet_count': 0, 'reply_count': 0, 'like_count': 0, 'quote_count': 0}",2014-12-23T15:21:52.000Z,547411774484774912,547411774484774912,Linkis: turn sharing into growth,22070359,hi,Poor Santa #depressed #nothavingit http://someurl,#depressed,,,
everyone,"{'retweet_count': 0, 'reply_count': 0, 'like_count': 3, 'quote_count': 0}",2014-12-18T18:11:17.000Z,545642470986366976,545642470986366976,Twitter for Android,494303222,hi,Ye kya ho rha hmary mulk mein..kuch smj ni arai..| #frustrated| #depressed| #optimist,#depressed,,,
everyone,"{'retweet_count': 0, 'reply_count': 0, 'like_count': 0, 'quote_count': 0}",2014-12-17T12:24:04.000Z,545192703353319425,545187798257389568,Twitter for Android,2494749326,hi,@someuser Allah unhai Sabr de. Ameen!  Un ki Kami koi puri to nahi kar sakta lekin Dukh to Baant saktay hai. #Depressed #DukhBaantKayGeo,#depressed,2492682566,,"[{'type': 'replied_to', 'id': '545187798257389568'}]"
everyone,"{'retweet_count': 1, 'reply_count': 0, 'like_count': 2, 'quote_count': 0}",2014-12-16T18:05:52.000Z,544916332978769922,544916332978769922,Twitter for Android,374577424,hi,Jahalat ab bhi zinda hai. #depressed #PeshawarAttack,#depressed,,,
everyone,"{'retweet_count': 0, 'reply_count': 0, 'like_count': 0, 'quote_count': 0}",2014-12-16T12:35:15.000Z,544833130817798146,544833130817798146,Twitter for Android,151397644,hi,Are yar koi bachhoko nahi marta yar #Why #PakSchoolSiege  how one can killed children #Depressed,#depressed,,,
everyone,"{'retweet_count': 0, 'reply_count': 1, 'like_count': 1, 'quote_count': 0}",2014-11-25T16:39:16.000Z,537284393912373248,537284393912373248,Twitter for Android,2168590184,hi,‡§¨‡§∏ ‡§≠‡§ó‡§µ‡§æ‡§® ‡§ï‡§æ ‡§ï‡§π‡§∞ ‡§π‡•Ä ‡§•‡§æ ‡§ú‡•ã ‡§Ü‡§ú ‡§µ‡•ã ‡§Æ‡§æ‡§≤ ‡§≤‡§°‡§º‡§ï‡•Ä ‡§â‡§∏ ‡§ú‡•à‡§∏‡•á ‡§≤‡§°‡§º‡§ï‡•á ‡§ï‡•á ‡§∏‡§æ‡§• ‡§•‡•Ä | #depressed,#depressed,,,
everyone,"{'retweet_count': 0, 'reply_count': 0, 'like_count': 0, 'quote_count': 0}",2014-11-25T15:46:14.000Z,537271046810787840,537271046810787840,Twitter for Windows Phone,762177620,hi,Aaj ka poora din barbaad krwa dia ek londe ne .. Bc padh bhi nai paya >_< #Depressed,#depressed,,,
everyone,"{'retweet_count': 0, 'reply_count': 1, 'like_count': 1, 'quote_count': 0}",2014-11-23T16:31:00.000Z,536557537735110656,536490548186476544,Twitter Web Client,327919466,hi,@someuser @someuser @someuser @someuser koyi bata sakte ho ki iss pain ko kese vula dia jaaye....?#depressed #crying ...,#depressed,2254676779,,"[{'type': 'replied_to', 'id': '536555844515540993'}]"
everyone,"{'retweet_count': 1, 'reply_count': 0, 'like_count': 1, 'quote_count': 0}",2014-11-20T04:57:36.000Z,535295876650897408,535295876650897408,Twitter for Android,141892882,hi,Oh god koi kisi ko itna hate kaise kar sakta hain......wo bhi ek stupid show ke liye........such a morons.....#depressed,#depressed,,,
everyone,"{'retweet_count': 0, 'reply_count': 0, 'like_count': 0, 'quote_count': 0}",2014-11-13T17:24:45.000Z,532947186296684544,532947186296684544,Twitter for Android,291597286,hi,muskuraye tou...muskuraane k karz utaarne honge...  #Missingmyhome #sad #depressed,#depressed,,,
everyone,"{'retweet_count': 0, 'reply_count': 0, 'like_count': 0, 'quote_count': 0}",2014-11-05T02:34:41.000Z,529824092288188417,529824092288188417,Facebook,1629978188,hi,"Ab Wahan Yaadon Ka Bikhra Huwa Malba Hi To Hai, Jis Jagah Ishq Ne Buniyad-e-Makaan Rakhi Thi...!| #hustler| feeling fully #depressed ;(",#depressed,,,
everyone,"{'retweet_count': 0, 'reply_count': 0, 'like_count': 0, 'quote_count': 0}",2014-10-21T08:00:11.000Z,524470187941036033,524470187941036033,Twitter Web Client,277928194,hi,Khudse ha ya khuda se is pal meri larae #songs #depressed,#depressed,,,
everyone,"{'retweet_count': 0, 'reply_count': 0, 'like_count': 0, 'quote_count': 0}",2014-10-18T14:09:50.000Z,523476047530979329,523476047530979329,Twitter for Android,2621422776,hi,Shravan :( #depressed @someuser,#depressed,,,
everyone,"{'retweet_count': 0, 'reply_count': 0, 'like_count': 0, 'quote_count': 0}",2014-10-16T17:52:37.000Z,522807339880316928,522807339880316928,Facebook,2834760128,hi,"- Aksar Zyada Bolne Wale Log #Life Me #Akele Reh Jate hai| #True :) ^_^   | .| | #Depressed? Earphones In ,, Volume... http://someurl",#depressed,,,
everyone,"{'retweet_count': 0, 'reply_count': 0, 'like_count': 0, 'quote_count': 0}",2014-10-15T15:55:47.000Z,522415549070848000,522415549070848000,Twitter Web Client,2248594184,hi,"Mjhee chorr do mere haal pe, Zinda hun Kaafi hai :(| #Iambad #LeavemeAlone #Depressed #Iamnotrunningaway #IamLoyal #OkayYouStayBlessed",#depressed,,,
everyone,"{'retweet_count': 0, 'reply_count': 0, 'like_count': 0, 'quote_count': 0}",2014-10-11T06:27:18.000Z,520822934748028928,520822934748028928,Twitter for Android,19033496,hi,Aaa kahi duur chalien jaien hum...  #Depressed,#depressed,,,
everyone,"{'retweet_count': 0, 'reply_count': 0, 'like_count': 2, 'quote_count': 0}",2014-08-26T13:57:49.000Z,504266468385497088,504266468385497088,Twitter for iPhone,153515193,hi,"Aye maa, tera Rona muje ganvara nai krta. #Depressed",#depressed,,,
everyone,"{'retweet_count': 0, 'reply_count': 1, 'like_count': 0, 'quote_count': 0}",2014-08-21T05:11:50.000Z,502322160182894592,502320056785969152,Twitter for Windows Phone,456600731,hi,@someuser sr se keh do Ki kabhi hamari shayri par bhi gaur farmaye.. They alwys avoid feeling #Depressed @someuser :((,#depressed,973079670,,"[{'type': 'replied_to', 'id': '502320056785969152'}]"
everyone,"{'retweet_count': 0, 'reply_count': 0, 'like_count': 1, 'quote_count': 0}",2014-08-19T18:14:10.000Z,501794263823175680,501794263823175680,Twitter for Android,384998909,hi,Is mulk ki taraki ya dakh hee naheen sakta . #PapaSaying #depressed,#depressed,,,
everyone,"{'retweet_count': 0, 'reply_count': 1, 'like_count': 4, 'quote_count': 0}",2014-08-10T13:19:49.000Z,498458699774443521,498458699774443521,Twitter for Android,709036289,hi,Aur mera bhai #gullubutt se impress ho gya he üò£| #Depressed,#depressed,,,
everyone,"{'retweet_count': 0, 'reply_count': 0, 'like_count': 0, 'quote_count': 0}",2014-08-06T00:02:41.000Z,496808540619542529,496808540619542529,Twitter for  Android,1223843034,hi,Log itne goray kaise hote hain? :-/| #JustThinking #Depressed,#depressed,,,
everyone,"{'retweet_count': 0, 'reply_count': 0, 'like_count': 0, 'quote_count': 0}",2014-07-24T00:44:19.000Z,492107977680519169,492107977680519169,Twitter Web Client,472004116,hi,#FaCts Kya Aap Jaantey Hein? #funny logg aksar zyadatar #depressed hotay hein. #Urdu #Amazing #GK #INFO #FACT #TW #PG #FB #RT #RETWEET #pk,#depressed,,,
everyone,"{'retweet_count': 0, 'reply_count': 0, 'like_count': 0, 'quote_count': 0}",2014-07-13T22:32:28.000Z,488450917273202688,488450917273202688,Twitter Web Client,2245932367,hi,Jo Jo aaj messi k against kuch bolain gae sunlain gae mujhse kuch. #High #depressed,#depressed,,,
everyone,"{'retweet_count': 0, 'reply_count': 0, 'like_count': 0, 'quote_count': 0}",2014-07-13T14:04:08.000Z,488322990346469376,488322990346469376,Twitter for Windows Phone,232627000,hi,Bhik mangne wale baccho ko 10rs denese log kya bhikari ho jate h kya??unki situation dekhke keh bhi kaise sakte ho aage jao? #depressed,#depressed,,,
everyone,"{'retweet_count': 0, 'reply_count': 0, 'like_count': 0, 'quote_count': 0}",2014-07-11T05:03:59.000Z,487462282448756736,487462282448756736,Twitter for Android,152865941,hi,"Ktnaa naadan hai ye dil,| Kaise samjhaau ise....| Jise ye khona nhi chahta...| wo iska hona nhi chahta...| #depressed",#depressed,,,
everyone,"{'retweet_count': 0, 'reply_count': 0, 'like_count': 0, 'quote_count': 0}",2014-07-06T22:14:58.000Z,485909797733400576,485909797733400576,Twitter for Android,68653024,hi,Kia har kam.karnay say pehlay dil ki ijazat lazmi hay kabhi damag ki b sun leni chaye #depressed,#depressed,,,
everyone,"{'retweet_count': 0, 'reply_count': 0, 'like_count': 0, 'quote_count': 0}",2014-06-27T16:29:50.000Z,482561451739979776,482561451739979776,Twitter for Windows Phone,1556222204,hi,"Feeling #Depressed :( dil kar raha hai saari dunya ko jala k raakh Kr dun,... :/",#depressed,,,
everyone,"{'retweet_count': 0, 'reply_count': 1, 'like_count': 0, 'quote_count': 0}",2014-06-24T10:09:38.000Z,481378610365100032,481378610365100032,Twitter Web Client,383722372,hi,German Desh dekhi sarai ris uthayo.. Afulai chahiyako documents sabai uni harukai vasama.. #depressed,#depressed,,,
everyone,"{'retweet_count': 0, 'reply_count': 0, 'like_count': 0, 'quote_count': 0}",2014-06-04T03:17:17.000Z,474027080837902336,474027080837902336,Mobile Web (M2),1649272934,hi,Funny logg aksar zyadatar #depressed| hotay hein.| #Hainnn,#depressed,,,
everyone,"{'retweet_count': 0, 'reply_count': 0, 'like_count': 0, 'quote_count': 0}",2014-06-02T06:42:01.000Z,473353828507467776,473353828507467776,Twitter Web Client,98634085,hi,‡§´‡§∞‡•á‡§¨ ‡§ï‡•á ‡§ù‡§æ‡§≤ ‡§Æ‡•á‡§Å ‡§â‡§≤‡§ù‡•Ä ‡§π‡•à ‡§¶‡•Å‡§®‡§ø‡§Ø‡§æ‡§Ç ‡§á‡§§‡§®‡•Ä .... ‡§ï‡§ø ‡§Ø‡§ï‡•Ä‡§® ‡§∂‡§¨‡•ç‡§¶ ‡§∏‡•á ‡§π‡•Ä ‡§Ø‡§ï‡•Ä‡§® ‡§â‡§† ‡§∏‡§æ ‡§ó‡§Ø‡§æ ‡•§ #depressed,#depressed,,,
everyone,"{'retweet_count': 0, 'reply_count': 0, 'like_count': 0, 'quote_count': 0}",2014-05-31T06:13:06.000Z,472621774681952256,472621774681952256,Mobile Web (M2),183643161,hi,do pal ki jane kun ha zindagi...! #Fact #Depressed,#depressed,,,
everyone,"{'retweet_count': 0, 'reply_count': 0, 'like_count': 0, 'quote_count': 0}",2014-05-29T08:40:01.000Z,471933971027079168,471920604229029888,Twitter for iPhone,143835374,hi,@someuser @someuser sharm aati hai is mahaan desh k mahaan logo ki mahanta dekh kar!! #depressed,#depressed,15199808,,"[{'type': 'replied_to', 'id': '471920604229029888'}]"
everyone,"{'retweet_count': 0, 'reply_count': 0, 'like_count': 0, 'quote_count': 0}",2014-05-27T18:51:08.000Z,471362988381716480,471362988381716480,Twitter for Android,536302451,hi,"Tum thay to zinda thay, jaatay hoe jaan bhi le gae #depressed",#depressed,,"{'place_id': '64a07f675a8a699a', 'coordinates': {'type': 'Point', 'coordinates': [74.3288209, 31.4969055]}}",
everyone,"{'retweet_count': 0, 'reply_count': 0, 'like_count': 0, 'quote_count': 0}",2014-05-20T04:04:47.000Z,468603214758043649,468603214758043649,Twitter for iPhone,2263550550,hi,‡§è ‡§ú‡§ø‡§Ç‡§¶‡§ó‡•Ä ‡§¶‡•Ç‡§∞ ‡§π‡•ã ‡§ú‡§æ‡§®‡•á ‡§ï‡•Ä ‡§§‡§≤‡§¨ ‡§π‡•à ‡§§‡•ã ‡§∂‡•å‡§ï ‡§∏‡•á ‡§ú‡§æ..!| | ‡§¨‡§∏ ‡§Ø‡§æ‡§¶ ‡§∞‡§π‡•á ‡§ï‡•Ä ‡§Æ‡•Å‡§°‡§º ‡§ï‡§∞ ‡§¶‡•á‡§ñ‡§®‡•á ‡§ï‡•Ä ‡§Ü‡§¶‡§§ ‡§á‡§ß‡§∞ ‡§≠‡•Ä ‡§®‡§π‡•Ä...!!| #SomethingDifferent #shayri #depressed,#depressed,,,
everyone,"{'retweet_count': 0, 'reply_count': 0, 'like_count': 0, 'quote_count': 0}",2014-05-05T21:04:19.000Z,463423971401416704,463423971401416704,TweetDeck,134399820,hi,"Jane kub houn gay kum, Liverpool fans ke ghum #Depressed",#depressed,,,
everyone,"{'retweet_count': 1, 'reply_count': 3, 'like_count': 0, 'quote_count': 0}",2014-05-05T17:20:45.000Z,463367709229875200,463367709229875200,Twitter for  Android,1357301041,hi,Kal paper hai :| #depressed,#depressed,,,
everyone,"{'retweet_count': 0, 'reply_count': 0, 'like_count': 0, 'quote_count': 0}",2014-05-05T10:06:50.000Z,463258510365822976,463258510365822976,Instagram,25574379,hi,jheneaiko champagnepapi @someuser #ovoxo #niggasbelike #bitchesbelike #depressed http://someurl,#depressed,,,
everyone,"{'retweet_count': 0, 'reply_count': 0, 'like_count': 0, 'quote_count': 0}",2014-04-27T10:49:24.000Z,460370119714033664,459773383551352832,Twitter Web Client,537349915,hi,@someuser #depressed big b sir dilli b haar gyi thi usi din chill maro waise b ..har kr jitne wale ko bazigar kehte hai @someuser dialogue,#depressed,145125358,,"[{'type': 'replied_to', 'id': '459773383551352832'}]"
everyone,"{'retweet_count': 0, 'reply_count': 0, 'like_count': 0, 'quote_count': 0}",2014-04-25T08:49:12.000Z,459615096700801024,459615096700801024,Twitter for Windows Phone,153429581,hi,"Azhagana neram, adhai needhan koduthai..Azhiyadha sogam, adhaiyum needhan koduthai..#love #depressed",#depressed,,,
everyone,"{'retweet_count': 0, 'reply_count': 0, 'like_count': 1, 'quote_count': 0}",2014-04-25T07:19:12.000Z,459592444477046784,459592444477046784,Twitter Web Client,2325257778,hi,1 month  hogya hai per ye baarish abhi bhi nh ruki ... kyun ?  #depressed,#depressed,,,
everyone,"{'retweet_count': 0, 'reply_count': 1, 'like_count': 0, 'quote_count': 0}",2014-04-23T03:46:53.000Z,458814240271663104,458814240271663104,Mobile Web (M2),110389013,hi,Uncle!!.. ab yahi sunna baaki rah gaya tha iss khelne koodne ki umr me! #Depressed,#depressed,,,
everyone,"{'retweet_count': 0, 'reply_count': 0, 'like_count': 1, 'quote_count': 0}",2014-04-18T18:15:28.000Z,457220885510778880,457220885510778880,Twitter for Android,75532959,hi,@someuser @someuser @someuser | | Ab Rajdeep ki baari hai..| | #Depressed,#depressed,,,
everyone,"{'retweet_count': 0, 'reply_count': 0, 'like_count': 1, 'quote_count': 0}",2014-04-18T18:11:26.000Z,457219870761816064,457217972302381056,Twitter Web Client,2381098495,hi,@someuser @someuser | | Ab Rajdeep ki baari hai..| | #Depressed,#depressed,75532959,,"[{'type': 'replied_to', 'id': '457217972302381056'}]"
everyone,"{'retweet_count': 0, 'reply_count': 0, 'like_count': 0, 'quote_count': 0}",2014-04-16T20:02:48.000Z,456523120417832960,456523120417832960,Twitter for Android,109398715,hi,Kal strike nahin hai #Depressed,#depressed,,,
everyone,"{'retweet_count': 1, 'reply_count': 1, 'like_count': 0, 'quote_count': 0}",2014-04-11T11:39:05.000Z,454584419110510592,454584419110510592,Twitter for Android,27887900,hi,#FF ______>@someuser #FF waala day.:P .And subah se mujhe kisine ek #FF tak nahi diya..:(| #Sadlife #depressed :( :P,#depressed,,,
everyone,"{'retweet_count': 1, 'reply_count': 2, 'like_count': 0, 'quote_count': 0}",2014-04-11T10:29:00.000Z,454566779491078144,454566779491078144,Twitter Web Client,1344513373,hi,#FF waala day.:P .And subah se mujhe kisine ek #FF tak nahi diya..:(| #Sadlife #depressed :( :P,#depressed,,,
everyone,"{'retweet_count': 0, 'reply_count': 0, 'like_count': 1, 'quote_count': 0}",2014-04-06T21:23:29.000Z,452919546924380160,452919546924380160,iOS,762177620,hi,Zindagi ke Lawde Lage Huye Hain Bhenchod -_- #Dead #Depressed #Tensed >_<,#depressed,,,
everyone,"{'retweet_count': 1, 'reply_count': 0, 'like_count': 0, 'quote_count': 0}",2014-03-25T23:49:52.000Z,448607729285087232,448607729285087232,Tumblr,41051986,hi,Photo: C H A I | üçµ #tea #chaitea #relax #sick #nobueno #notfeelingit #yumm #drink #depressed #instahub... http://someurl,#depressed,,,
everyone,"{'retweet_count': 0, 'reply_count': 0, 'like_count': 0, 'quote_count': 0}",2014-03-25T23:47:31.000Z,448607138701533184,448607138701533184,Facebook,128340672,hi,Kr le jitna kr sakta hai tu bewafaai hum se..| ...| Roz e mehshar dunya mei hi manaein ge ik din!!| #DEPRESSED,#depressed,,,
everyone,"{'retweet_count': 0, 'reply_count': 0, 'like_count': 1, 'quote_count': 0}",2014-03-11T20:01:51.000Z,443476916788793344,443476916788793344,Twitter for iPad,786435888,hi,Kabhi kisi ko dukh na do | Kyu kal wo dukh jab | Wohi shkas tumai | Wohi dukh daiga | Tou dard zaida hoga #depressed,#depressed,,,
everyone,"{'retweet_count': 0, 'reply_count': 2, 'like_count': 0, 'quote_count': 0}",2014-03-10T15:59:10.000Z,443053455993618432,443052123337404416,Twitter Web Client,1490748427,hi,@someuser tere frnd hain tujhe meri jarurat nahi..!!abhi jo chahiye tha wo bhi hain!!!#sad..#depressed,#depressed,542047482,,"[{'type': 'replied_to', 'id': '443053035401396224'}]"
everyone,"{'retweet_count': 0, 'reply_count': 0, 'like_count': 0, 'quote_count': 0}",2014-03-08T15:52:41.000Z,442327051446788096,442327051446788096,Twitter for iPhone,541254234,hi,Aaah pak lost #depressed üò≠üò≠üò≠ | Pak-tum jeeto ya haaro humme tumse pyaar hai üíöüíöüíöüíö #GreenShirts,#depressed,,,
everyone,"{'retweet_count': 0, 'reply_count': 0, 'like_count': 0, 'quote_count': 0}",2014-02-01T21:36:49.000Z,429730078885310464,429730078885310464,Twitter for iPhone,112490022,hi,Jin Pa Hota Ha Dil Ko Bharosa Tabish Waqt Parne Pa Wohe Log Daga Dete Ha #Depressed,#depressed,,,
everyone,"{'retweet_count': 0, 'reply_count': 0, 'like_count': 0, 'quote_count': 0}",2014-01-29T17:37:35.000Z,428582711796580352,428582711796580352,Facebook,496232716,hi,montU kibA bhaL loganaI | .| .| .| korbaT furibO jabO moN goisE duR asiN thaiT| .| .| nirobE okolE diN ratI paaR koribO moN goisE| .| #depresseD :(,#depressed,,,
everyone,"{'retweet_count': 0, 'reply_count': 1, 'like_count': 1, 'quote_count': 0}",2014-01-25T21:31:53.000Z,427192120664141824,427177574016757760,Twitter for iPhone,470521878,hi,"‚Äú@someuser Krabi, Thailand http://someurl @someuser #depressed üíõ",#depressed,981234032,,"[{'type': 'replied_to', 'id': '427177574016757760'}]"
everyone,"{'retweet_count': 0, 'reply_count': 1, 'like_count': 0, 'quote_count': 0}",2014-01-25T12:19:44.000Z,427053167600500736,427053167600500736,Twitter for BlackBerry¬Æ,998913914,hi,Anaa we Dinaa #depressed ‚òπ @someuser,#depressed,,,
everyone,"{'retweet_count': 0, 'reply_count': 0, 'like_count': 0, 'quote_count': 0}",2014-01-20T16:09:55.000Z,425299159596695552,425299159596695552,Instagram,297439814,hi,Chillin with Israa elgayar #best #friend #depressed #handasa http://someurl,#depressed,,,
everyone,"{'retweet_count': 2, 'reply_count': 1, 'like_count': 6, 'quote_count': 0}",2014-01-14T08:39:01.000Z,423011356212617216,423011356212617216,Twitter for Android,2219496410,hi,Jaaney wo kese log they jinko Fawad se milna milaa:(| Humne to jabh mulaqat mangi to tasaweer ka saath mila:(| #deeply #depressed,#depressed,,,
everyone,"{'retweet_count': 0, 'reply_count': 0, 'like_count': 0, 'quote_count': 0}",2014-01-03T16:38:31.000Z,419145759645122560,419145759645122560,Twitter Web Client,197798249,hi,Ae khuda chun chun k takleef na de..| ya toh khushi baksh de..| ya bin tadpaaye apne paas bula le.. #depressed,#depressed,,,
everyone,"{'retweet_count': 4, 'reply_count': 0, 'like_count': 2, 'quote_count': 0}",2013-12-24T12:46:31.000Z,415463499871961088,415463499871961088,Twitter Web Client,214164996,hi,"Shia ban kai bhi dekh lia, Sunni ban kai bhi dekh lia.. Ab Umati ban kai bhi dekh lo. #feeling #depressed",#depressed,,,
everyone,"{'retweet_count': 0, 'reply_count': 0, 'like_count': 0, 'quote_count': 0}",2013-12-23T15:19:14.000Z,415139543663529984,415139543663529984,Twitter for iPhone,1140889399,hi,Watartile a3sabe kif bade khales kil shi ya allahhhhhhhhhhhh #depressed,#depressed,,"{'coordinates': {'type': 'Point', 'coordinates': [35.33631959, 33.2428032]}}",
everyone,"{'retweet_count': 0, 'reply_count': 0, 'like_count': 0, 'quote_count': 0}",2013-12-23T09:08:06.000Z,415046141755936770,415046141755936770,Twitter Web Client,292888301,hi,OH NO: ‡§∞‡§ø‡§ü‡§æ‡§Ø‡§∞‡§Æ‡•á‡§Ç‡§ü ‡§ï‡•á ‡§¨‡§æ‡§¶ ‡§°‡§ø‡§™‡•ç‡§∞‡•á‡§∂‡§® ‡§ï‡§æ ‡§∂‡§ø‡§ï‡§æ‡§∞ ‡§π‡•ã ‡§ú‡§æ‡§§‡•á ‡§π‡•à‡§Ç ‡§ï‡•ç‡§∞‡§ø‡§ï‡•á‡§ü‡§∞ http://someurl #Cricket #News #depressed,#depressed,,,
everyone,"{'retweet_count': 0, 'reply_count': 0, 'like_count': 0, 'quote_count': 0}",2013-12-14T02:56:34.000Z,411691152417374208,411691152417374208,Twitter Web Client,259066597,hi,Aaron Samuels is gay!?!  #isthisoldnews #ijustfoundout #depressed,#depressed,,,
everyone,"{'retweet_count': 0, 'reply_count': 0, 'like_count': 0, 'quote_count': 0}",2013-12-09T17:00:39.000Z,410091634517221376,410091634517221376,Facebook,1368754777,hi,"Laag ja gale...k phir ye haseen mulakat ho na ho,| shayeed phir uss janam pe mulakat hooo na hooooo.| #depressed",#depressed,,,
everyone,"{'retweet_count': 0, 'reply_count': 0, 'like_count': 0, 'quote_count': 0}",2013-12-01T04:47:44.000Z,407008086881079296,407008086881079296,Twitter Web Client,1386902198,hi,Funny logg aksar zyadatar #depressed hotay hein.,#depressed,,,
everyone,"{'retweet_count': 0, 'reply_count': 0, 'like_count': 0, 'quote_count': 0}",2013-12-01T03:24:47.000Z,406987212031422465,406987212031422465,Twitter SMS,472004116,hi,#FaCts| Kya Aap Jaantey Hein?| #funny logg aksar zyadatar #depressed hotay hein. #Urdu #Amazing #GK #INFO #FACT #TW #PG #FB #RT #RETWEET #pk,#depressed,,,
everyone,"{'retweet_count': 0, 'reply_count': 0, 'like_count': 0, 'quote_count': 0}",2013-11-14T17:11:20.000Z,401034625553690624,401034625553690624,Twitter Web Client,602487546,hi,hum tumhe bhula de aisa ho nahi sakta...aur tum hume bhool jao aisa hum hone nahi dain ge #lonely #depressed #BrokenDevil,#depressed,,,
everyone,"{'retweet_count': 0, 'reply_count': 1, 'like_count': 0, 'quote_count': 0}",2013-11-10T04:28:40.000Z,399393141867831298,399380274141999104,Twitter for iPhone,258930482,hi,@someuser par mere paas mobile net nahi hai. Mai Ghar jaane kab aajungi. Aisa kyun hota hai #depressed,#depressed,45315198,,"[{'type': 'replied_to', 'id': '399391548519235584'}]"
everyone,"{'retweet_count': 0, 'reply_count': 0, 'like_count': 0, 'quote_count': 0}",2013-11-07T06:22:15.000Z,398334563761410048,398334563761410048,Twitter for Nokia S40,518352609,hi,Agar Insan Ka Dil Gandu Ho Toh Usse Mout Bhi Nahi Aati.... | #TheRealFact #Depressed,#depressed,,,
everyone,"{'retweet_count': 0, 'reply_count': 1, 'like_count': 1, 'quote_count': 0}",2013-11-06T10:40:26.000Z,398037151759101953,398036888801386496,Twitter Web Client,553000539,hi,@someuser Ewwwww Yeaakhhhhhh Sachi .. #Depressed Logon ki nishani Huh !!,#depressed,1479327818,,"[{'type': 'replied_to', 'id': '398036888801386496'}]"
everyone,"{'retweet_count': 0, 'reply_count': 0, 'like_count': 0, 'quote_count': 0}",2013-11-01T09:52:46.000Z,396213216461996032,396213216461996032,Twitter for BlackBerry¬Æ,464210764,hi,"7aram walahi dah 3azaab, el wa7ed 3ayesh yet3azeb #5araa #depressed",#depressed,,,
everyone,"{'retweet_count': 0, 'reply_count': 0, 'like_count': 0, 'quote_count': 0}",2013-10-26T03:45:14.000Z,393946394492678144,393946394492678144,Hootsuite,28511469,hi,Malnash naseeb el 7az ya5od balo menna shewaya #Depressed,#depressed,,,
everyone,"{'retweet_count': 0, 'reply_count': 0, 'like_count': 0, 'quote_count': 0}",2013-10-25T18:46:08.000Z,393810724461350912,393810724461350912,Twitter Web Client,1701197743,hi,aaj sochaa to aansoo bhar aaye muddat ho gayee muskuraye  #alone #depressed @someuser @someuser @someuser,#depressed,,,
everyone,"{'retweet_count': 0, 'reply_count': 0, 'like_count': 0, 'quote_count': 0}",2013-10-06T00:22:08.000Z,386647524712251392,386647524712251392,Twitter for Android,587663924,hi,Jis bat ka dar tha wahi hogaya..#depressed..,#depressed,,,
everyone,"{'retweet_count': 0, 'reply_count': 0, 'like_count': 0, 'quote_count': 0}",2013-10-03T16:51:54.000Z,385809446112210944,385809446112210944,Twitter Web Client,278065834,hi,Unna yen di paathen :( :/ !! #Depressed,#depressed,,,
everyone,"{'retweet_count': 0, 'reply_count': 0, 'like_count': 0, 'quote_count': 0}",2013-09-27T23:32:55.000Z,383736038025216000,383736038025216000,Twitter for iPhone,131751295,hi,Vayasu perige kodhi manchi thanam chachipothadha? üòíüòû #depressed,#depressed,,,
everyone,"{'retweet_count': 0, 'reply_count': 0, 'like_count': 0, 'quote_count': 0}",2013-09-20T15:15:08.000Z,381074051831037953,381074051831037953,Twitter SMS,472004116,hi,#FaCts| Woh shakh jo apney #app ko #relationship me na khush samajhta h zyada #depressed hota eik #single tanha admi sey b zyada. #URDU #rw,#depressed,,,
everyone,"{'retweet_count': 0, 'reply_count': 0, 'like_count': 0, 'quote_count': 0}",2013-09-17T18:11:37.000Z,380031300339761152,380031300339761152,Twitter for iPhone,59204872,hi,Ho kya raha hai? #Depressed,#depressed,,,
everyone,"{'retweet_count': 0, 'reply_count': 0, 'like_count': 0, 'quote_count': 0}",2013-09-17T05:01:59.000Z,379832584504479744,379832584504479744,Twitter Web Client,118022859,hi,Kyun khoye khoye chaand ki firak mein talaash mein udhas hai dil !! #depressed !,#depressed,,,
everyone,"{'retweet_count': 0, 'reply_count': 0, 'like_count': 0, 'quote_count': 0}",2013-09-14T01:09:26.000Z,378686896035352576,378686896035352576,Write Longer,302934593,hi,#depressed RT @someuser #frustrated MauLeeDee: #stressed,#depressed,,,
everyone,"{'retweet_count': 0, 'reply_count': 0, 'like_count': 0, 'quote_count': 0}",2013-09-13T09:10:49.000Z,378445652763893760,378445652763893760,Mobile Web (M2),113892535,hi,Har kisiko nahi milta yaha pyar zindagi main  !! #depressed,#depressed,,,
everyone,"{'retweet_count': 0, 'reply_count': 1, 'like_count': 0, 'quote_count': 0}",2013-09-11T13:58:41.000Z,377793321961533440,377764695588876288,Twitter for Android,1435609909,hi,@someuser ab toh tu yahi bolegi tujhe jo mil gayi :p #depressed  @someuser,#depressed,816832802,,"[{'type': 'replied_to', 'id': '377792930393505792'}]"
everyone,"{'retweet_count': 0, 'reply_count': 0, 'like_count': 0, 'quote_count': 0}",2013-09-10T21:32:06.000Z,377545037468672000,377545037468672000, Tweedle,35487611,hi,Ajeeb #depressed jaga hai yeh. Real life manhoosiat kam hai ke abhi online bhi beth kar ansu bahaen...,#depressed,,,
everyone,"{'retweet_count': 1, 'reply_count': 0, 'like_count': 0, 'quote_count': 0}",2013-09-09T17:18:30.000Z,377118831980077056,377118831980077056,Twitter for iPhone,428813200,hi,"Idhar to insaf nahi milna,perh Roze Hashr mai Shahrukh ke yahi haath Gawahi dainge #Gutted #Depressed #SorryShahzeb #JusticeforShahzeb",#depressed,,,
everyone,"{'retweet_count': 0, 'reply_count': 0, 'like_count': 0, 'quote_count': 0}",2013-09-03T15:43:21.000Z,374920559555272704,374920559555272704,Mobile Web (M2),77723429,hi,‡§ï‡§ø‡§∏ ‡§§‡§∞‡§π ‡§ú‡•Ä‡§§‡•á ‡§π‡•à‡§Ç ‡§Ø‡•á ‡§≤‡•ã‡§ó ‡§¨‡§§‡§æ ‡§¶‡•ã ‡§Ø‡§æ‡§∞‡•ã‡§Ç| ‡§π‡§Æ‡§ï‡•ã ‡§≠‡•Ä ‡§ú‡•Ä‡§®‡•á ‡§ï‡§æ ‡§Ö‡§Ç‡§¶‡§æ‡•õ ‡§∏‡§ø‡§ñ‡§æ ‡§¶‡•ã ‡§Ø‡§æ‡§∞‡•ã‡§Ç....!!#depressed,#depressed,,,
everyone,"{'retweet_count': 0, 'reply_count': 0, 'like_count': 0, 'quote_count': 0}",2013-09-02T10:43:50.000Z,374482795248517121,374482795248517121,Mobile Web (M2),1144833223,hi,Yaad aatey hai beetey zamaaney ...jab tum aaye the  humko manaaney #depressed,#depressed,,,
everyone,"{'retweet_count': 0, 'reply_count': 0, 'like_count': 0, 'quote_count': 0}",2013-08-30T07:34:59.000Z,373348103895527424,373348103895527424,Twitter SMS,125669695,hi,#PrayInFaith: #Sad? Pray.| #Overthinking? Pray.| #Givingup? Pray.| #Hurting? Pray.| #Depressed? Pray.| #Struggling? Pray.| #Worried? Pray.| #Br ...,#depressed,,,
everyone,"{'retweet_count': 0, 'reply_count': 0, 'like_count': 0, 'quote_count': 0}",2013-08-28T11:18:21.000Z,372679541388750848,372679541388750848,Twitter for iPad,1008573230,hi,Dawatein kha kha ke moti hogyi #depressed.,#depressed,,,
everyone,"{'retweet_count': 0, 'reply_count': 1, 'like_count': 0, 'quote_count': 0}",2013-08-28T10:02:45.000Z,372660515061137408,372652810950959104,Twitter for iPad,216018253,hi,‚Äú@someuser #depressed‚Äù ko dhara chiii chanetsa,#depressed,496755653,,"[{'type': 'replied_to', 'id': '372652810950959104'}]"
everyone,"{'retweet_count': 0, 'reply_count': 0, 'like_count': 0, 'quote_count': 0}",2013-08-19T15:35:08.000Z,369482670968803329,369482670968803329,Twitter for iPhone,991758506,hi,Maine pichle saat dinon mein yeh sab haii khoyaa  #Depressed,#depressed,,,
everyone,"{'retweet_count': 0, 'reply_count': 1, 'like_count': 0, 'quote_count': 0}",2013-08-09T09:19:59.000Z,365764382606626817,365764117883125760,Twitter for Android,139177206,hi,@someuser bhai koi achhi khabar bhi day do please! #Depressed #Pakistan #Turmoil,#depressed,58573593,,"[{'type': 'replied_to', 'id': '365764117883125760'}]"
everyone,"{'retweet_count': 0, 'reply_count': 2, 'like_count': 0, 'quote_count': 0}",2013-08-08T14:35:59.000Z,365481522314215425,365473721944780800,Twitter Web Client,285470139,hi,@someuser aruu...tujhe kya lagta hai kuch hoga mera...:-((..#Depressed,#depressed,953115217,,"[{'type': 'replied_to', 'id': '365480216308621314'}]"
everyone,"{'retweet_count': 0, 'reply_count': 1, 'like_count': 0, 'quote_count': 0}",2013-08-08T14:16:11.000Z,365476538528960512,365473721944780800,Twitter Web Client,285470139,hi,@someuser pata nahi kya hoga...#Depressed,#depressed,953115217,,"[{'type': 'replied_to', 'id': '365476118221950976'}]"
everyone,"{'retweet_count': 0, 'reply_count': 0, 'like_count': 0, 'quote_count': 0}",2013-08-06T18:23:24.000Z,364813975835246593,364813975835246593,Facebook,359284036,hi,Kaash tum meri mout hoti toh kabhi na kabhi toh mil hi jati...| #depressed #feeling #bad,#depressed,,,
everyone,"{'retweet_count': 0, 'reply_count': 1, 'like_count': 0, 'quote_count': 0}",2013-08-01T17:03:19.000Z,362981883547615232,362890963326222336,Twitter Web Client,134867509,hi,"@someuser Confused. waqt lagega irrada, spasht hone ke liye. #Depressed",#depressed,171922609,,"[{'type': 'replied_to', 'id': '362980851140665344'}]"
everyone,"{'retweet_count': 4, 'reply_count': 1, 'like_count': 2, 'quote_count': 0}",2013-07-31T02:27:59.000Z,362399209133056000,362399209133056000,Twitter for iPhone,1012641361,hi,Ridhwan is gone.. #Depressed,#depressed,,,
everyone,"{'retweet_count': 0, 'reply_count': 0, 'like_count': 0, 'quote_count': 0}",2013-07-28T15:33:26.000Z,361509711524270082,361509711524270082,Twitter Web Client,1463924455,hi,Mujhe tu itna bata de ke tu jaza hai saza hai? #Depressed,#depressed,,,
everyone,"{'retweet_count': 0, 'reply_count': 1, 'like_count': 0, 'quote_count': 0}",2013-07-27T19:31:56.000Z,361207342865448960,361207342865448960,Twitter for BlackBerry¬Æ,288902771,hi,Na barish hoti hay.. Na kuch hota hay.. #Depressed,#depressed,,,
everyone,"{'retweet_count': 0, 'reply_count': 0, 'like_count': 0, 'quote_count': 0}",2013-07-19T20:01:30.000Z,358315680430424064,358315680430424064,Twitter for BlackBerry¬Æ,1548436424,hi,Samantha: #Depressed,#depressed,,,
everyone,"{'retweet_count': 0, 'reply_count': 0, 'like_count': 0, 'quote_count': 0}",2013-07-19T09:47:41.000Z,358161210870480896,358161210870480896,Twitter for Android,946135399,hi,Rishte sambhalte hue hi zindgi gujaar di..ab koi to rishta ho jo mujhe bhi sambhaal le. #depressed,#depressed,,,
everyone,"{'retweet_count': 0, 'reply_count': 1, 'like_count': 1, 'quote_count': 0}",2013-07-14T13:56:18.000Z,356411836117168129,356411836117168129,Twitter for Android,18165464,hi,Match daikhnay sae bahtar hai main baith k 20 min Pakooroon ko ghoor loon #Depressed #PakvWI,#depressed,,,
everyone,"{'retweet_count': 0, 'reply_count': 1, 'like_count': 0, 'quote_count': 0}",2013-07-07T04:00:53.000Z,353725282097696769,353725282097696769,Twitter for Windows Phone,236817531,hi,"Aunty: beta kya kr Rae ho aajkalMe: aunty job ki joining ka waitAunty: beta aaegi bhi ki nai, aajkal recession h suna hMe: üòì#depressed",#depressed,,,
everyone,"{'retweet_count': 0, 'reply_count': 1, 'like_count': 0, 'quote_count': 0}",2013-07-06T11:39:17.000Z,353478252729352192,353451355341459456,TweetCaster for Android,806544216,hi,@someuser Yaar ... Cutti:( | #sad #depressed,#depressed,1548786390,,"[{'type': 'replied_to', 'id': '353478121439244288'}]"
everyone,"{'retweet_count': 0, 'reply_count': 1, 'like_count': 0, 'quote_count': 0}",2013-07-03T04:18:24.000Z,352280135573057537,352280135573057537,Twitter Web Client,18023990,hi,kabhi socha nahi tha Ayan Mukherjee ki film say walkout karunga.....#depressed,#depressed,,,
everyone,"{'retweet_count': 0, 'reply_count': 0, 'like_count': 0, 'quote_count': 0}",2013-06-28T15:09:58.000Z,350632169674248193,350632169674248193,Facebook,221281618,hi,kantaal gaya yaar #exams likh likh k...| #sick & #tired now.| #frustated #depressed pata nahi kya kya.. :O #yawning,#depressed,,,
everyone,"{'retweet_count': 0, 'reply_count': 0, 'like_count': 0, 'quote_count': 0}",2013-06-22T03:32:02.000Z,348282204570406912,348282204570406912,Twitter Web Client,110895865,hi,Chaka ko talaga. :/ #Depressed,#depressed,,,
everyone,"{'retweet_count': 0, 'reply_count': 1, 'like_count': 0, 'quote_count': 0}",2013-06-17T04:19:55.000Z,346482314399850498,346480098595176448,Mobile Web (M2),195765382,hi,@someuser lol_mera to man kuch aisa he ki av se raat tak daru peeu_aur dunya ko aajke liye vul jau_ #depressed #frustrated #bored!,#depressed,126548875,,"[{'type': 'replied_to', 'id': '346481201474859008'}]"
everyone,"{'retweet_count': 0, 'reply_count': 0, 'like_count': 1, 'quote_count': 0}",2013-06-15T21:08:07.000Z,346011260799815680,346011260799815680,Twitter for BlackBerry¬Æ,110050623,hi,Maine paan mein poudeena nahi dekha. #Depressed,#depressed,,,
everyone,"{'retweet_count': 1, 'reply_count': 0, 'like_count': 0, 'quote_count': 0}",2013-06-14T09:27:26.000Z,345472537221791744,345472537221791744,Twitter for iPhone,858907081,hi,yayee vendredi! üòÑ #school #depressed,#depressed,,,
everyone,"{'retweet_count': 0, 'reply_count': 1, 'like_count': 0, 'quote_count': 0}",2013-06-12T18:31:31.000Z,344884687052865539,344831563890049024,Twitter for iPhone,549115360,hi,@someuser @someuser bhai allah bhi insanoon ko hidayat deeta hai kuttin ko naheen tu bhool gaoo #depressed,#depressed,1214870672,,"[{'type': 'replied_to', 'id': '344884312426029058'}]"
everyone,"{'retweet_count': 0, 'reply_count': 0, 'like_count': 0, 'quote_count': 0}",2013-06-12T13:21:40.000Z,344806710172585984,344806710172585984,TweetDeck,405048707,hi,"Sub ke Amma Abba aatay hain, mere hi nai atay #Feeling #Depressed",#depressed,,,
everyone,"{'retweet_count': 0, 'reply_count': 1, 'like_count': 0, 'quote_count': 0}",2013-06-10T10:28:30.000Z,344038355429912577,344033045231316992,Twitter Web Client,581855496,hi,@someuser Wahi beh.. Bolti hai bhul jaa jo 10th ka hua abh aage padh fir khud hi 10th ka topic nikalti hai :/ >_< #Screwed #Depressed,#depressed,1060357422,,"[{'type': 'replied_to', 'id': '344035488564391936'}]"
everyone,"{'retweet_count': 1, 'reply_count': 1, 'like_count': 4, 'quote_count': 0}",2013-06-08T19:46:53.000Z,343454101700505601,343454101700505601,Twitter for Android,48537997,hi,Sharab ~ Khatam ~ Ho ~ Gayi ~ Hai| Aankhen ~ Bhi ~ Num ~ Ho ~ Gayi ~ Hai| #MicroPoetry #Emotional #Depressed #Senti #LoveSms #ShayariSms,#depressed,,,
everyone,"{'retweet_count': 0, 'reply_count': 0, 'like_count': 0, 'quote_count': 0}",2013-06-04T14:38:02.000Z,341926824625987585,341926824625987585,Twitter for BlackBerry¬Æ,86099230,hi,Kaha chali gayi hain saali khushi... #depressed,#depressed,,,
everyone,"{'retweet_count': 0, 'reply_count': 0, 'like_count': 0, 'quote_count': 0}",2013-06-04T14:04:24.000Z,341918361128673280,341918361128673280,Twitter for Android,280480620,hi,Bhaaai! Physics ki maa ki aankh! Hadd hi hogayi hai ab to. -.- #exams #depressed,#depressed,,,
everyone,"{'retweet_count': 0, 'reply_count': 0, 'like_count': 0, 'quote_count': 0}",2013-05-27T03:57:13.000Z,338866456244654081,338866456244654081,Twitter for iPhone,1320037224,hi,Abhi sey #depressed..,#depressed,,,
everyone,"{'retweet_count': 0, 'reply_count': 0, 'like_count': 0, 'quote_count': 0}",2013-05-21T17:08:04.000Z,336891152622034945,336891152622034945,Twitter Web Client,290090201,hi,Yevanavudhu indhe Smith eh out aakungalen da. #depressed #annoyed #wtf #pleasegethimout #angry #CSK #whistlepodu #plsdosomething,#depressed,,,
everyone,"{'retweet_count': 0, 'reply_count': 0, 'like_count': 0, 'quote_count': 0}",2013-05-15T17:46:06.000Z,334726395500572672,334726395500572672,Mobile Web (M2),371975082,hi,"@someuser  Har ishq ka aik waqt hota hai, woh hamara waqt nahi tha, par is ka ye matlab nahi ke woh ishq nahi tha. #depressed #ineedadoctor",#depressed,1252013323,,
everyone,"{'retweet_count': 0, 'reply_count': 1, 'like_count': 0, 'quote_count': 0}",2013-05-12T20:00:24.000Z,333673032323313665,333662510353887232,Twitter Web Client,123699707,hi,@someuser Mein kisi Pathani ke talaash mein hoon #depressed,#depressed,214905199,,"[{'type': 'replied_to', 'id': '333662510353887232'}]"
everyone,"{'retweet_count': 0, 'reply_count': 0, 'like_count': 0, 'quote_count': 0}",2013-05-08T21:34:36.000Z,332247185804644352,332247185804644352,Twitter for BlackBerry¬Æ,365214235,hi,"Bay pana pyaar hai ajaa, tera inthazar hai ajaa #Depressed :(",#depressed,,,
everyone,"{'retweet_count': 0, 'reply_count': 0, 'like_count': 0, 'quote_count': 0}",2013-05-03T09:18:15.000Z,330249936039968770,330249936039968770,Twitter for Android,432878578,hi,Ki** ekhet dubai b ejre #depressed,#depressed,,,
everyone,"{'retweet_count': 0, 'reply_count': 0, 'like_count': 0, 'quote_count': 0}",2013-04-25T21:33:49.000Z,327535945601662976,327535945601662976,Twitter Web Client,165844566,hi,#PT ma7adesh radd el HI #Depressed #Duwonnatalk,#depressed,,,
everyone,"{'retweet_count': 0, 'reply_count': 0, 'like_count': 0, 'quote_count': 0}",2013-04-18T12:11:21.000Z,324857680948776960,324857680948776960,Twitter for BlackBerry¬Æ,571861679,hi,"Ana bashrab shay , we ana asln mish ba7eb shay :( :( #depressed #dntwanatalk",#depressed,,,
everyone,"{'retweet_count': 0, 'reply_count': 0, 'like_count': 0, 'quote_count': 0}",2013-04-17T10:03:49.000Z,324463199531442176,324463199531442176,Instagram,575121799,hi,with hashibshibanana  #superman #ponkan #KM #Sabog #Depressed #Gutom #Pagkain #Blue #Higlighter... http://someurl,#depressed,,,
everyone,"{'retweet_count': 0, 'reply_count': 0, 'like_count': 0, 'quote_count': 0}",2013-04-12T09:30:11.000Z,322642793564626944,322641728681164800,Twitter for iPad,346113521,hi,@someuser kolohom we7shin :( #depressed #Dntwannatalk,#depressed,191003895,,"[{'type': 'replied_to', 'id': '322642377351241728'}]"
everyone,"{'retweet_count': 0, 'reply_count': 0, 'like_count': 0, 'quote_count': 0}",2013-04-05T21:24:33.000Z,320285856000798720,320260180564639744,Twitter for BlackBerry¬Æ,787746084,hi,"@someuser tab eshta law el 7war baseet khalas,bas o3od zaker 3shan el finals arabet:) #depressed",#depressed,1076655313,,"[{'type': 'replied_to', 'id': '320285209079734272'}]"
everyone,"{'retweet_count': 2, 'reply_count': 0, 'like_count': 0, 'quote_count': 0}",2013-04-02T04:01:11.000Z,318936119850967040,318936119850967040,Twitter for iPhone,1072389294,hi,RIP Shaine Gandee #depressed,#depressed,,,
everyone,"{'retweet_count': 0, 'reply_count': 1, 'like_count': 0, 'quote_count': 0}",2013-03-23T16:57:29.000Z,315507605105696768,315433910018383872,Twitter for BlackBerry¬Æ,578331079,hi,"@someuser 2ameeen ‚òπ , walla el mood ma biesma7 lal derase, azbal yomeen be kol el sene kano hal yomeen. #depressed",#depressed,629698821,,"[{'type': 'replied_to', 'id': '315506785920376833'}]"
everyone,"{'retweet_count': 0, 'reply_count': 0, 'like_count': 0, 'quote_count': 0}",2013-03-15T14:41:10.000Z,312574197715070976,312574197715070976,Tumblr,574270067,hi,Photo: piktyur muna bago pa shkshkshk #ajujuju #theendisnear #depressed http://someurl,#depressed,,,
everyone,"{'retweet_count': 0, 'reply_count': 0, 'like_count': 0, 'quote_count': 0}",2013-03-15T14:41:08.000Z,312574188667949057,312574188667949057,Instagram,574270067,hi,piktyur muna bago pa shkshkshk #ajujuju #theendisnear #depressed http://someurl,#depressed,,,
everyone,"{'retweet_count': 0, 'reply_count': 0, 'like_count': 0, 'quote_count': 0}",2013-03-15T13:52:55.000Z,312562055779606529,312562055779606529,Twitter for Android,259703652,hi,Aaj ka din he kharab hai. -_- #depressed #tensed,#depressed,,,
everyone,"{'retweet_count': 1, 'reply_count': 0, 'like_count': 0, 'quote_count': 0}",2013-02-27T15:43:12.000Z,306791601592745984,306791601592745984,Twitter for BlackBerry¬Æ,603836657,hi,3ayez ashrab 3asir 2asab we ma3ish 3eer 200 gneeh s7i7a #1stWorldProblems #DntWnnaTlk #Depressed,#depressed,,,
everyone,"{'retweet_count': 0, 'reply_count': 0, 'like_count': 0, 'quote_count': 0}",2013-02-25T20:50:26.000Z,306144143984447488,306141011879542785,Twitter for iPhone,373399813,hi,@someuser el nas betkrahni awy ya mahetab #DntWnaTlk #depressed :(:(:(,#depressed,555282832,,"[{'type': 'replied_to', 'id': '306143443787345920'}]"
everyone,"{'retweet_count': 0, 'reply_count': 0, 'like_count': 0, 'quote_count': 0}",2013-02-23T21:52:08.000Z,305434894295785472,305434894295785472,Twitter for BlackBerry¬Æ,345877844,hi,Ma3andeesh so7ab banaat shabah Scarlett :( #DntWnaTlk #Depressed,#depressed,,,
everyone,"{'retweet_count': 17, 'reply_count': 1, 'like_count': 10, 'quote_count': 0}",2013-02-23T21:51:23.000Z,305434708173545472,305434708173545472,Twitter for iPhone,252072986,hi,El iPhone case mekhaleya mobily shaklo tekheen :s #DntWnaTlk #depressed,#depressed,,,
everyone,"{'retweet_count': 0, 'reply_count': 0, 'like_count': 0, 'quote_count': 0}",2013-02-11T05:36:27.000Z,300840704568066048,300840704568066048,Twitter Web Client,98676601,hi,‡§Æ‡•å‡§®‡•Ä ‡§Ö‡§Æ‡§æ‡§µ‡§∏‡•ç‡§Ø‡§æ ‡§™‡§∞ ‡§π‡§Æ‡§æ‡§∞‡•á ‡§ï‡•Å‡§õ ‡§≠‡§æ‡§à ‡§¨‡§π‡§® ‡§π‡§Æ‡•á‡§∂‡§æ ‡§ï ‡§≤‡§ø‡§è ‡§Æ‡•å‡§® ‡§π‡•ã ‡§ó‡§è‡•§ #DEPRESSED,#depressed,,,
everyone,"{'retweet_count': 0, 'reply_count': 0, 'like_count': 0, 'quote_count': 0}",2013-02-11T05:33:14.000Z,300839891502264320,300839891502264320,Twitter Web Client,98676601,hi,‡§á‡§∏‡§∏‡•á ‡§¨‡•Å‡§∞‡§æ ‡§ï‡•ç‡§Ø‡§æ ‡§π‡•ã ‡§∏‡§ï‡§§‡§æ ‡§π‡•à ‡§ï‡•Ä ‡§á‡§≤‡§æ‡§π‡§¨‡§æ‡§¶ ‡§Æ‡•á‡§Ç Rs 50 ‡§ï‡§æ ‡§ï‡•û‡§® Rs. 1200 ‡§Æ‡•á‡§Ç ‡§¨‡§ø‡§ï ‡§∞‡§π‡§æ ‡§π‡•à‡•§ #DEPRESSED #SHAME,#depressed,,,
everyone,"{'retweet_count': 0, 'reply_count': 0, 'like_count': 0, 'quote_count': 0}",2013-01-31T14:16:41.000Z,296985358183329793,296985358183329793,Twitter SMS,473048556,hi,#Karachi killing video on #ARY news. Kinta Asaan hai maarna aur phir bhagna . #Sad & #Depressed,#depressed,,,
everyone,"{'retweet_count': 0, 'reply_count': 0, 'like_count': 0, 'quote_count': 0}",2013-01-18T21:47:25.000Z,292387745115037696,292387745115037696,Instagram,77946032,hi,poor mayanaa is #depressed that her #nail #broke. #trifelife #trifling #messy #frontdesk #menu #menus #cryi http://someurl,#depressed,,,
everyone,"{'retweet_count': 0, 'reply_count': 0, 'like_count': 0, 'quote_count': 0}",2013-01-13T13:50:05.000Z,290455680073211904,290455680073211904,Twitter Web Client,135828397,hi,Ibn e Mariyam Hoa Kare Koi/ Mere Dukh Ki Dawa Kare Koi !! #Ghalib #Depressed,#depressed,,,
everyone,"{'retweet_count': 0, 'reply_count': 0, 'like_count': 0, 'quote_count': 0}",2013-01-10T21:48:11.000Z,289488834545197056,289488834545197056,Instagram,63793097,hi,Poor BamBam. #carcrash #accident #depressed http://someurl,#depressed,,,
everyone,"{'retweet_count': 0, 'reply_count': 0, 'like_count': 0, 'quote_count': 0}",2013-01-10T03:21:06.000Z,289210228422098944,289210228422098944,Instagram,24818695,hi,Lee mee ‚Ä¢‚Ä¢#me #merp #hi #ugly #hideous #schizo #schizophrenia #depressed #schizophrenic #depression #selfie http://someurl,#depressed,,,
everyone,"{'retweet_count': 0, 'reply_count': 0, 'like_count': 0, 'quote_count': 0}",2013-01-07T18:27:33.000Z,288351181816877056,288351181816877056,Twitter for BlackBerry¬Æ,623079157,hi,@someuser: Ruby waphapha: @someuser thata ai #depressed,#depressed,,,
everyone,"{'retweet_count': 0, 'reply_count': 0, 'like_count': 0, 'quote_count': 0}",2013-01-01T16:41:51.000Z,286150253168717825,286150253168717825,Twitter for iPhone,847050702,hi,@someuser #YoureShitAtMarioKart #EatMySweatStream #depressed!!!,#depressed,189648656,,
everyone,"{'retweet_count': 0, 'reply_count': 0, 'like_count': 0, 'quote_count': 0}",2013-01-01T02:18:54.000Z,285933085504180224,285933085504180224,Twitter for iPhone,549780707,hi,‚Äú@someuser #Depressed‚Äù Cheer up Sugah!!üòÅüëç,#depressed,,,
everyone,"{'retweet_count': 0, 'reply_count': 0, 'like_count': 0, 'quote_count': 0}",2012-12-30T11:21:11.000Z,285344778818813952,285344778818813952,Twitter for Android,235079310,hi,kinjaa nakyoo.. #depressed #Icant.. ><,#depressed,,,
everyone,"{'retweet_count': 0, 'reply_count': 0, 'like_count': 0, 'quote_count': 0}",2012-12-25T15:38:41.000Z,283597643043704832,283597643043704832,Twitter for Android,921146437,hi,Main nhi dekh rahy -_- #PakvsInd #depressed,#depressed,,,
everyone,"{'retweet_count': 0, 'reply_count': 0, 'like_count': 0, 'quote_count': 0}",2012-12-22T18:33:03.000Z,282554359542341632,282554359542341632,Twitter for BlackBerry¬Æ,186602048,hi,#Sad #Depressed .. #Offline shwaya :(,#depressed,,,
everyone,"{'retweet_count': 2, 'reply_count': 0, 'like_count': 0, 'quote_count': 0}",2012-12-09T00:02:37.000Z,277563865858981888,277563865858981888,Tumblr,481643174,hi,wannaa-minaj: #pinquotes #depressed #unloved #tired #quotes #me #picoftheday #instamood #instagood #bestofthe... http://someurl,#depressed,,,
everyone,"{'retweet_count': 0, 'reply_count': 0, 'like_count': 0, 'quote_count': 0}",2012-12-08T17:23:17.000Z,277463371790565378,277463371790565378,Gravity!,138860973,hi,Tu Hojanay Dae jo baat hae dil mein chupi woh hojanay dae| yaaroon se hae har khushi| Tu Hojanay Dae #Call #depressed,#depressed,,,
everyone,"{'retweet_count': 0, 'reply_count': 0, 'like_count': 2, 'quote_count': 0}",2012-12-01T03:30:19.000Z,274717035454398465,274717035454398465,Mobile Web,94257700,hi,Iss pyaar koh kya naam do ended ! :(  #sadlife #depressed #kushiandarnav <3,#depressed,,,
everyone,"{'retweet_count': 0, 'reply_count': 0, 'like_count': 0, 'quote_count': 0}",2012-11-29T19:37:59.000Z,274235779088281600,274235779088281600,Instagram,751989289,hi,#brokenheart #icebox #heart #sad #depressed -.- sheesh man. http://someurl,#depressed,,,
everyone,"{'retweet_count': 0, 'reply_count': 0, 'like_count': 0, 'quote_count': 0}",2012-11-16T18:58:55.000Z,269514904199917569,269511847177236481,Twitter for Android,116477521,hi,@someuser Shiiitt manee.. #Depressed,#depressed,581449774,,"[{'type': 'replied_to', 'id': '269513434465460224'}]"
everyone,"{'retweet_count': 0, 'reply_count': 0, 'like_count': 0, 'quote_count': 0}",2012-11-15T10:12:30.000Z,269020040119058433,269020040119058433,Twitter SMS,855039702,hi,Aaj Hum Ny Bhi Hans Kar Yaro..+| ---| _| Jeene Walon ki Naqal Utari hai..+| #Depressed Diloge..,#depressed,,,
everyone,"{'retweet_count': 0, 'reply_count': 0, 'like_count': 0, 'quote_count': 0}",2012-11-02T18:22:38.000Z,264432343899578368,264432343899578368,Mobile Web,37376044,hi,kabhi kabhi marr jaane ka jee chahta hai #depressed,#depressed,,,
everyone,"{'retweet_count': 0, 'reply_count': 0, 'like_count': 0, 'quote_count': 0}",2012-10-04T17:54:00.000Z,253915889324392450,253915889324392450,Twitter Web Client,479347749,hi,"dil ttot gaya , | khuwaab toot gaey , | afridi team say out hojaey, | Bus meri yeh dua qaboool hojaey #weirdness #paindooness #depressed",#depressed,,,
everyone,"{'retweet_count': 0, 'reply_count': 0, 'like_count': 0, 'quote_count': 0}",2012-09-01T15:04:41.000Z,241914479963697154,241914479963697154,Twitter Web Client,165323625,hi,Pahug~ -____- #Depressed,#depressed,,,
everyone,"{'retweet_count': 0, 'reply_count': 1, 'like_count': 0, 'quote_count': 0}",2012-08-27T22:58:19.000Z,240221733708234753,240213507885387776,Twitter for Android,452531476,hi,@someuser very true... Lakin ham nashukry kar jatay hain...hamain or bhi bohat kuch chahiay hota hay...#depressed,#depressed,293715825,,"[{'type': 'replied_to', 'id': '240221007955234817'}]"
everyone,"{'retweet_count': 0, 'reply_count': 0, 'like_count': 0, 'quote_count': 0}",2012-08-24T07:57:46.000Z,238907942383017984,238907942383017984,Twitter for iPhone,356487895,hi,in riyadh #depressed üò¢,#depressed,,,
everyone,"{'retweet_count': 0, 'reply_count': 1, 'like_count': 0, 'quote_count': 0}",2012-08-21T17:53:20.000Z,237970657898545152,237969959584669697,Twitter Web Client,72010059,hi,@someuser ab baklol chup kar murti ki arse phaad ke keh raha hai #Depressed ! bechara 2 days se so nai paya,#depressed,89488443,,"[{'type': 'replied_to', 'id': '237969959584669697'}]"
everyone,"{'retweet_count': 0, 'reply_count': 0, 'like_count': 0, 'quote_count': 0}",2012-08-02T05:00:24.000Z,230890768204693504,230890768204693504,Twitter MMS,557352960,hi,cheesin #depressed http://someurl,#depressed,,,
everyone,"{'retweet_count': 0, 'reply_count': 1, 'like_count': 0, 'quote_count': 0}",2012-07-16T13:34:55.000Z,224859661780787200,224859661780787200,Twitter Web Client,521275879,hi,mhee #depressed ;(,#depressed,,,
everyone,"{'retweet_count': 0, 'reply_count': 1, 'like_count': 0, 'quote_count': 0}",2012-06-18T10:56:41.000Z,214672981593554945,214672109203501056,Twitter Web Client,141510749,hi,@someuser wahan ham hi pechay rah gayay...!! #depressed,#depressed,94982455,,"[{'type': 'replied_to', 'id': '214672109203501056'}]"
everyone,"{'retweet_count': 0, 'reply_count': 0, 'like_count': 0, 'quote_count': 0}",2012-06-15T15:35:53.000Z,213656081291943936,213656081291943936,UberSocial for BlackBerry,38047913,hi,Im in the mood to watch kabhi khushi kabhi gham #depressed,#depressed,,,
everyone,"{'retweet_count': 0, 'reply_count': 0, 'like_count': 0, 'quote_count': 0}",2012-04-30T12:53:14.000Z,196945304937967616,196945304937967616,Twitter for iPhone,374162610,hi,"Kabhi kabhi mere dil mein, kaiyal atha hai, Ke jaise tujhko banaya gaya hai mere liye‚ù§üò¢ #depressed",#depressed,,,
everyone,"{'retweet_count': 0, 'reply_count': 0, 'like_count': 0, 'quote_count': 0}",2012-03-28T20:45:01.000Z,185105233129652224,185105233129652224,Twitter Web Client,216381362,hi,Ya Allah Karachi ko bacha len please! #depressed,#depressed,,,
everyone,"{'retweet_count': 0, 'reply_count': 0, 'like_count': 0, 'quote_count': 0}",2012-03-19T07:00:12.000Z,181636169682010112,181635818014785537,Twitter for BlackBerry¬Æ,287750975,hi,@someuser @someuser haan yaar! #depressed ‚òπ,#depressed,93876497,,"[{'type': 'replied_to', 'id': '181635818014785537'}]"
everyone,"{'retweet_count': 0, 'reply_count': 1, 'like_count': 0, 'quote_count': 0}",2012-03-04T17:54:50.000Z,176365096677814272,176365096677814272,Mobile Web,53013048,hi,#breakingnews aaj ghar se nikaale jaane ki dhamki k baad mujhe apne 4 mahine ki kadi mehnat se badaye hue baal katwaane pade #depressed,#depressed,,,
everyone,"{'retweet_count': 0, 'reply_count': 1, 'like_count': 1, 'quote_count': 0}",2012-01-22T02:51:22.000Z,160917441524940800,160917441524940800,Twitter for BlackBerry¬Æ,142739478,hi,Kaiyak grades #depressed,#depressed,,,
everyone,"{'retweet_count': 0, 'reply_count': 1, 'like_count': 0, 'quote_count': 0}",2011-12-22T20:45:56.000Z,149953840463097856,149953840463097856,Mobile Web,441717576,hi,@someuserya ungiphucile iFone yakhe #depressed,#depressed,357322594,,
everyone,"{'retweet_count': 0, 'reply_count': 0, 'like_count': 0, 'quote_count': 0}",2011-09-14T17:24:33.000Z,114026761385283584,114022365821812736,UberSocial for BlackBerry,36625281,hi,@someuser @someuser ngizonbambha... #depressed,#depressed,273065545,,"[{'type': 'replied_to', 'id': '114022365821812736'}]"
everyone,"{'retweet_count': 0, 'reply_count': 0, 'like_count': 0, 'quote_count': 0}",2011-08-29T18:22:48.000Z,108243215655763968,108243215655763968,Twitter Web Client,337886224,hi,"Mera karnama-e-zindagi mere hasraton ke siwa kuch nahi;  yeh kiya nahi, woh hua nahi, yeh mila nahi, woh raha nahi .. #depressed",#depressed,,,
everyone,"{'retweet_count': 0, 'reply_count': 0, 'like_count': 0, 'quote_count': 0}",2011-08-16T03:32:27.000Z,103308108243275776,103308108243275776,Twitter for Android,299736066,hi,Sheesh #depressed,#depressed,,,
everyone,"{'retweet_count': 0, 'reply_count': 0, 'like_count': 0, 'quote_count': 0}",2011-08-09T00:46:58.000Z,100729749105684480,100729749105684480,UberSocial for BlackBerry,255974341,hi,Yaa musaheeeeeel !! #depressed,#depressed,,,
everyone,"{'retweet_count': 0, 'reply_count': 0, 'like_count': 0, 'quote_count': 0}",2011-07-15T17:38:51.000Z,91924700472676352,91924700472676352,Mobile Web,115278624,hi,aaj dil dukha hai... tum yaad aaye... Anjaan log hai apne... kahan dhoond paaye... #depressed,#depressed,,,
everyone,"{'retweet_count': 0, 'reply_count': 0, 'like_count': 0, 'quote_count': 0}",2011-07-10T12:54:54.000Z,90041305278849024,90041305278849024,Mobile Web,114210322,hi,"tumhi sambhalo ,tumhari ye duniya.ye duniya agar mil bhi jaye to kya hai.#depressed",#depressed,,,
everyone,"{'retweet_count': 0, 'reply_count': 0, 'like_count': 0, 'quote_count': 0}",2011-06-30T20:14:32.000Z,86528062845485056,86528062845485056,Twitter SMS,235256114,hi,@someuser waaah #depressed dont leaavee,#depressed,304199567,,
everyone,"{'retweet_count': 0, 'reply_count': 2, 'like_count': 0, 'quote_count': 0}",2011-06-20T13:28:12.000Z,82801926814707712,82801926814707712,Twitter for iPhone,114242200,hi,EL SOOG THAIM :/ | #depressed,#depressed,,,
everyone,"{'retweet_count': 0, 'reply_count': 0, 'like_count': 0, 'quote_count': 0}",2011-06-14T08:12:03.000Z,80548039244259328,80548039244259328,Twitter for Android,244381850,hi,Chillin with khail sheesh #depressed,#depressed,,,
everyone,"{'retweet_count': 0, 'reply_count': 0, 'like_count': 0, 'quote_count': 0}",2011-06-12T02:25:11.000Z,79735969661730816,79735969661730816,Twitter Web Client,53530543,hi,Owen in Haiti = #depressed,#depressed,,,
everyone,"{'retweet_count': 0, 'reply_count': 0, 'like_count': 0, 'quote_count': 0}",2011-06-08T19:05:25.000Z,78538137009270784,78538137009270784,Twitter Web Client,114000793,hi,Zubair or Manahil dunno hi party pe gaye hoye hain :( :(  #depressed,#depressed,,,
everyone,"{'retweet_count': 0, 'reply_count': 0, 'like_count': 0, 'quote_count': 0}",2011-06-07T12:47:43.000Z,78080695771217920,78080695771217920,Twitter Web Client,155116743,hi,TToTT #depressed #frustrated TT_TT,#depressed,,,
everyone,"{'retweet_count': 0, 'reply_count': 0, 'like_count': 0, 'quote_count': 0}",2011-06-02T14:16:00.000Z,76290973671489538,76290973671489538,Twitter for Android,308126325,hi,aint n tha rite state ov mindd .! #depressed,#depressed,,,
everyone,"{'retweet_count': 0, 'reply_count': 0, 'like_count': 0, 'quote_count': 0}",2011-04-29T20:23:07.000Z,64062173458075648,64062173458075648,TweetDeck,92254707,hi,aye mere khuda hadasa#love ye mere sath kyon hua ....na unhe khabar hui aur  main  tadapta rah gaya #depressed,#depressed,,,
everyone,"{'retweet_count': 0, 'reply_count': 0, 'like_count': 0, 'quote_count': 0}",2011-04-29T20:13:46.000Z,64059821011382272,64059821011382272,Twitter Web Client,92254707,hi,#depressed ye dosti ye marasam ye chahaten ye khulus ---kabhi kabhi mujhe ye sab kuch ajeeb sa lagta hai,#depressed,,,
everyone,"{'retweet_count': 0, 'reply_count': 0, 'like_count': 0, 'quote_count': 0}",2011-04-17T14:57:39.000Z,59631615806152705,59631615806152705,Twitter Web Client,49614296,hi,Mora piya mose bolat naahi!!! #Depressed...,#depressed,,,
everyone,"{'retweet_count': 0, 'reply_count': 0, 'like_count': 0, 'quote_count': 0}",2011-04-04T22:24:34.000Z,55033043005616128,55033043005616128,Twitter SMS,43957601,hi,With Callie Kiarra Andd Kellie #depressed Kinda Tiredd? #textme,#depressed,,,
everyone,"{'retweet_count': 0, 'reply_count': 0, 'like_count': 0, 'quote_count': 0}",2011-04-01T21:57:55.000Z,53939172699938816,53939172699938816,Plume¬†for¬†Android,193176281,hi,#Depressed Boee...,#depressed,,,
everyone,"{'retweet_count': 0, 'reply_count': 0, 'like_count': 0, 'quote_count': 0}",2011-03-12T13:09:48.000Z,46558509428514817,46557005095256064,Twitter for BlackBerry¬Æ,132825068,hi,@someuser Arre Bhai. Shaam ho gai. Daaru peene ka bahana chhahiye. #Depressed,#depressed,23291925,,"[{'type': 'replied_to', 'id': '46557005095256064'}]"
everyone,"{'retweet_count': 0, 'reply_count': 0, 'like_count': 0, 'quote_count': 0}",2011-01-19T05:46:21.000Z,27602744684580864,27602744684580864,Twitter Web Client,121269764,hi,#depressed yuup,#depressed,,,
everyone,"{'retweet_count': 0, 'reply_count': 0, 'like_count': 0, 'quote_count': 0}",2010-11-21T07:46:20.000Z,6252053722570752,6251412262486017,Twitter Web Client,67898752,hi,@someuser @someuser @someuser |  Atha paranje..aval ippozhum oru nighoodathayaayi baakki nilkunnu..#depressed,#depressed,64957088,,"[{'type': 'replied_to', 'id': '6251412262486017'}]"
everyone,"{'retweet_count': 0, 'reply_count': 0, 'like_count': 0, 'quote_count': 0}",2010-11-03T09:23:24.000Z,29555254774,29555254774,Twitter for iPhone,202844650,hi,7ddaa makooo shgheelll ;p | #depressed !!!  http://someurl,#depressed,,,
