lang,created_at,public_metrics,reply_settings,text,id,author_id,conversation_id,source,search_query,geo,in_reply_to_user_id,referenced_tweets
zh,2016-12-10T09:22:00.000Z,"{'retweet_count': 0, 'reply_count': 0, 'like_count': 0, 'quote_count': 0}",everyone,æ˜Žæ˜Žæ˜¯| æœ€æœŸå¾…çš„12æœˆ| ä»Šå¹´æ˜¯æ€Žæ¨£å•¦ï¼Ÿï¼| è·Ÿä½ èªªåˆèªªæ‡‚| èªªæ‡‚åˆåšä¸å¥½â‹¯| åˆ°åº•æ˜¯åœ¨æ²’å¿ƒ| é‚„æ˜¯æˆ‘å°ç‰›å½ˆç´â‹¯| #fuck #angry #disappointed #blame| #me... http://someurl,807515700256501760,2367920372,807515700256501760,Instagram,#disappointed,,,
zh,2016-10-29T16:48:41.000Z,"{'retweet_count': 0, 'reply_count': 0, 'like_count': 0, 'quote_count': 0}",everyone,æ™‚å¸¸æœ‰äº†æ–°çš„é«”æ‚Ÿã€‚ #äººæ€§é»‘æš—é¢  #åŽŸä¾†è‡ªç§çš„äººç„¡æ¥µé™ #Disappointed http://someurl,792407821694435329,510754875,792407821694435329,Instagram,#disappointed,,,
zh,2016-10-06T17:05:30.000Z,"{'retweet_count': 0, 'reply_count': 0, 'like_count': 0, 'quote_count': 0}",everyone,å¦‚æžœå¾žæ²’æœ‰æœŸå¾…| | #ç—›å’Œå¤±è½èˆ‡äººç„¡å°¤| #è¶…éŽäº†é æœŸ| #life #allaboutricardolsw #belief #disappointed #sad #letitgo #forget... http://someurl,784077130833416192,910875823,784077130833416192,Instagram,#disappointed,,,
zh,2016-09-15T08:42:34.000Z,"{'retweet_count': 0, 'reply_count': 0, 'like_count': 0, 'quote_count': 0}",everyone,æœˆå‡ºç„¡æœ›| #iphonography #landscape #cityscape #nomoonrise #cloudy #disappointed @ é¦¬æ–™æ°´æ°´è­¦åŸºåœ° http://someurl,776340420158783488,15487797,776340420158783488,Linkis: turn sharing into growth,#disappointed,,,
zh,2016-09-10T01:54:04.000Z,"{'retweet_count': 0, 'reply_count': 0, 'like_count': 0, 'quote_count': 0}",everyone,//å¶çˆ¾ä¹Ÿè½èªª é™¤äº†æˆ‘ ä½ é‚„æœ‰å€‹è§’è½| æˆ‘å»è£ä½œæ²‰é»˜ é‚„å†·æ¼ çš„çŠ¯éŒ¯| è®“ä½ æ‰¾ä»–è¨´èªª//| | #ToyTravel  #CanonM10  #Rilakkuma #disappointed #æ‘©å¤©è¼ªçš„æ€å¿µ http://someurl,774425677286309888,143016340,774425677286309888,Instagram,#disappointed,,,
zh,2016-09-06T08:24:49.000Z,"{'retweet_count': 0, 'reply_count': 0, 'like_count': 0, 'quote_count': 0}",everyone,äººè·Ÿäººä¹‹é–“ç‚ºä»€éº¼èƒ½é€™éº¼è¤‡é›œ| é¢å°é€™ç¨®å•é¡Œ| çœŸçš„è¦ºå¾—å¥½ç´¯| åˆ°åº•è©²å¦‚ä½•è§£æ±º...| #ç„¡è§£ #å¥½ç´¯ #tired #sad #disappointed #nosolution #unsolvable... http://someurl,773074462036021248,1690093718,773074462036021248,Instagram,#disappointed,,,
zh,2016-09-03T14:52:01.000Z,"{'retweet_count': 0, 'reply_count': 0, 'like_count': 0, 'quote_count': 0}",everyone,è¿™ä¹ˆå¤šçš„å¤±æœ›ï¼| åˆ°åº•æ˜¯ä¸ºäº†ä»€ä¹ˆï¼Ÿ| | #disappointed | #whatshouldido @ Singapore http://someurl,772084740081881088,398730794,772084740081881088,Instagram,#disappointed,"{'coordinates': {'type': 'Point', 'coordinates': [103.856, 1.29306]}, 'place_id': '58a4c3a0d54e1400'}",,
zh,2016-07-17T04:43:22.000Z,"{'retweet_count': 0, 'reply_count': 0, 'like_count': 0, 'quote_count': 0}",everyone,ç­‰å’—å¤§åŠå€‹é˜ï¼Œé»žçŸ¥ä¿‚å¾—å€‹æ¨£ä½†ç„¡å…§æ¶µå˜…cafe... #disappointed #thepicnic #burwoodpark http://someurl,754536950795636737,45090438,754536950795636737,Twitter for Android,#disappointed,,,
zh,2016-07-05T02:21:20.000Z,"{'retweet_count': 0, 'reply_count': 0, 'like_count': 2, 'quote_count': 0}",everyone,é€™ æ˜¯ æ€Ž æ¨£ ï¼Œ ä¸ èƒ½ é¸ å…¶ ä»– çš„ éšŠ ä¼ å—Ž ï¼Œ å å é¸ å‹‡ å£« ðŸ˜  ðŸ˜  ðŸ˜ | | #kevindurant #disappointed #havenothingtosay http://someurl,750152551882973188,1225422595,750152551882973188,Instagram,#disappointed,,,
zh,2016-06-26T12:37:26.000Z,"{'retweet_count': 0, 'reply_count': 0, 'like_count': 0, 'quote_count': 0}",everyone,é€™éº¼å¤§çš„æ•…äº‹è¢«æ‹å¾—é€™éº¼å°æƒ…å°æ„›ï¼Œé‚„æˆ‘é­”ç¸çš„ä¸–ç•Œè§€ï¼ï¼ï¼â€”è¦ºå¾—å¤±æœ›ðŸ˜ž #disappointed @ å°ä¸­ æ–°æ™‚ä»£è³¼ç‰©ä¸­å¿ƒ è¯ç´å¨ç§€ http://someurl,747046108178817024,1019909844,747046108178817024,Instagram,#disappointed,,,
zh,2016-06-25T17:40:24.000Z,"{'retweet_count': 0, 'reply_count': 0, 'like_count': 1, 'quote_count': 0}",everyone,äºŒè¨ªé›„å‰çš„é‹¼å½ˆä¸€æ¯”ä¸€æ¨¡åž‹ï½žä»ç„¶å¾ˆå¸ç›ï½žç‚ºä½•æˆ‘é€™æ¬¡æƒ³åƒçš„ç¾Žé£Ÿéƒ½ä¸€ç›´ææ—©é—œé–€ï½žÑ•Ïƒ Ñ•Î±dðŸ˜­ðŸ˜­ðŸ˜­| #å°å ´é‹¼å½ˆ #åˆæ²’åƒåˆ°ä¸²ç‚¸ç‰©èªž #disappointed @ å°å ´ Diver City... http://someurl,746759966355251200,2360705606,746759966355251200,Instagram,#disappointed,,,
zh,2016-06-23T23:49:12.000Z,"{'retweet_count': 0, 'reply_count': 0, 'like_count': 0, 'quote_count': 0}",everyone,"#disappointed | ç¶“éŽé¢¨é¢¨é›¨é›¨å·²ç¶“æ®˜ç¢Žä¸å ª,| å°±åƒä¸€å·å·²ç¶“è·³é‡çš„éŒ„å½±å¸¶ã€‚ http://someurl",746127999896936449,2445913098,746127999896936449,Instagram,#disappointed,,,
zh,2016-05-17T13:01:37.000Z,"{'retweet_count': 0, 'reply_count': 0, 'like_count': 0, 'quote_count': 0}",everyone,Mè¨˜æŠ¹èŒ¶æ–°åœ°ç­’è¿”é»Žå•¦ðŸ˜‹å§‹çµ‚éƒ½ä¿‚åç”œï½žå¤±æœ›ðŸ˜”| #è€éº¥ #æŠ¹èŒ¶æ–°åœ°ç­’ #toosweet #Disappointed http://someurl,732556681138327552,426740039,732556681138327552,Instagram,#disappointed,,,
zh,2016-05-02T04:54:21.000Z,"{'retweet_count': 0, 'reply_count': 0, 'like_count': 0, 'quote_count': 0}",everyone,I got lost myself. å€‹æ€§è®Šäº†å»é‚„æ˜¯é‚£å€‹æ²’è‡ªä¿¡çš„è‡ªå·±ã€‚åˆ°åº•æ”¹è®Šäº†ä»€éº¼ï¼æ‰¾ä¸åˆ°è‡ªå·± é‚„æ˜¯é‚£å€‹æ²’å‹‡æ°£çš„è‡ªå·± #disappointed,726998238885109760,1256584777,726998238885109760,Twitter for iPhone,#disappointed,,,
zh,2016-03-24T11:52:50.000Z,"{'retweet_count': 0, 'reply_count': 0, 'like_count': 0, 'quote_count': 0}",everyone,#20160324| | æœ‰äº›äº‹æƒ…å…¶å¯¦æˆ‘å€‘éƒ½å¿ƒçŸ¥è‚šæ˜Ž| åªæ˜¯æˆ‘å€‘éƒ½ä¸èªªå‡ºä¾†| æ”¾åœ¨å¿ƒè£¡| æ¬ºé¨™è‡ªå·±ç½·äº†| | #disappointed http://someurl,712970426608181249,1968017232,712970426608181249,Instagram,#disappointed,,,
zh,2016-03-05T08:58:39.000Z,"{'retweet_count': 0, 'reply_count': 0, 'like_count': 0, 'quote_count': 0}",everyone,æ€Žéº¼è·Ÿæƒ³åƒä¸­çš„æ°´ä¸Šå¸‚å ´ä¸å¤ªä¸€æ¨£ðŸ˜‚ å°å¤±æœ›å…’ðŸ˜¢| #sun #å››æ–¹æ°´ä¸Šå¸‚å ´ #å¤ªé™½ #è¶…ç´šå¤§ #æ²³æ°´ #river #disappointed #thailand #with #friends... http://someurl,706041221941174272,1540201446,706041221941174272,Instagram,#disappointed,"{'coordinates': {'type': 'Point', 'coordinates': [100.90556592, 12.86794059]}, 'place_id': '0048e76260eee101'}",,
zh,2016-02-14T20:48:00.000Z,"{'retweet_count': 0, 'reply_count': 0, 'like_count': 0, 'quote_count': 0}",everyone,æœ‰ç¨®æ„Ÿè¦ºæ˜¯èªªä¸å‡ºçš„æ„Ÿå—â‹¯â‹¯ðŸ¤ðŸ¤ðŸ¤| æœ‰äº›å¤±æœ›æ˜¯åªèƒ½é»˜é»˜æ‰¿å—â‹¯â‹¯ðŸ˜¶ðŸ˜¶ðŸ˜¶| #tried #feeling #angry #disappointed http://someurl,698971976367476736,555271978,698971976367476736,Instagram,#disappointed,,,
zh,2015-12-28T17:02:41.000Z,"{'retweet_count': 0, 'reply_count': 0, 'like_count': 0, 'quote_count': 0}",everyone,"äººä»¬éƒ½è¯´å…‰é˜´ä¼¼ç®­ï¼Œé‚£å€’æ²¡é”™ï¼éšç€å¹´é¾„å¢žé•¿, æˆ‘ä»¬çœ‹åˆ°ä¹Ÿå­¦åˆ°å¾ˆå¤šä¸œè¥¿, å¿ƒæ™ºä¹Ÿè·Ÿç€å¢žé•¿ä¸å°‘ã€‚å¯æœ‰äº›ä¸œè¥¿ æ— è®ºè¿‡äº†å¤šä¹… å®ƒå´ä¸€æˆä¸å˜, ç”šè‡³äºŽæ„ˆå‘ä½¿æˆ‘ä»¬è§‰å¾—å¿ƒä¼¤æ— æœ›ã€‚æˆ‘ä»¬è¶Šæ˜¯çœ‹æ¸…å®ƒ è¶Šæ˜¯æƒ³åŽ‹æŠ‘ å°±è¶Šæ˜¯æ»¡æ»¡è´Ÿèƒ½é‡ã€‚è¿™çœŸçš„å¾ˆå½±å“æˆ‘ æ‰€ä»¥è¯´ä½ åˆ°åº•å‡ æ—¶èƒ½æ”¹å˜?! #disappointed",681520655645323265,578865214,681520655645323265,Twitter for Android,#disappointed,,,
zh,2015-12-28T14:35:54.000Z,"{'retweet_count': 0, 'reply_count': 0, 'like_count': 0, 'quote_count': 0}",everyone,åŽ»äº†2å€‹fbä»‹ç´¹å¾—åœ°æ–¹ å¥½å¤±æœ› ðŸ˜©ðŸ˜©ðŸ˜© #sister #disappointed #POTD @ Tester Laboratory... http://someurl,681483717760516098,514373838,681483717760516098,Instagram,#disappointed,"{'coordinates': {'type': 'Point', 'coordinates': [101.63026214, 3.19291071]}, 'place_id': 'e7a411bac68f57b1'}",,
zh,2015-12-15T11:19:41.000Z,"{'retweet_count': 0, 'reply_count': 0, 'like_count': 1, 'quote_count': 0}",everyone,æƒ³æ»‘é›ªä½†å†‡é›ªðŸ˜Žç‡å¼µæµ·å ±ç•¶æ»‘å’—ðŸ˜­ #æ»‘é›ª #é™é›ªä¸è¶³ #ç„¡é›ªæ»‘ #æŽƒèˆˆ #å½±éŸ¿å¿ƒæƒ… #snowboard #snow #nosnow #disappointed #å¤©æ°£åå¸¸ @ Gala Yuzawa http://someurl,676723296843505664,325304989,676723296843505664,Instagram,#disappointed,,,
zh,2015-12-04T15:49:34.000Z,"{'retweet_count': 0, 'reply_count': 0, 'like_count': 0, 'quote_count': 0}",everyone,ä¾èˆŠæ²’æ¶ˆæ²’æ¯ã€‚ #upset #disappointed,672804948174737409,2887013054,672804948174737409,Twitter for iPhone,#disappointed,,,
zh,2015-12-03T01:13:48.000Z,"{'retweet_count': 0, 'reply_count': 0, 'like_count': 0, 'quote_count': 0}",everyone,æœ‰äº›äº‹æƒ…ä¸å€¼å¾—ä½ åŽ»åšæŒï¼ŒçœŸçš„å¾ˆä¸å€¼ã€‚ã€‚ã€‚| å½“åˆåšæŒä¸ä»£è¡¨çŽ°åœ¨è¿˜è¦ç»§ç»­åšæŒã€‚ã€‚ã€‚ é‚£ç§æ„Ÿè§‰æ²¡æœ‰äº†å°±æ˜¯æ²¡æœ‰äº†ã€‚ã€‚ã€‚ æ²¡æœ‰ç†ç”±ç•™ä¸‹å°±æ˜¯ç¦»å¼€çš„å¥½ç†ç”±ã€‚ã€‚ã€‚| #frustrated #disappointed #soCallBestClub,672222167833030656,310242730,672222167833030656,Twitter for Android,#disappointed,,,
zh,2015-12-02T01:22:30.000Z,"{'retweet_count': 0, 'reply_count': 0, 'like_count': 0, 'quote_count': 0}",everyone,01/12/15 å¤±æœ›ã€‚ä¸€ç‚¹ç‰›å¥¶å‘³éƒ½æ— ã€‚åªæœ‰æœ±å…‹åŠ›è¿˜æœ‰æœ±å…‹åŠ›å‘³ã€‚#milkcow #desserts  #disappointed #chocolate  #foodpornography... http://someurl,671861970233073664,11519422,671861970233073664,Instagram,#disappointed,"{'coordinates': {'type': 'Point', 'coordinates': [100.32974482, 5.39794633]}, 'place_id': '527178fc119d340f'}",,
zh,2015-11-25T17:29:45.000Z,"{'retweet_count': 0, 'reply_count': 0, 'like_count': 0, 'quote_count': 0}",everyone,ä¸ºä»€ä¹ˆ...ä»Šå¤©çš„å¤±è¯¯è®©æˆ‘æ„Ÿåˆ°å¾ˆè‡ªè´£ï¼Œå¾ˆå¤±è´¥ï¼Œè¿™æ˜¯ä¸åº”è¯¥çŠ¯çš„é”™è¯¯ï¼Œåªèƒ½è¯´æˆ‘æ— èƒ½ï¼Œè®©å¤§å®¶å¤±æœ›äº†..| #disappointed#helpless#fml#feelingdown#smallmistake# http://someurl,669568670407000064,626045183,669568670407000064,Instagram,#disappointed,,,
zh,2015-11-25T14:42:04.000Z,"{'retweet_count': 0, 'reply_count': 0, 'like_count': 0, 'quote_count': 0}",everyone,æ—¥å­ä¹…äº†è·ç¦»å°±è¶Šæ¥è¶Šè¿œï¼Œç­‰å¾…ä¹…äº†å¿ƒä¹Ÿè¶Šæ¥è¶Šå‡‰ï¼Œæœ‰å¤šå°‘çš„ç›¼æœ›å°±æœ‰å¤šå°‘çš„å¤±æœ›..| #distance #yearbyyear #disappointed http://someurl,669526469329055744,43668531,669526469329055744,Instagram,#disappointed,,,
zh,2015-11-23T15:26:30.000Z,"{'retweet_count': 0, 'reply_count': 0, 'like_count': 0, 'quote_count': 0}",everyone,å¥½ç°æš—çš„è§€å¾Œæ„ŸðŸ’”ðŸ’”ðŸ’”å¾ˆä¸hungergamesçš„ä¸€åˆ‡ðŸ˜µðŸ˜µðŸ˜µ#hungergames #sad #disappointed http://someurl,668812878594637824,504557662,668812878594637824,Instagram,#disappointed,,,
zh,2015-11-02T13:23:11.000Z,"{'retweet_count': 0, 'reply_count': 0, 'like_count': 0, 'quote_count': 0}",everyone,å¯„æœ› éƒ½æ˜¯å¾žä¸€æ¬¡åˆä¸€æ¬¡çš„å¤±æœ›ä¸­æ¶ˆå¤±| #disappointed http://someurl,661171696401952769,3771582373,661171696401952769,Twitter for iPhone,#disappointed,,,
zh,2015-10-21T13:02:14.000Z,"{'retweet_count': 0, 'reply_count': 0, 'like_count': 0, 'quote_count': 0}",everyone,å¯¹ä½ ï¼ŒçœŸçš„æ— è¯å¯è¯´ï¼›å¯¹ä½ ï¼ŒçœŸçš„å½»åº•å¤±æœ›ï¼›å¯¹ä½ ï¼ŒçœŸçš„è§‰å¾—å¥½æ¶ï¼›å¯¹ä½ ï¼Œæˆ‘è¯´ä¸ä¸‹åŽ»äº†ã€‚ #life #suck #feeling #disappointed #fuck http://someurl,656817771930628096,2701355786,656817771930628096,Instagram,#disappointed,,,
zh,2015-10-18T14:33:12.000Z,"{'retweet_count': 0, 'reply_count': 0, 'like_count': 0, 'quote_count': 0}",everyone,é‡åˆ°ç¾Žéº—çš„æ—¥è½åªæƒ³èªçœŸæ‹ä¸€å¼µæœ‰fuçš„å´è‡‰ç…§â‹¯ç„¶è€Œé‚„æ˜¯è¢«å‡¹é™·çš„äº”å®˜æ‰“æ•—ðŸ˜•æœ€å¾Œæžœç„¶ä»¥èƒŒå½±å‘Šçµ‚ðŸ˜¤#beautiful #view #outdoors #disappointed #back #profile... http://someurl,655753500748611584,1474155620,655753500748611584,Instagram,#disappointed,,,
zh,2015-10-18T14:29:42.000Z,"{'retweet_count': 0, 'reply_count': 0, 'like_count': 0, 'quote_count': 0}",everyone,é‡åˆ°ç¾Žéº—çš„æ—¥è½åªæƒ³èªçœŸæ‹ä¸€å¼µå´è‡‰ç…§â‹¯ç„¶è€Œé‚„æ˜¯è¢«å‡¹é™·çš„äº”å®˜æ‰“æ•—ðŸ˜‘æœ€å¾Œåˆæ˜¯ä»¥èƒŒå½±å‘Šçµ‚ðŸ˜­ðŸ˜­#sunset #profile #lake #back #disappointed #beautiful #view... http://someurl,655752618820653056,1474155620,655752618820653056,Instagram,#disappointed,,,
zh,2015-10-15T13:11:46.000Z,"{'retweet_count': 0, 'reply_count': 0, 'like_count': 0, 'quote_count': 0}",everyone,ðŸ’| å…©å€‹å¤±è½çš„å¥³äºº| èµ°åœ¨æ±å€çš„è¡—é ­| æ€’è²·ä¸€æ³¢ðŸ”¥| å•Š.| æ²’éŒ¢äº†ðŸ’¸| #disappointed #shopping #tired http://someurl,654645842637422592,2787998612,654645842637422592,Instagram,#disappointed,,,
zh,2015-10-08T15:20:26.000Z,"{'retweet_count': 0, 'reply_count': 0, 'like_count': 0, 'quote_count': 0}",everyone,ä¹Ÿè®¸æ˜¯æˆ‘æ¬ ä½ å¤ªå¤š......| ä¸æ›¾å…³å¿ƒ...| æ¢æ¥å¤±æœ›...| | #disappointed http://someurl,652141507302977536,3592338013,652141507302977536,Instagram,#disappointed,,,
zh,2015-10-06T07:19:17.000Z,"{'retweet_count': 0, 'reply_count': 0, 'like_count': 0, 'quote_count': 0}",everyone,#disappointed | æˆ–è¨±| å¤±è½æ„Ÿå°±ä¸æœƒé‚£éº¼é‡äº† http://someurl,651295647002439680,380906217,651295647002439680,Instagram,#disappointed,,,
zh,2015-09-25T03:05:17.000Z,"{'retweet_count': 0, 'reply_count': 0, 'like_count': 0, 'quote_count': 0}",everyone,çº¸æ˜¯åŒ…ä¸ä½ç«çš„! #secretunveiled #disappointed http://someurl,647245460088979456,40188113,647245460088979456,Instagram,#disappointed,,,
zh,2015-09-11T02:47:18.000Z,"{'retweet_count': 0, 'reply_count': 0, 'like_count': 0, 'quote_count': 0}",everyone,"è¦ºå¾—æœ‰é»žæ‚²å‚·ã€‚| In fact , a little sad.| | #sad #disappointed #sad #expression #selfie #me #myself #girl... http://someurl",642167502508789760,150729632,642167502508789760,Instagram,#disappointed,,,
zh,2015-08-27T03:47:58.000Z,"{'retweet_count': 0, 'reply_count': 0, 'like_count': 0, 'quote_count': 0}",everyone,It was suppose to be a B-day surprise | ä½†è¨ˆåŠƒè¶•ä¸ä¸Šè®ŠåŒ–ã€‚ä¸€åˆ‡éƒ½åŒ–æˆçƒæœ‰ðŸ˜‚ðŸ˜‚ðŸ˜‚ #disappointed #surprise #its over now http://someurl,636746951711719424,554317808,636746951711719424,Instagram,#disappointed,,,
zh,2015-08-06T14:49:31.000Z,"{'retweet_count': 0, 'reply_count': 0, 'like_count': 0, 'quote_count': 0}",everyone,å¯æƒ¡ï¼è®“è¨ŽåŽ­çš„äººå¾—é€žäº†â‹¯ðŸ˜¡| ç³–æžœèˆ‡æˆ‘åªå¥½æ˜Žå¤©ä¹–ä¹–åŽ»ä¸Šç­ðŸ’¼| åƒé›ªç³•æ¶ˆæ‚¶æ°£ðŸ¦| #äººç®—ä¸å¦‚å¤©ç®— #disappointed #have #work #tomorrow #typhoon #days ... http://someurl,629303293580345344,2383397665,629303293580345344,Instagram,#disappointed,,,
zh,2015-07-25T15:01:10.000Z,"{'retweet_count': 0, 'reply_count': 0, 'like_count': 0, 'quote_count': 0}",everyone,æ—¥ä¹…è§äººå¿ƒå•ŠðŸ˜¢ #disappointed http://someurl,624957569161920512,487631324,624957569161920512,Instagram,#disappointed,,,
zh,2015-07-15T23:46:34.000Z,"{'retweet_count': 0, 'reply_count': 0, 'like_count': 0, 'quote_count': 0}",everyone,Red bull ä½¿äººå¤±çœ | è€Œç„¡åŠ›æ„Ÿä¾†è‡ªæ–¼ åŽŸä¾†æˆ‘æ²’é‚£éº¼é‡è¦| #disappointed#insomnia http://someurl,621465910872829952,165995748,621465910872829952,Instagram,#disappointed,,,
zh,2015-07-13T13:23:37.000Z,"{'retweet_count': 0, 'reply_count': 0, 'like_count': 0, 'quote_count': 0}",everyone,æœ‰ç‚¹å¤±æœ› #disappointed,620584364426919936,2891750228,620584364426919936,Twitter for Android,#disappointed,,,
zh,2015-07-02T11:14:09.000Z,"{'retweet_count': 0, 'reply_count': 0, 'like_count': 0, 'quote_count': 0}",everyone,è¯´å¥½çš„åŒèµ¢å‘¢ï¼Ÿ0.o | è¯·ä½ å¯¹æ¯æ ·äº‹æƒ…è®¤çœŸä¸€ç‚¹ï¼Œä¸ºä½ è®²è¿‡çš„è¯è´Ÿè´£ä»»...| #responsibility #important #disappointed http://someurl,616565520234582017,1590440629,616565520234582017,Instagram,#disappointed,,,
zh,2015-06-28T13:12:24.000Z,"{'retweet_count': 0, 'reply_count': 0, 'like_count': 1, 'quote_count': 0}",everyone,#disappointed #nomorenexttime @ å¾®é¢¨å»£å ´ ä¹‹åŽŸå‰µèŠ±é›•é›ž~~~ http://someurl,615145727010938880,260425814,615145727010938880,Instagram,#disappointed,"{'coordinates': {'type': 'Point', 'coordinates': [121.5443598, 25.04483436]}, 'place_id': '00180402799fed03'}",,
zh,2015-06-16T17:14:06.000Z,"{'retweet_count': 0, 'reply_count': 0, 'like_count': 0, 'quote_count': 0}",everyone,éš¾å¾—ï¼Œå¯æ˜¯æ²¡æœ‰æˆ‘çš„åˆ†ã€‚| #disappointed #sad,610857896671363072,297859161,610857896671363072,Twitter for iPhone,#disappointed,,,
zh,2015-06-07T10:37:44.000Z,"{'retweet_count': 0, 'reply_count': 0, 'like_count': 0, 'quote_count': 0}",everyone,@someuser æœ‰é€™ä¾¿å®œçš„æˆ‘ä¹Ÿæƒ³è½‰èµ°ã€‚ã€‚ã€‚ #v2ex å’Œ #let éƒ½æ²’offeräº†ï¼Œé‚„èƒ½æ€Žè¾¦ï¼Ÿ| é‚„æœ‰å°±æ˜¯æ¸¯è³‡çš„å…¨éƒ½TMDè²´ï¼›åœ‹äººçš„åˆå°æ°´ç®¡ï¼Œé€™å¸‚å ´èª°å®¹å¾—ä¸‹ï¼Ÿ #disappointed #desperated,607496655319932929,269650925,607475475376685056,Twitter Web Client,#disappointed,,137985713,"[{'type': 'replied_to', 'id': '607495750558228480'}]"
zh,2015-05-12T20:44:41.000Z,"{'retweet_count': 0, 'reply_count': 0, 'like_count': 0, 'quote_count': 0}",everyone,Photo: å°±ç®—è®“æˆ‘ç­‰ä¹Ÿåˆ¥èªªçš„å¤ªèªçœŸ #disappointed #hurt #stupid #silly #girl #Polaroid http://someurl,598227316330856450,391912854,598227316330856450,Tumblr,#disappointed,,,
zh,2015-05-12T10:37:13.000Z,"{'retweet_count': 0, 'reply_count': 0, 'like_count': 0, 'quote_count': 0}",everyone,æˆ‘ç¦»æˆ‘çš„ç†æƒ³ä¼¼ä¹Žè¶Šæ¥è¶Šè¿œäº†ðŸ˜¢ #so #disappointed #to #myself ðŸ˜¢ http://someurl,598074443617980416,3069659054,598074443617980416,Instagram,#disappointed,,,
zh,2015-05-04T08:23:42.000Z,"{'retweet_count': 0, 'reply_count': 0, 'like_count': 0, 'quote_count': 0}",everyone,æžœç„¶å¤ªæŽ¥è¿‘äººé–“å°±æœ‰æ†¾äº‹ç™¼ç”ŸðŸ˜¢#life #live #job #work #sad #unhappy #disappointed #iphoneonly #selfie #vsco #vscocam #vscogrid #layo... http://someurl,595141740513853441,519148321,595141740513853441,IFTTT,#disappointed,,,
zh,2015-04-29T10:38:42.000Z,"{'retweet_count': 0, 'reply_count': 0, 'like_count': 0, 'quote_count': 0}",everyone,éŽå¾—å¤ªå®‰é€¸å°±æ˜¯æœè‘—é€€æ­¥çš„è·¯é€”| #Nike #Nikeplus #nikewomen #running #disappointed #Wednesday http://someurl,593363774398136321,1164452142,593363774398136321,Instagram,#disappointed,,,
zh,2015-04-20T04:40:32.000Z,"{'retweet_count': 0, 'reply_count': 0, 'like_count': 0, 'quote_count': 0}",everyone,å¦‚æžœä½ å°ä¸€å€‹äººçš„æ„›æ„Ÿåˆ°å¤±æœ›åˆ°äº†ä¸€å€‹æ¥µé»žï¼Œé‚£é€™æ„›ï¼Œèµ°ä¸‹åŽ»ä¹Ÿæä¸èµ·å‹äº†ã€‚| #Disappointed http://someurl,590012148492926976,108318797,590012148492926976,Instagram,#disappointed,,,
zh,2015-03-24T10:06:59.000Z,"{'retweet_count': 0, 'reply_count': 0, 'like_count': 0, 'quote_count': 0}",everyone,çœ‹çœ‹é€™å€‹åˆ‡é¢åŽšåº¦èˆ‡å¹¾ä¸å¯è¦‹çš„è‚‰æ±...(*Â´>Ð´<)| ç«¹å—æƒ¡é­”é›žæŽ’ å®Œå‹ï¼ï¼| #disappointed #loser @ é­”çŽ‹ç‹‚æš´é›žæŽ’ http://someurl,580309829257945088,999789674,580309829257945088,Instagram,#disappointed,"{'coordinates': {'type': 'Point', 'coordinates': [120.902718, 24.69133682]}, 'place_id': '010edf1d421121b0'}",,
zh,2015-03-23T15:29:02.000Z,"{'retweet_count': 0, 'reply_count': 0, 'like_count': 1, 'quote_count': 0}",everyone,æœ‰æ™‚å€™ï¼ŒçœŸå¸Œæœ›æ°¸é ä¸è¦é‡ä¸ŠæŸäº›äººæŸäº›äº‹| #disappointed | çœå¾—å¿ƒç…©,580028487190228993,393967988,580028487190228993,Twitter for iPhone,#disappointed,"{'coordinates': {'type': 'Point', 'coordinates': [121.4566874, 24.98767545]}, 'place_id': '019a3137395a2973'}",,
zh,2015-03-23T04:50:40.000Z,"{'retweet_count': 0, 'reply_count': 0, 'like_count': 0, 'quote_count': 0}",everyone,æ²’å•¥å‘³é“ï¼Œé³³å±±çš„ç±³è‹”ç›®æ¯”é€™å€‹å¥½åƒå¤šäº† #ç±³è‹”ç›® #è€æ±å°ç±³è‹”ç›® #å°æ± #æ™®é€š #disappointed @ å°æ±è€æ±å°ç±³å°ç›® http://someurl,579867838695010304,228401210,579867838695010304,Instagram,#disappointed,,,
zh,2015-03-16T08:10:00.000Z,"{'retweet_count': 0, 'reply_count': 0, 'like_count': 0, 'quote_count': 0}",everyone,ç‚ºä»€éº¼é€™ä¸–ç•Œä¸Šæœƒæœ‰é»‘å¿ƒçš„äººå‘¢? ä»–(å¥¹)å€‘è…¦å­éƒ½åœ¨æƒ³ä»€éº¼å‘¢? #justranting #bored #sad #disappointed,577381285804425216,42185972,577381285804425216,Twitter Web Client,#disappointed,,,
zh,2015-03-14T15:29:19.000Z,"{'retweet_count': 0, 'reply_count': 0, 'like_count': 0, 'quote_count': 0}",everyone,æœ‰ä¸€ç‚¹å¯¹ä½ å¤±æœ›ðŸ˜”ðŸ˜”ðŸ˜” #disappointed,576767067119964161,909979544,576767067119964161,Twitter for Android,#disappointed,,,
zh,2015-03-11T20:32:20.000Z,"{'retweet_count': 0, 'reply_count': 0, 'like_count': 0, 'quote_count': 0}",everyone,ä¸€å¼µç´…ç‰Œ| æ•´å ´çƒè³½ç ´å£žäº†| | #life #allaboutricardolsw #believe #football #sad #disappointed http://someurl,575756159283511296,910875823,575756159283511296,Instagram,#disappointed,,,
zh,2015-03-11T18:49:26.000Z,"{'retweet_count': 0, 'reply_count': 0, 'like_count': 0, 'quote_count': 0}",everyone,æœ€è¿‘å°Oklahomaæ„Ÿåˆ°å¾ˆå¤±æœ›ï¼å°¤å…¶æˆ‘åˆç‰¹åˆ¥åŽ­æƒ¡åˆ¥äººæ‹¿å®—æ•™æˆ–æ”¿æ²»ç•¶è¿«å®³å¼±å‹¢çš„å·¥å…·  #disappointed,575730264925597696,1906203577,575730264925597696,OS X,#disappointed,,,
zh,2015-03-01T14:12:54.000Z,"{'retweet_count': 0, 'reply_count': 0, 'like_count': 0, 'quote_count': 0}",everyone,é™¤äº†ä¼¤å¿ƒè¿˜æ˜¯ä¼¤å¿ƒ | #sad #disappointed,572036796097277952,282939579,572036796097277952,Twitter Web Client,#disappointed,,,
zh,2015-02-27T13:58:06.000Z,"{'retweet_count': 0, 'reply_count': 0, 'like_count': 0, 'quote_count': 0}",everyone,æƒ³ç”¨ä¸€å€‹å¾®ç¬‘æŽ©è“‹æ‰€æœ‰çš„æƒ…ç·’| æ¯”å¦‚æˆ‘çš„ #é›£éŽ æˆ‘çš„ #å¤±æœ›| å› ç‚ºæœ‰çœ¼ç›æ‰€ä»¥çœ‹å¾—åˆ° æ²’è¾¦æ³•å‡è£çœ‹ä¸åˆ°| #æ™šå®‰ #å„ä½| #disappointed #i #know #affair #wil #become... http://someurl,571308294247219200,1715024756,571308294247219200,Instagram,#disappointed,,,
zh,2015-02-13T15:06:52.000Z,"{'retweet_count': 0, 'reply_count': 0, 'like_count': 0, 'quote_count': 0}",everyone,ä¸­é¦¬ç¥¨ä¹Ÿæ²’å“ªéº½æº–ï¼å·²ç¶“å¾ˆä¹…æ²’ç”Ÿç—…äº†ã€‚ì—´ì´ ë‚˜ìš”! ë¨¸ë¦¬ê°€ ì•„íŒŒìš”! ðŸ˜· ä»Šæ—©çš„ä»»å‹™ä¹Ÿå¤±æ•—ã€‚è¶…å¤±æœ›çš„ï¼ðŸ˜­ NOT MY DAY! #disappointed| #BlackFriday strikes me! http://someurl,566252170874720257,129503790,566252170874720257,Instagram,#disappointed,,,
zh,2015-02-12T19:26:53.000Z,"{'retweet_count': 0, 'reply_count': 0, 'like_count': 0, 'quote_count': 0}",everyone,-ä»Šè²-| äººå¿ƒæ¯”è…¿ç´¯| #heart #leg #tired #want #life #funny #lol #disappointed #people #peace gg http://someurl,565955217012051970,1387546405,565955217012051970,Instagram,#disappointed,,,
zh,2015-01-22T07:28:13.000Z,"{'retweet_count': 0, 'reply_count': 0, 'like_count': 0, 'quote_count': 0}",everyone,å¦‚æžœæˆ‘major iné£Ÿé‡Ž å¤§æ¦‚å°±å””æ´—å†æ“”å¿ƒgpa #honeycreme #baileysoriginal #disappointed http://someurl,558164214594797569,134788975,558164214594797569,Twitter for Android,#disappointed,,,
zh,2015-01-17T12:40:07.000Z,"{'retweet_count': 0, 'reply_count': 0, 'like_count': 0, 'quote_count': 0}",everyone,çœŸçš„æ˜¯å¾ˆæƒ³åŽ»å’–å•¡åº—å™Žwwwwwww #cafe #midnight #disappointed,556430766725267456,339635383,556430766725267456,Twitter Web Client,#disappointed,,,
zh,2015-01-15T11:19:38.000Z,"{'retweet_count': 0, 'reply_count': 0, 'like_count': 0, 'quote_count': 0}",everyone,è½éŒ¯å–®...æžåˆ°æˆæ¯æ¶¼èŒ¶å’ ðŸ˜‘ðŸ˜‘#KOI #disappointed #Latte http://someurl,555685738344620032,176406551,555685738344620032,Instagram,#disappointed,,,
zh,2015-01-05T18:05:38.000Z,"{'retweet_count': 1, 'reply_count': 0, 'like_count': 1, 'quote_count': 0}",everyone,å—¯å—¯å—¯ æˆ‘ä¸€ç›´å¾ˆæ¸…é†’ æ¸…é†’çš„çœ‹ç€è‡ªå·±æ€Žä¹ˆçš„æ²‰æ²¦ã€‚#emo #like #shit #damn #mood #desire #insomnia #disappointed http://someurl,552164030912405504,465206142,552164030912405504,Instagram,#disappointed,,,
zh,2015-01-05T09:31:37.000Z,"{'retweet_count': 0, 'reply_count': 0, 'like_count': 0, 'quote_count': 0}",everyone,æœ‰æœŸæœ›æ‰ä¼šå¤±æœ›| æ˜¯æˆ‘å¿˜äº†| #Hope #Disappointed @ Loudspeakerå¤§å˜´å­ http://someurl,552034673891631105,830660749,552034673891631105,Instagram,#disappointed,"{'coordinates': {'type': 'Point', 'coordinates': [103.6701855, 1.51533281]}, 'place_id': '72d5ecacd2d3a055'}",,
zh,2014-12-28T04:46:09.000Z,"{'retweet_count': 0, 'reply_count': 0, 'like_count': 0, 'quote_count': 0}",everyone,é€ƒä¸è¿‡ï¼Œç®—ä¸å‡ºï¼Œæµå¹´ã€‚ #upset #me #follow #disappointed #sad #love http://someurl,549063730240430080,1182631483,549063730240430080,Instagram,#disappointed,,,
zh,2014-12-10T14:28:21.000Z,"{'retweet_count': 0, 'reply_count': 0, 'like_count': 0, 'quote_count': 0}",everyone,å°æ–¼è¬›ä¸€å¥—åšä¸€å¥—...çœŸçš„æœ‰é–‘åˆ°...ï¼#Disappointed,542687267672686593,114241604,542687267672686593,Twitter for Android,#disappointed,,,
zh,2014-12-07T04:42:53.000Z,"{'retweet_count': 0, 'reply_count': 0, 'like_count': 1, 'quote_count': 0}",everyone,æƒ³ç°¡å–®ï¼Œæœ‰é€™éº¼é›£å—Žï¼Ÿ #emotion  #heart  #heartbreak #sad #upset #disappointed #death #zombie #person #poor... http://someurl,541452765361238017,2603903802,541452765361238017,Instagram,#disappointed,,,
zh,2014-12-04T04:04:08.000Z,"{'retweet_count': 0, 'reply_count': 0, 'like_count': 0, 'quote_count': 0}",everyone,@someuser å…ˆç”Ÿï¼Œæ‚¨çœŸä»¤æˆ‘å¤±æœ›ã€‚#disappointed #killbill10 #ableg,540355851232350208,177489372,540355851232350208,Twitter for iPhone,#disappointed,,451127875,
zh,2014-12-03T12:24:00.000Z,"{'retweet_count': 0, 'reply_count': 0, 'like_count': 0, 'quote_count': 0}",everyone,"Will my votes be heard? The more I watch, the more frustrated I get! ä½ ä»¬æŠŠæˆ‘çš„ç¥¨å½“ç©ºæ°”å—?!!!!! #injustice #frustrated #disappointed",540119258638729216,1032988700,540119258638729216,Twitter for Android,#disappointed,,,
zh,2014-12-03T08:22:51.000Z,"{'retweet_count': 0, 'reply_count': 0, 'like_count': 0, 'quote_count': 0}",everyone,å¤±æœ›ä¸éŽå¦‚æ­¤ #disappointed http://someurl,540058571329638400,328911388,540058571329638400,Instagram,#disappointed,,,
zh,2014-11-15T17:56:40.000Z,"{'retweet_count': 0, 'reply_count': 0, 'like_count': 0, 'quote_count': 0}",everyone,é€™ä¸€é—•é«˜ç™»æ­Œã€€é—œæ–¼å­¤ç¨çš„æˆ‘| å…¨åŸŽèšæ»¿äº†ã€€å¯‚å¯žäººå¾ˆå¤šã€€äº’ä¸ç›¸è­˜éƒ½å¯åˆ‡ç£‹| å”±ä¸€é—•é«˜ç™»æ­Œã€€å¤šå°‘ä½³ç¯€ç¶²ä¸ŠéŽ| èª°äººæ­¥è¿‘æˆ‘ã€€è‹¥æ˜¯èƒ½é–‹å£| æˆ–çµ‚å¯å¾—åˆ°å¥½çµæžœã€€ä¸å¿…ä¸€å€‹| | #disappointed #alone #é«˜ç™»æ­Œ http://someurl,533679993252237313,1269021716,533679993252237313,Instagram,#disappointed,,,
zh,2014-11-09T17:19:48.000Z,"{'retweet_count': 0, 'reply_count': 1, 'like_count': 0, 'quote_count': 0}",everyone,"i was sure #Sia was saying æˆ‘ä¸çŸ¥é“, ä¸çŸ¥é“ (wo bu zhi dao, bu zhi dao) in the opening few lines of #Chandelier. #mandopop #disappointed",531496388715352064,1195051890,531496388715352064,Twitter for iPhone,#disappointed,"{'coordinates': {'type': 'Point', 'coordinates': [-1.60469558, 53.85887775]}, 'place_id': '6863fd050de21120'}",,
zh,2014-10-27T10:18:24.000Z,"{'retweet_count': 0, 'reply_count': 0, 'like_count': 0, 'quote_count': 0}",everyone,#so #disappointed| ç«™å…§å ´ç«™åˆ°ä¸€åŠ| çªç„¶å¤§å®¶å–Šå®‡è±å¦³æœ‹å‹ä¾†äº†å“¦| æˆ‘å¿ƒæƒ³| é‚£å…©å€‹çŽ‹å…«è›‹ä»€éº¼æ™‚å€™é‚£éº¼æœ‰å¿ƒä¾†æ‰¾æˆ‘| æˆ‘æ»¿å¿ƒæœŸå¾…çš„èµ°å‡ºåŽ»| | çµæžœ| æ²’æœ‰ä¸€å€‹æ˜¯æˆ‘æœ‹å‹| éƒ½æ˜¯å¤–åœ‹äºº| | å®³æˆ‘å¥½å¤±æœ› http://someurl,526679297914703874,380906217,526679297914703874,Instagram,#disappointed,,,
zh,2014-10-18T15:27:35.000Z,"{'retweet_count': 0, 'reply_count': 0, 'like_count': 0, 'quote_count': 0}",everyone,è¦ºå¾—ä»—è‘—æˆ‘å¥½èªªè©±å¥½æ¬ºè² çš„äºº| æœ‰é»žå¤šæœ‰é»žéŽåˆ†æœ‰é»žä¸æ‡‚è‡‰è‰²| | #å¤±æœ› #disappointed #ì‹¤ë§| | #é«’è©±| #ä¹¾å››å°å¾Œè¦‹ðŸ˜‘ðŸ˜‘ðŸ˜‘ http://someurl,523495614265700354,210481293,523495614265700354,Instagram,#disappointed,,,
zh,2014-10-15T15:28:38.000Z,"{'retweet_count': 0, 'reply_count': 0, 'like_count': 0, 'quote_count': 0}",everyone,å¦‚æžœã€‚| ç„¡ä»»ä½•æœŸæœ›ã€‚| å°±ã€‚| å””æœƒè¦ºå¾—å¤±æœ›ã€‚| | #hkig #feeling #bless #hope #badmood #moment #expectation #disappointed... http://someurl,522408716402843648,112980530,522408716402843648,Instagram,#disappointed,,,
zh,2014-10-13T21:44:08.000Z,"{'retweet_count': 0, 'reply_count': 0, 'like_count': 0, 'quote_count': 0}",everyone,å³åœ­å³åœŸåŸ½åž›åœŸåœ°æ­¥æžªæ”¯æ’‘ç€æ€¥æ€§èƒ½######DISAPPOINTED*******Qéªœä¹å£¬å¦ªç®ªå®¥å¦¥å‡¸æœå£¬ç«¹å­å¥³äººçƒŸæ¶ˆäº‘æ•£çƒ­å™¨å®˜ç§»æ¤ç‰©ç¾¤è½å®žçŽ°åœ¨çº¿è·¯ä¸Šæµ· â€” listening to Heartbreaker (Justin Bieber song),521778440006291456,2400661197,521778440006291456,Facebook,#disappointed,,,
zh,2014-10-09T17:40:32.000Z,"{'retweet_count': 0, 'reply_count': 0, 'like_count': 0, 'quote_count': 0}",everyone,æŽ¥å—äº‹å¯¦å§ï¼Œä¸å†æ˜¯ä»¥å‰é‚£æ¨£æ„Ÿæƒ…é‚£éº¼å¥½äº†ï¼Œä½ æ˜¯åœ¨è¢«åˆ©ç”¨è‘—ï¼Œé›£é“é‚„æœƒå’Œä½ åˆ†äº«å—Žï¼Ÿä¸æœƒäº†ï¼Œåˆ¥å‚»å—¨å•¦ã€‚ã€‚ã€‚æ­»å‚»å—¨ï¼#disappointed,520267583463763968,158771557,520267583463763968,Twitter for Android,#disappointed,,,
zh,2014-10-05T10:12:29.000Z,"{'retweet_count': 0, 'reply_count': 0, 'like_count': 1, 'quote_count': 0}",everyone,æ¯ä¸€æ¬¡éƒ½ä¸€æ ·ä¸æ”¹å˜ã€‚| #disappointed http://someurl,518705275205742592,206140779,518705275205742592,Instagram,#disappointed,,,
zh,2014-09-22T14:09:52.000Z,"{'retweet_count': 0, 'reply_count': 0, 'like_count': 0, 'quote_count': 0}",everyone,åˆ°ç¾åœ¨æˆ‘æ‰ç™¼ç¾ï¼Œ| åŽŸä¾†é‚£äº›å®ˆæ™‚å®ˆä¿¡çš„äººï¼éƒ½æ˜¯ä»–åª½çš„è…¦æ®˜ã€‚æˆ‘å¹¹ï¼#disappointed http://someurl,514053973347958784,1215912422,514053973347958784,Instagram,#disappointed,,,
zh,2014-09-22T12:32:38.000Z,"{'retweet_count': 0, 'reply_count': 0, 'like_count': 0, 'quote_count': 0}",everyone,æ²’æœ‰å¸Œæœ›å°±ä¸æœƒå¤±æœ›| #hope #disappointed http://someurl,514029503211773952,2419054664,514029503211773952,Twitter for Android,#disappointed,,,
zh,2014-09-16T11:59:29.000Z,"{'retweet_count': 0, 'reply_count': 0, 'like_count': 0, 'quote_count': 0}",everyone,è¯´çš„å®¹æ˜“ï¼Œåšåˆ°çš„åˆæœ‰å‡ ä¸ªï¼Ÿ #disappointed #tired ##celine #notgoingtotrust #againandagain http://someurl,511846833195212800,2464602576,511846833195212800,Instagram,#disappointed,,,
zh,2014-09-15T01:00:09.000Z,"{'retweet_count': 0, 'reply_count': 0, 'like_count': 0, 'quote_count': 0}",everyone,"åŒäº‹æ‹¿é€™çµ¦æˆ‘æ¸¬, èª¬å¥¹æ¸¬äº†ç ´éŒ¶...| æˆ‘ä¸€æ¸¬æ¯”å¥¹å¤šä¸‰åˆ†, æ²’æœ‰è¦è¼¸çš„æ„æ€...  #æ†‚é¬±ç—‡  #æ†‚é¬±ç—‡é‡è¡¨  #disappointed  #æ—©æœŸç™¼ç¾æ—©æœŸæ²»ç™‚  #å‘Šè¨´å¥¹æˆ‘ä¸€åˆ‡éƒ½å¥½  #æ…¨ç•¶ä»¥æ…·... http://someurl",511318520291160064,2287772222,511318520291160064,Instagram,#disappointed,,,
zh,2014-08-28T16:30:44.000Z,"{'retweet_count': 0, 'reply_count': 0, 'like_count': 0, 'quote_count': 0}",everyone,ç”Ÿæ°£ä¹Ÿæœ‰è³‡æ ¼è·Ÿé“ç†like someone hit ur head at the back .... #disappointed http://someurl,505029725883232258,224057548,505029725883232258,Instagram,#disappointed,,,
zh,2014-08-21T08:20:30.000Z,"{'retweet_count': 0, 'reply_count': 0, 'like_count': 0, 'quote_count': 0}",everyone,å¤§ä¸æŽ¨| é™¤éžç†±æ„›çœ‹é›»å½±çš„æ°£æ°›| æˆ–æƒ³åœ¨å¤§èž¢å¹•çœ‹å¾ˆå¤šå°ç£å ´æ™¯| ä¸ç„¶ä¹–ä¹–ç­‰å½±ç‰‡å°±å¥½...| é€£æˆ‘éƒ½ä¸€åº¦æƒ³ç¡...| | #Lucy #disappointed http://someurl,502369641306808320,1252995156,502369641306808320,Instagram,#disappointed,,,
zh,2014-08-14T04:27:42.000Z,"{'retweet_count': 0, 'reply_count': 0, 'like_count': 0, 'quote_count': 0}",everyone,å¤§æ‰€å¤±æœ›ï¼Œæª³å·žæ”¿åºœèˆ‡å¸‚æ°‘ä¾ç„¶ç„¡æ³•é€šéŽç¬¬ä¸‰å¼µç¥¨ä¾†é¸å‡ºåœ°æ–¹æ”¿åºœ...| #disappointed,499774339751747586,170480339,499774339751747586,Twitter for Android,#disappointed,,,
zh,2014-08-12T12:07:22.000Z,"{'retweet_count': 0, 'reply_count': 0, 'like_count': 0, 'quote_count': 0}",everyone,é›£é“çœŸçš„æ‰¾ä¸åˆ°å¥½åƒçš„äº”æ˜Ÿç´šé£¯åº—ä¸‹åˆèŒ¶ï¼Ÿï¼Ÿ (ã€’ï¸¿ã€’)| #12kitchen #2hr #soso #disappointed http://someurl,499165241318862848,999789674,499165241318862848,Instagram,#disappointed,,,
zh,2014-08-03T11:24:03.000Z,"{'retweet_count': 0, 'reply_count': 0, 'like_count': 0, 'quote_count': 0}",everyone,ä¹±ç³Ÿç³Ÿçš„ä¸€å †ä¹¦ åŽ»äº†ä¸¤æ¬¡ä¹¦å±• ä¹¦å°±é‚£ä¹ˆä¸€ä¸ç‚¹ æ–‡å…·å°±èŠ±äº†Rm200++ è¿˜æœ‰ä¸€ä¸ªå¾ˆæƒ³ä¹°çš„æ‰‹å·¥æœºå™¨ä¹°ä¸ä¸‹æ‰‹ :(( ä»Šå¤©æœ€åŽä¸€å¤©äº†...... #sad #disappointed... http://someurl,495892852422230016,1004233963,495892852422230016,Instagram,#disappointed,,,
zh,2014-07-17T02:02:41.000Z,"{'retweet_count': 0, 'reply_count': 0, 'like_count': 0, 'quote_count': 0}",everyone,è·Ÿäº†æˆ‘é€™éº¼å¤šå¹´é‚„æžä¸æ¸…æˆ‘åœ¨å·¥ä½œæ–¹é¢çš„æ€ç¶­ï¼ŒçœŸæ˜¯ä»¤æˆ‘å¤ªå¤±æœ›äº†ã€‚ðŸ˜ž #disappointed,489590985463037952,51333029,489590985463037952,OS X,#disappointed,,,
zh,2014-07-15T07:26:23.000Z,"{'retweet_count': 0, 'reply_count': 0, 'like_count': 1, 'quote_count': 0}",everyone,ä¸‹åˆæ˜¯æœ€æµªè´¹æ—¶é—´çš„æ—¶å€™| çƒ­ï¼ä»€ä¹ˆéƒ½åšä¸åˆ°| #hot #badmood #disappointed,488947669692190721,2354290976,488947669692190721,Twitter for Android,#disappointed,,,
zh,2014-07-14T11:03:06.000Z,"{'retweet_count': 0, 'reply_count': 0, 'like_count': 0, 'quote_count': 0}",everyone,æ­¤åˆ»å¿ƒæƒ…: è¼¸çƒ+è¼¸éŒ¢ä¸é–‹æ£®...| Be disappointed  about Messi miss the WorldCup champion again...| #disappointed... http://someurl,488639819363672065,2287772222,488639819363672065,Instagram,#disappointed,"{'coordinates': {'type': 'Point', 'coordinates': [120.21948668, 22.98525198]}, 'place_id': '204a435ce97d5de4'}",,
zh,2014-06-14T15:37:49.000Z,"{'retweet_count': 0, 'reply_count': 0, 'like_count': 1, 'quote_count': 0}",everyone,æœ‹å‹ï¼Œæˆ‘å¯¹ä½ å¾ˆå¤±æœ›ã€‚å…³å¿ƒåœ°é—®å€™ï¼Œå´æ¢æ¥å†·æ¼ ã€‚| Top from dressandstyleboutique ðŸ˜‰ | #june #2014 #giveup #disappointed... http://someurl,477837321278996480,339608670,477837321278996480,Instagram,#disappointed,,,
zh,2014-06-13T03:52:34.000Z,"{'retweet_count': 0, 'reply_count': 0, 'like_count': 1, 'quote_count': 0}",everyone,"ä»¥å‰ä»€ä¹ˆéƒ½Ah Lim| çŽ°åœ¨èµ°è¿œä¸€ç‚¹äº†,åˆä¸è§ä½ æ‰¾Ah lim| #disappointed",477297449996808192,625446441,477297449996808192,Twitter for iPhone,#disappointed,,,
zh,2014-06-07T17:59:59.000Z,"{'retweet_count': 0, 'reply_count': 0, 'like_count': 0, 'quote_count': 0}",everyone,åšè¶…éŽ12å°æ™‚çš„é‘²åµŒçŽ»ç’ƒ| ç¾åœ¨æ»¿è…¦å­éƒ½æ˜¯çŽ»ç’ƒ| çœ¼å‰ä¹Ÿéƒ½æ˜¯çŽ»ç’ƒèŠ±è‰².......| çœŸæ˜¯å¤ªåˆ»éª¨éŠ˜å¿ƒäº†........| | #disappointed #day,475336380755615745,1454440453,475336380755615745,Twitter for iPhone,#disappointed,,,
zh,2014-06-05T02:27:11.000Z,"{'retweet_count': 0, 'reply_count': 0, 'like_count': 0, 'quote_count': 0}",everyone,å½»åº•å¯¹è‡ªå·±å¤±æœ›äº†...... #disappointed #tired #sick http://someurl,474376858448826369,2239942904,474376858448826369,Instagram,#disappointed,,,
zh,2014-05-28T16:10:26.000Z,"{'retweet_count': 0, 'reply_count': 0, 'like_count': 0, 'quote_count': 0}",everyone,Photo: ä¸€æ¬¡åˆä¸€æ¬¡çš„æ‰“æ“Šï¼Œä¸€æ¬¡åˆä¸€æ¬¡çš„å¿ƒç¢Ž... æ²®å–ªåˆåŠ›ä¸å¾žå¿ƒçš„ï¼Œä»€éº¼æ™‚å€™æ‰èƒ½å¥½è½‰ï¼Ÿ ä¸æƒ³å†ä»¥çœ¼æ·šåº¦æ—¥ï¼ŒçœŸçš„å¥½ç´¯å¥½ç´¯... #life #disappointed #depressed #exhausted... http://someurl,471684933858373632,183574932,471684933858373632,Tumblr,#disappointed,,,
zh,2014-05-28T16:10:21.000Z,"{'retweet_count': 0, 'reply_count': 1, 'like_count': 0, 'quote_count': 0}",everyone,ä¸€æ¬¡åˆä¸€æ¬¡çš„æ‰“æ“Šï¼Œä¸€æ¬¡åˆä¸€æ¬¡çš„å¿ƒç¢Ž...| æ²®å–ªåˆåŠ›ä¸å¾žå¿ƒçš„ï¼Œä»€éº¼æ™‚å€™æ‰èƒ½å¥½è½‰ï¼Ÿ| ä¸æƒ³å†ä»¥çœ¼æ·šåº¦æ—¥ï¼ŒçœŸçš„å¥½ç´¯å¥½ç´¯...| #life #disappointed #depressed #exhausted #tear... http://someurl,471684911368503297,183574932,471684911368503297,Instagram,#disappointed,,,
zh,2014-05-25T16:46:35.000Z,"{'retweet_count': 0, 'reply_count': 0, 'like_count': 0, 'quote_count': 0}",everyone,ç¢ºå¯¦çš„ã€‚ã€‚ã€‚å€”å¼·è‡³ä»ŠðŸ˜”æ¯æ¬¡çœ‹åˆ°éƒ½ä»ç„¶æœƒå¾ˆç³¾çµðŸ˜ž ä¸è¦å•ï¼Œåªè¦çœ‹ã€‚ æ‡‚çš„äººè‡ªç„¶æ‡‚~è¨˜å¾—ï¼ä¸è¦å•ï¼ #äº”æœˆå¤© #mayday #may #sadness #sad #unhappy #disappointed... http://someurl,470606869820895233,24386731,470606869820895233,Instagram,#disappointed,,,
zh,2014-05-25T16:16:36.000Z,"{'retweet_count': 0, 'reply_count': 0, 'like_count': 0, 'quote_count': 0}",everyone,æ—¥æœ¬çš„èµ¢äº†ï¼Ÿ| #Our #Holiday #were #lost #I #am #felling #disappointed #.....,470599323579723776,1287683755,470599323579723776,Facebook,#disappointed,,,
zh,2014-05-24T14:22:41.000Z,"{'retweet_count': 0, 'reply_count': 0, 'like_count': 0, 'quote_count': 0}",everyone,æˆ‘ä¸è¦åœ“åœ“è‡‰å•¦ ðŸ˜¢| | #Disappointed http://someurl,470208266379616256,2244721508,470208266379616256,Instagram,#disappointed,,,
zh,2014-05-20T08:57:07.000Z,"{'retweet_count': 0, 'reply_count': 0, 'like_count': 0, 'quote_count': 0}",everyone,æˆ‘ä¸åŽæ‚”ï¼Œæˆ‘åªæ„Ÿåˆ°é—æ†¾çš„æ˜¯é‚£äº›è°ç»™äº†å¸Œæœ›ï¼Œæ²¡æœ‰ä¸¥è‚ƒæ€§ #Sorry #Regret #disappointed,468676781709357056,316973791,468676781709357056,TweetDeck,#disappointed,,,
zh,2014-05-05T19:10:50.000Z,"{'retweet_count': 0, 'reply_count': 0, 'like_count': 0, 'quote_count': 0}",everyone,æ—¢ç„¶å°ä¸èµ·äº†ä»–å€‘| å”¯æœ‰ç”¨ç¬¬å››éš»æ‰‹æŒ‡åŽ»ä½œå®‰æ…°| #sorry #hurt #sad #cry #addoil #standby #staywith #support #lost #disappointed... http://someurl,463395410875514881,910875823,463395410875514881,Instagram,#disappointed,,,
zh,2014-05-02T00:34:49.000Z,"{'retweet_count': 0, 'reply_count': 0, 'like_count': 0, 'quote_count': 0}",everyone,Soon deluso. #disappointed #sad #unlucky @ ä¸­åœ‹é†«è—¥å¤§å­¸ http://someurl,462027396007604225,299178037,462027396007604225,Instagram,#disappointed,,,
zh,2014-04-25T17:26:57.000Z,"{'retweet_count': 0, 'reply_count': 0, 'like_count': 0, 'quote_count': 0}",everyone,å†æ¬¡è¯å®žè¿™ä¸–ç•Œæ²¡äººä¼šæŠŠä½ å½“æœ‹å‹çš„| æ‰€ä»¥åˆ«éšä¾¿æŠŠèº«è¾¹çš„æœ‹å‹å½“æœ‹å‹| #disappointed#sad#no#more#friend#alone#insomia#midnight#exam#coming#soon#nervous#,459745392167358465,955346791,459745392167358465,Twitter for iPhone,#disappointed,,,
zh,2014-04-16T13:28:37.000Z,"{'retweet_count': 0, 'reply_count': 1, 'like_count': 0, 'quote_count': 0}",everyone,æœ¬æ¥ä¼°è®¡ä¼šè€ƒåˆ°ä¸‰ç§‘ä¸­æœ€é«˜åˆ†çš„ç§‘ç›®ï¼Œè°çŸ¥ä¼šæ˜¯ä¸‰ç§‘ä¸­æœ€ä½Žåˆ†çš„é‚£ä¸ª....#disappointed,456423921391108096,135081317,456423921391108096,Twitter for Android,#disappointed,,,
zh,2014-04-03T22:07:57.000Z,"{'retweet_count': 0, 'reply_count': 0, 'like_count': 0, 'quote_count': 0}",everyone,åˆ©ç”¨äººå°±æœ‰ã€‚æ— äº‹ä¸ç™»ä¸‰å®æ®¿. #disappointed #shameonyou,451843573085138944,21397949,451843573085138944,Twitter for iPhone,#disappointed,,,
zh,2014-04-02T15:16:32.000Z,"{'retweet_count': 0, 'reply_count': 0, 'like_count': 0, 'quote_count': 0}",everyone,æ¬¸......æœ€è¿‘å—äº†ä¸å°‘æ‰“æ“Š| è¦åœ¨ç”Ÿæ´»è£¡éš±å±…ä¸€é™£å­æ‰è¡Œå•Šï½ž| #cp #fighting #recently #schoollife #university #disappointed http://someurl,451377648527499265,2394731148,451377648527499265,Instagram,#disappointed,,,
zh,2014-03-22T05:19:02.000Z,"{'retweet_count': 0, 'reply_count': 0, 'like_count': 0, 'quote_count': 0}",everyone,#140322| æ—©ä¸Šå–äº†å…©æ¯æ‹¿éµ| å¸Œæœ›ç­‰ä¸‹ä¸æœƒæƒ³ç¡è¦º| å¿ƒæƒ…æœ‰é»žç„¡!å¥ˆ!| #disappointed#girl#taiwan#taoyuan @ ä¸­å£¢å¸‚ç«‹åœ–æ›¸é¤¨ http://someurl,447241015834202112,1315826755,447241015834202112,Instagram,#disappointed,,,
zh,2014-03-22T04:42:21.000Z,"{'retweet_count': 0, 'reply_count': 0, 'like_count': 0, 'quote_count': 0}",everyone,å…¶å¯¦é —å¤±æœ›ã€‚| #disappointed #maskingtape #maskingsticker #vocabularybook http://someurl,447231785513263105,1522146122,447231785513263105,Instagram,#disappointed,,,
zh,2014-03-14T16:29:02.000Z,"{'retweet_count': 0, 'reply_count': 0, 'like_count': 0, 'quote_count': 0}",everyone,éš¾é“ä½ åœ¨æˆ‘èƒŒåŽä¹Ÿæ˜¯è®©åˆ«äººçœ‹ä½ æ€Žä¹ˆä¸ç†æˆ‘!!??ðŸ˜¡ #weirdo #meanee #disappointed,444510523799769088,2199052706,444510523799769088,Twitter for iPhone,#disappointed,,,
zh,2014-03-12T13:28:23.000Z,"{'retweet_count': 0, 'reply_count': 0, 'like_count': 0, 'quote_count': 0}",everyone,ä»–xçš„ï¼æ€Žä¹ˆä¸€ä¸ªä¸¤ä¸ªéƒ½ä¸ç´§å¼ å•Šï¼| çœŸçš„ä»¥ä¸ºè¿˜æœ‰å¾ˆå¤šæ—¶é—´å—ï¼Ÿï¼Ÿ| #angry #disappointed #helpless,443740286640857088,2354290976,443740286640857088,Twitter Web Client,#disappointed,,,
zh,2014-03-08T08:08:28.000Z,"{'retweet_count': 0, 'reply_count': 0, 'like_count': 0, 'quote_count': 0}",everyone,é‚£äº›å¹´ï¼Œæˆ‘ä»¬ä¸€èµ·è¿½ä¸åˆ°çš„å…‰æ´™ ðŸ˜¢| è°¢è°¢è¿™ä½å‚»å©†é™ªæˆ‘ä¸€èµ·åœ¨21å²å‰åšäº†ä¸€ä¸ªç–¯ç‹‚çš„äº‹! #bestie #crazy #wedidntgettoseekwangsoo #disappointed... http://someurl,442210224406298624,150944858,442210224406298624,Instagram,#disappointed,,,
zh,2014-02-17T05:19:24.000Z,"{'retweet_count': 0, 'reply_count': 0, 'like_count': 0, 'quote_count': 0}",everyone,å½“åˆ«äººè¯´å®¹æ˜“çš„æ—¶å€™ï¼Œä½ å°±è¦æ‰¿è®¤è‡ªå·±å·®åŠ²ï¼ðŸ‘ŽðŸ‘ŽðŸ‘Ž #disappointed,435282310347239424,507492358,435282310347239424,Twitter for Android,#disappointed,,,
zh,2014-02-14T18:00:49.000Z,"{'retweet_count': 0, 'reply_count': 0, 'like_count': 0, 'quote_count': 0}",everyone,#åŒæƒ…äººèŠ‚ ä¸­è¥¿åˆç’§ #valentineday #chapgohmei #æŠ›æŸ‘æ´»åŠ¨ didnt get mandarin orange to æŠ› #disappointed... http://someurl,434386762300129280,174649540,434386762300129280,Instagram,#disappointed,,,
zh,2014-02-08T08:06:54.000Z,"{'retweet_count': 0, 'reply_count': 0, 'like_count': 0, 'quote_count': 0}",everyone,å”‰ï¼Œçªç ´å¾Œé˜²ï¼Œå–®åˆ€å””å…¥ï¼Œå¯æƒœ #soccer #hkicl #disappointed #tournment @ Morse Park æ‘©å£«å…¬åœ’ http://someurl,432062971943333888,288007164,432062971943333888,Instagram,#disappointed,"{'coordinates': {'type': 'Point', 'coordinates': [114.19, 22.34047222]}}",,
zh,2014-02-05T17:39:10.000Z,"{'retweet_count': 0, 'reply_count': 0, 'like_count': 0, 'quote_count': 0}",everyone,åšå¥³å„¿çœŸéš¾ã€‚| #february #2014 #6th #wednesday #emo #fight #wtf #disappointed #instahair #instamood... http://someurl,431119822664237056,339608670,431119822664237056,Instagram,#disappointed,,,
zh,2014-02-04T15:58:05.000Z,"{'retweet_count': 0, 'reply_count': 0, 'like_count': 0, 'quote_count': 0}",everyone,çœ‹å®Œ èŽ«å…§å±•å¾Œçš„æˆ°åˆ©å“| å°å¤œç‡ˆ!| #Monet #Disappointed #lamp @ NHRI å–®èº«å®¿èˆ http://someurl,430731999327039488,999789674,430731999327039488,Instagram,#disappointed,"{'coordinates': {'type': 'Point', 'coordinates': [120.9079613, 24.7116035]}}",,
zh,2014-02-03T15:24:20.000Z,"{'retweet_count': 0, 'reply_count': 0, 'like_count': 0, 'quote_count': 0}",everyone,Photo: æ‰¾ä¸åˆ°è€Œç´¯æ·š ç„¡è·¯ ç„¡è·¯ å¤±åŽ» åªæƒ³èººè‘—éœå¾… #upset #typic #taiwan #taichung #disappointed http://someurl,430361115311493120,385500789,430361115311493120,Tumblr,#disappointed,,,
zh,2014-01-21T11:56:53.000Z,"{'retweet_count': 0, 'reply_count': 0, 'like_count': 0, 'quote_count': 0}",everyone,å”‰ è¢«æ”¾é´¿å­äº†ã€‚ã€‚ã€‚åˆ°åº•æ˜¯ç¬¬å¹¾æ¬¡å‘¢??I am so sadðŸ˜¢ðŸ˜¢ðŸ˜¢æœ¬ä¾†ä»¥ç‚ºçµ‚æ–¼å¯ä»¥è¦‹åˆ°é¢äº† ä½†...å¥½å§ðŸ˜­ðŸ˜­ #IAmSoSad #disappointed http://someurl,425597866955247616,1331169962,425597866955247616,Instagram,#disappointed,,,
zh,2014-01-20T18:12:42.000Z,"{'retweet_count': 0, 'reply_count': 0, 'like_count': 0, 'quote_count': 0}",everyone,æ²’æœ‰å¿ƒæ©Ÿç—›æ¨ä½   åšä½ çŸ¥å·±æ²’ååˆ© #sad #unhappy #disappointed #hkgirl #hkstagram #hkig #hk #girl #bestrong #behappy... http://someurl,425330058275094528,24386731,425330058275094528,Instagram,#disappointed,,,
zh,2014-01-12T03:48:18.000Z,"{'retweet_count': 0, 'reply_count': 0, 'like_count': 0, 'quote_count': 0}",everyone,å¥½å¿ƒæŠŠä½ å½“å¥½æœ‹å‹ä½ å´æŠŠæˆ‘å½“ä»€ä¹ˆ (;| #disappointed,422213420163682306,2286544034,422213420163682306,Twitter for Android,#disappointed,,,
zh,2013-12-30T17:14:23.000Z,"{'retweet_count': 0, 'reply_count': 0, 'like_count': 0, 'quote_count': 0}",everyone,Video: ç¬‘ç¬‘å¸¶éŽ #disappointed #taiwan #kaohsiung #smile #minions #video #laugh http://someurl,417705234488918016,385500789,417705234488918016,Tumblr,#disappointed,,,
zh,2013-12-30T16:49:57.000Z,"{'retweet_count': 0, 'reply_count': 0, 'like_count': 0, 'quote_count': 0}",everyone,æ­¤åˆ»æ„Ÿè¦ºã€‚ã€‚ã€‚ç³Ÿé€äº†â•¯ï¸¿â•° èª°æœƒä¾†æ‹¯æ•‘å¯æ†çš„çŽ‰çªï¼Ÿ #æ²®å–ª #å¤±æœ› #å‚·å¿ƒ #ä¸èƒ½æŽ¥å— #ä¸è¡Œ #ä¸é–‹å¿ƒ #è¿·èŒ« #unhappy #sad #tired #disappointed #feelbad... http://someurl,417699089057603584,24386731,417699089057603584,Instagram,#disappointed,,,
zh,2013-12-27T15:22:00.000Z,"{'retweet_count': 0, 'reply_count': 0, 'like_count': 0, 'quote_count': 0}",everyone,é›£é“å°±æ²’æœ‰äººèƒ½å€¼å¾—ä¿¡ä»»ï¼Ÿ #disappointed http://someurl,416589790817964032,2230614806,416589790817964032,Twitter for iPhone,#disappointed,,,
zh,2013-12-27T15:14:20.000Z,"{'retweet_count': 0, 'reply_count': 0, 'like_count': 0, 'quote_count': 0}",everyone,çœ¼çœ‹ç€ä¸€ä¸ªç‰¹è´µçš„å¼€å‘ç æ˜Žå¤©å°±è¿‡æœŸäº†ï¼Œè”ç³»äº†å‡ ä¸ªå¥½å‹éƒ½æ²¡æ³•å¸®åŠ©æˆ‘ï¼Œæˆ‘ä¸€å®šè¦ä¹°ä¸ªMAC  #disappointed,416587860821569540,512887831,416587860821569540,Twitter Web Client,#disappointed,,,
zh,2013-12-27T01:54:02.000Z,"{'retweet_count': 0, 'reply_count': 0, 'like_count': 1, 'quote_count': 0}",everyone,æˆ‘ä¸æƒ³ä¸€ç›´é‡å¤è¯´æˆ‘ä¸å–œæ¬¢çš„ä¸œè¥¿ å¦‚æžœä½ æ˜Žç™½æˆ‘ ä½ ä¹Ÿä¸ä¼šé‡å¤åˆé‡å¤ã€‚#disappointed,416386460783112192,213293212,416386460783112192,Twitter for iPhone,#disappointed,,,
zh,2013-12-25T14:35:13.000Z,"{'retweet_count': 0, 'reply_count': 0, 'like_count': 0, 'quote_count': 0}",everyone,ä¸çŸ¥æ€Žéº¼æžçš„ï¼Œä»Šå¹´çš„è–èª•ç¯€......| å¯èƒ½æ˜¯æœŸå¾…è®Šæˆå¤±æœ›çš„æ¦‚å¿µå§......| æˆ‘çŸ¥é“æˆ‘è©²å­¸ç¿’çŸ¥è¶³| #disappointed,415853240345821185,1943514522,415853240345821185,Twitter for Android,#disappointed,"{'coordinates': {'type': 'Point', 'coordinates': [121.5352085, 25.0414222]}}",,
zh,2013-12-13T09:52:00.000Z,"{'retweet_count': 0, 'reply_count': 0, 'like_count': 0, 'quote_count': 0}",everyone,è²·äº†ä¸èƒ½ç”¨çš„æ„Ÿè¦ºçœŸä¸å¥½å—... #disappointed #iphone5s http://someurl,411433313430020097,2230614806,411433313430020097,Twitter for iPhone,#disappointed,,,
zh,2013-12-11T13:08:33.000Z,"{'retweet_count': 0, 'reply_count': 0, 'like_count': 0, 'quote_count': 0}",everyone,"ç­é•¿, think for once.| ç­é•¿, imagine for once.| ç­é•¿, open your small brain for once.| | #Disappointed #AsExpected #NotToThatStandard",410758001000079360,186031642,410758001000079360,Twitter for Android,#disappointed,,,
zh,2013-12-07T17:12:36.000Z,"{'retweet_count': 0, 'reply_count': 0, 'like_count': 0, 'quote_count': 0}",everyone,ç¸½æ˜¯æƒ³å¾—å¤ªå¤šä¹Ÿæƒ³å¾—å¤ªé ã€‚ã€‚ã€‚ä»Šå¤œæ…˜äº†â•¯ï¸¿â•°è¦æ€Žéº¼è¾¦ï¼Ÿ #æ‚²å‚· #ä¸é–‹å¿ƒ #è¨ŽåŽ­ #æ„Ÿè¦º #æƒ³çš„å¤ªå¤š #æƒ³å¾—å¤ªé  #sad #unhappy #disappointed #cry... http://someurl,409369867159351296,24386731,409369867159351296,Instagram,#disappointed,,,
zh,2013-12-07T16:13:11.000Z,"{'retweet_count': 0, 'reply_count': 0, 'like_count': 0, 'quote_count': 0}",everyone,çœ‹éŒ¯ #disappointed #confused,409354912644866048,1043910679,409354912644866048,Twitter for iPhone,#disappointed,,,
zh,2013-11-30T03:00:08.000Z,"{'retweet_count': 0, 'reply_count': 0, 'like_count': 0, 'quote_count': 0}",everyone,å†é‡å‚·ä¹Ÿé‡ä¸éŽå°è‡ªå·±å¤±æœ›ã€‚ðŸ’” #squaready #potd #ootd #disappointed #emo #heartbreak #exhausted #sad #unhappy... http://someurl,406618619314196480,1162675285,406618619314196480,Instagram,#disappointed,,,
zh,2013-11-26T19:22:11.000Z,"{'retweet_count': 0, 'reply_count': 0, 'like_count': 0, 'quote_count': 0}",everyone,"ç†±è‡‰è²¼å†·å±è‚¡çš„æ„Ÿè¦ºå¾ˆå¹¹ï¼Œæ‡‚ï¼Ÿ| ä¸åœ¨ä¹Žçš„äººåˆ°åº•æ˜¯ä½ é‚„æ˜¯æˆ‘ï¼Ÿ| #856 to go, #ib #fml| #irritated #pissed #disappointed #wtf #whatever... http://someurl",405416209317113857,155990639,405416209317113857,Instagram,#disappointed,"{'coordinates': {'type': 'Point', 'coordinates': [-3.535314, 50.466411]}, 'place_id': '26eb69ac3ac29514'}",,
zh,2013-11-25T18:17:38.000Z,"{'retweet_count': 0, 'reply_count': 0, 'like_count': 0, 'quote_count': 0}",everyone,ä½ æ°¸è¿œè¿˜ä¸äº†æˆ‘18å²çš„æ—¶å…‰ ðŸš¶..... #18 #nightmare #disappointed #i #really #hate #you #how #dare #you #fucking... http://someurl,405037577801334785,1328519221,405037577801334785,Instagram,#disappointed,,,
zh,2013-11-22T16:27:33.000Z,"{'retweet_count': 0, 'reply_count': 0, 'like_count': 0, 'quote_count': 0}",everyone,æ±ºå®šä¸åŽ»æ¼”å”±æœƒäº† åª½åª½çªç„¶çµ¦æˆ‘RM100å«æˆ‘åŽ»è²·æˆ‘æƒ³è²·çš„Super Juniorçš„æ±è¥¿ èƒ½ç®—æ˜¯æ„å¤–çš„æ”¶ç©«å—Ž ??._.| #ä¸èƒ½åŽ»SS5 #disappointed #sad,403922711816052738,1039600837,403922711816052738,Twitter Web Client,#disappointed,,,
zh,2013-11-22T16:27:03.000Z,"{'retweet_count': 0, 'reply_count': 0, 'like_count': 0, 'quote_count': 0}",everyone,æ¼”å”±æœƒé‚„æ˜¯åŽ»ä¸æˆäº† äº¤é€šå•é¡Œæœ€è®“äººè¨ŽåŽ­ å”‰ è¨ŽåŽ­é‚£è©²æ­»çš„æœªæˆå¹´ !!!:(| #SS5 #disappointed #sad,403922583701037056,1039600837,403922583701037056,Twitter Web Client,#disappointed,,,
zh,2013-11-22T10:32:41.000Z,"{'retweet_count': 0, 'reply_count': 0, 'like_count': 0, 'quote_count': 0}",everyone,"æ˜¨æ™šå¯¹è‡ªå·±è¯´,ä¸ºäº†ä½ æˆ‘å†³å®šè¸å‡ºè¿™ä¸€æ­¥... | çŽ°åœ¨ä½ ç«Ÿç„¶è·Ÿæˆ‘è¯´é¬¼è¯æ¥æ°”æˆ‘?? | #totally #disappointed #on #you #while #Im #giving #what #you... http://someurl",403833404875366400,369511717,403833404875366400,Instagram,#disappointed,,,
zh,2013-11-21T15:21:33.000Z,"{'retweet_count': 0, 'reply_count': 0, 'like_count': 0, 'quote_count': 0}",everyone,è¶Šæ˜¯åšå¼ºçš„æ—¶å€™ï¼Œè¶Šæ˜¯è„†å¼±å¾—å®¹æ˜“å´©å¡Œçš„æ—¶å€™ã€‚#upset #tearsdrop #disappointed #emotion #sad #well #Keep #staystrong #cuz #you... http://someurl,403543715043868673,555224418,403543715043868673,Instagram,#disappointed,,,
zh,2013-11-20T01:47:38.000Z,"{'retweet_count': 0, 'reply_count': 0, 'like_count': 0, 'quote_count': 0}",everyone,ç„¡å¿ƒä¸Šèª²è®€æ›¸çš„æ„Ÿè¦º| æ»¿è…¦åªæƒ³å‡ºåŽ»çŽ©| æ€Žéº¼è¾¦| | #disappointed #taoyuan #DYSH #student #girl #taiwan http://someurl,402976494986993664,1315826755,402976494986993664,Instagram,#disappointed,,,
zh,2013-11-14T03:50:05.000Z,"{'retweet_count': 0, 'reply_count': 0, 'like_count': 0, 'quote_count': 0}",everyone,Photo: å°±åƒé€™æ¨£ æ…¢æ…¢æµ®ç¾ èªªçœŸçš„ ä¸ç”Ÿæ°£ åªé›£éŽ å°±ç®—æ°£ ä¹Ÿæ˜¯æ°£è‡ªå·±ã€‚ #sad #friend #disappointed #feeling #thought #iphone #camera #taiwan... http://someurl,400832985530105856,385500789,400832985530105856,Tumblr,#disappointed,,,
zh,2013-11-14T03:50:03.000Z,"{'retweet_count': 0, 'reply_count': 0, 'like_count': 0, 'quote_count': 0}",everyone,å°±åƒé€™æ¨£| æ…¢æ…¢æµ®ç¾| | èªªçœŸçš„| ä¸ç”Ÿæ°£| åªé›£éŽ| | å°±ç®—æ°£| ä¹Ÿæ˜¯æ°£è‡ªå·±ã€‚| #sad #friend #disappointed #feeling #thought #iphone #camera... http://someurl,400832976084533248,385500789,400832976084533248,Instagram,#disappointed,,,
zh,2013-10-31T16:27:46.000Z,"{'retweet_count': 0, 'reply_count': 0, 'like_count': 0, 'quote_count': 0}",everyone,æ²’ä»€éº¼ä¸€ç¬‘ä¾¿éŽ  ä¹Ÿè‡³å°‘æŠŠæŸäº›éºæ†¾åŒ–ç‚ºçŽ©ç¬‘å¥½éŽ O_o #unhappy #sad #angry #disappointed #å¯æ­Œå¯æ³£ #è¿·ä½ å…µ #å°å°å…µ #minions #theminions @someuser http://someurl,395950233257259008,24386731,395950233257259008,Instagram,#disappointed,,,
zh,2013-10-31T13:51:24.000Z,"{'retweet_count': 0, 'reply_count': 0, 'like_count': 0, 'quote_count': 0}",everyone,2012å¹´ä¹‹å¾Œçš„bicycle deckçœŸçš„è³ªé‡æœ‰è®Šå·®ï¼Œå°æ¯”09å¹´çš„tigerï¼Œç´™è³ªè®Šè–„ä¸èªªï¼Œé‚„æ²’æœ‰æŠ“åŠ›ï¼Œæ»‘çš„è¦æ­»ã€‚ #disappointed,395910880556089344,47862270,395910880556089344,Tweetbot for iOS,#disappointed,,,
zh,2013-10-11T16:08:36.000Z,"{'retweet_count': 0, 'reply_count': 0, 'like_count': 0, 'quote_count': 0}",everyone,ä¸€ä¸ªè¡¨é¢çš„å¾®ç¬‘ï¼ŒèƒŒåŽä¸çŸ¥è—äº†å¤šå°‘è‹¦æ¶©çš„äº‹ã€‚ðŸ˜”â˜ºï¸ #october #2013 #11th #friday #chinesewordsareemo #frustrated #disappointed... http://someurl,388697653422612480,339608670,388697653422612480,Instagram,#disappointed,,,
zh,2013-10-10T12:55:38.000Z,"{'retweet_count': 0, 'reply_count': 0, 'like_count': 1, 'quote_count': 0}",everyone,æ— æ³•ç¬‘ç€é¢å¯¹ åŽŸä»¥ä¸ºè‡ªå·±å¾ˆæœ‰æŠŠæ¡çš„ç§‘ç›®éƒ½ç»™æˆ‘ä¸€æŽŒæŽ‰è¿›è°·åº• è¦æˆ‘å¦‚ä½•å†åŽ»ç›¸ä¿¡åŠªåŠ›åŽæ˜¯æœ‰æˆæžœçš„? #disappointed #on #myself #fvck #off #:( http://someurl,388286700344320001,905485670,388286700344320001,Instagram,#disappointed,,,
zh,2013-09-29T10:10:02.000Z,"{'retweet_count': 0, 'reply_count': 0, 'like_count': 0, 'quote_count': 0}",everyone,æ²’æœŸå¾…å°±æ²’å¤±æœ›ï¼ï¼| Now I know it #disappointed :-(,384258762086690817,1159462147,384258762086690817,Twitter for iPhone,#disappointed,,,
zh,2013-09-27T18:03:01.000Z,"{'retweet_count': 0, 'reply_count': 0, 'like_count': 1, 'quote_count': 0}",everyone,fk u gang! æˆ‘æœ€ä¸èƒ½å¿å—ä½ ä»¬åœ¨æˆ‘èƒŒåŽæžäº‹ï¼Œè¿˜è¢«æˆ‘å‘çŽ°ï¼ #damn #shit #disappointed,383653015145570304,1685681894,383653015145570304,Twitter Web Client,#disappointed,,,
zh,2013-09-22T11:56:29.000Z,"{'retweet_count': 0, 'reply_count': 0, 'like_count': 0, 'quote_count': 0}",everyone,è²“è²“ï¼Œä½ å¥½å¯æ„›å•Š/_\ #Disappointed #cat #sigh #hkig #cutecat http://someurl,381748834483044352,314714985,381748834483044352,Instagram,#disappointed,,,
zh,2013-09-15T07:50:10.000Z,"{'retweet_count': 0, 'reply_count': 1, 'like_count': 0, 'quote_count': 0}",everyone,Hello new wound. :( è¿™æ¬¡ç«Ÿç„¶æŠŠæ è¸¢æ–­ Zzzz. #failure #disappointed #100mHurdles #SibuOpen2013 http://someurl,379150130827767808,580763595,379150130827767808,Instagram,#disappointed,,,
zh,2013-09-11T15:59:34.000Z,"{'retweet_count': 0, 'reply_count': 0, 'like_count': 0, 'quote_count': 0}",everyone,å·²ç¶“çœ‹ä¸é€ä½ æœ‰æ²’æœ‰æŠŠæˆ‘ç•¶ä¸€å›žäº‹ #feel #bad #hurt #disappointed  #in #you #crying #midnight http://someurl,377823744087326721,207363302,377823744087326721,Instagram,#disappointed,,,
zh,2013-09-11T02:58:25.000Z,"{'retweet_count': 0, 'reply_count': 0, 'like_count': 0, 'quote_count': 0}",everyone,æœ‰é»žé›£éŽæœ‰é»žå¤±æœ›ï¼Œå¯æ˜¯åˆèƒ½å¦‚ä½•å‘¢ï¼Ÿ æˆ‘æƒ³å›žå°ä¸­è®€æ›¸äº† å—šå—šå—šå—š  #sad #disappointed #lose  #confidence http://someurl,377627160439435264,175814335,377627160439435264,Instagram,#disappointed,,,
zh,2013-09-10T15:05:35.000Z,"{'retweet_count': 0, 'reply_count': 0, 'like_count': 1, 'quote_count': 0}",everyone,é€™ç¤¾æœƒæ‰€è¬‚çš„æ­£ç¾©å’Œå…¬å¹³è·‘åˆ°å“ªäº†ï¼Ÿ!  #disappointed,377447767540375552,890413561,377447767540375552,Twitter for Android,#disappointed,,,
zh,2013-09-07T10:44:02.000Z,"{'retweet_count': 0, 'reply_count': 0, 'like_count': 0, 'quote_count': 0}",everyone,çœŸå€’éœ‰ ! æ¯æ¬¡è¦ä¹°çš„ä¸œè¥¿éƒ½ç¼ºè´§æ˜¯æ€Žæ · ?!! îîîŽîˆî‰î„½îŒ±î‹ #raining #day #boring #disappointed #haizzz http://someurl,376294783243018240,181910034,376294783243018240,Instagram,#disappointed,,,
zh,2013-09-06T15:24:39.000Z,"{'retweet_count': 0, 'reply_count': 0, 'like_count': 0, 'quote_count': 0}",everyone,æˆ‘æ— è¨€ã€‚#disappointed,376003016215625728,550121760,376003016215625728,Twitter for Android,#disappointed,"{'coordinates': {'type': 'Point', 'coordinates': [101.5912104, 3.0725579]}, 'place_id': '6b9ed4869788d40e'}",,
zh,2013-09-05T09:22:20.000Z,"{'retweet_count': 0, 'reply_count': 0, 'like_count': 0, 'quote_count': 0}",everyone,Its a very foggy and rainy day... #disappointed @ è¥¿æµ·å¤§å³¡è°· http://someurl,375549449940267008,7877582,375549449940267008,Instagram,#disappointed,"{'coordinates': {'type': 'Point', 'coordinates': [118.15721891, 30.14247823]}}",,
zh,2013-08-29T11:49:09.000Z,"{'retweet_count': 0, 'reply_count': 0, 'like_count': 0, 'quote_count': 0}",everyone,å¿ƒæƒ…è·Œå…¥è°·åº•æ—¶ï¼Œè°¢è°¢é‚£å¤šå‡ è„šæ¥è®©æˆ‘ç›´å…¥æ— åº•æ·±æ¸Š~ #disappointed #sadness #unhappy #depress #moody #emo #instadaily #potd... http://someurl,373049679376039936,165406956,373049679376039936,Instagram,#disappointed,"{'coordinates': {'type': 'Point', 'coordinates': [-1.408513, 53.414585]}, 'place_id': '2492a6d8e91adf5c'}",,
zh,2013-08-27T13:35:58.000Z,"{'retweet_count': 0, 'reply_count': 0, 'like_count': 0, 'quote_count': 0}",everyone,å…§ç–šæ„Ÿæ¹§ä¸Šå¿ƒé ­ å¾ˆåœ¨æ„é˜¿ =/ #feelsorry #disappointed,372351785236578305,890413561,372351785236578305,Twitter for Android,#disappointed,,,
zh,2013-08-20T15:09:18.000Z,"{'retweet_count': 0, 'reply_count': 0, 'like_count': 0, 'quote_count': 0}",everyone,"å°±ç®—ä»‹æ„, æˆ‘å¯ä»¥æ€Žæ ·...å«ä½ ä¸è¦å‡ºé˜Ÿç„¶åŽæ¥é™ªæˆ‘å— :( #disappointed.",369838558246219776,1036100268,369838558246219776,Twitter for Android,#disappointed,,,
zh,2013-08-19T17:57:22.000Z,"{'retweet_count': 0, 'reply_count': 0, 'like_count': 0, 'quote_count': 0}",everyone,"èº«å¿ƒéƒ½å¾ˆç´¯å¾ˆç´¯...å¿ƒæƒ…ä¹Ÿå·®å¾—å¾ˆ...è² èƒ½é‡åˆçˆ†ç‡ˆ!æ‰€ä»¥åˆè¦æŠŠå¿ƒäº‹éƒ½å¯«é€²å¥½ä¹…ä¸è¦‹çš„æ—¥è¨˜ä¸Š,ä»Šæ™š,å¿ƒç—›äº†...æµæ·šäº†...æˆ‘ä¹ŸçœŸçš„ç´¯äº†... #sad #unhappy #disappointed... http://someurl",369518466945908736,24386731,369518466945908736,Instagram,#disappointed,,,
zh,2013-08-18T11:34:29.000Z,"{'retweet_count': 0, 'reply_count': 0, 'like_count': 0, 'quote_count': 0}",everyone,åªæ˜¯æ¯”è¼ƒæœ‰éŒ¢æ˜¯å¤šå¥½å•¦ä¸æ‡‚ #disappointed #with #xxx http://someurl,369059721342246912,841395056,369059721342246912,Instagram,#disappointed,,,
zh,2013-08-17T16:03:39.000Z,"{'retweet_count': 0, 'reply_count': 0, 'like_count': 0, 'quote_count': 0}",everyone,ä½ è½‰èº«é›¢é–‹| æ˜¯èªªé™Œç”Ÿäººä¹Ÿåšçš„å¤ªå¾¹åº•äº†......| ä½ åœ¨èª¤æœƒä»€éº¼ æœ¬æ‡‰è©²æ˜¯ä½ è¦æ„Ÿåˆ°é–‹å¿ƒçš„post| è‡ªå·±ä¹ŸçŸ›ç›¾çš„å¿ƒæƒ…| ç®—äº† ä½ ä»¥ç‚ºä½ æœ‰å¤šé›£å¿˜ -å®¥å˜‰ èªªè¬Š| #hopeless #disappointed #suchalie http://someurl,368765072190881792,537463363,368765072190881792,Twitter for iPhone,#disappointed,,,
zh,2013-08-15T17:37:21.000Z,"{'retweet_count': 0, 'reply_count': 0, 'like_count': 0, 'quote_count': 0}",everyone,æˆ–è¨±å§| ä»¥ç‚ºé€™æ¨£å¯ä»¥å¾—åˆ°ä»€éº¼| ä¹Ÿæˆ–è¨±| ä»¥ç‚ºé€™æ¨£å¯ä»¥å¹«åŠ©ä»€éº¼| ä½†ä»¥ç‚ºåœ¨æœ€å¾Œé‚„æ˜¯å‚·å®³äº†ä»€éº¼| æƒ³å¤šäº†é ­ç—› æƒ³é€šäº†å¿ƒç—›| é‚£å°±æ”¾ä¸‹å§ï¼ #disappointed #in #you #sad #blue... http://someurl,368063879383089152,207363302,368063879383089152,Instagram,#disappointed,,,
zh,2013-08-06T13:01:03.000Z,"{'retweet_count': 0, 'reply_count': 0, 'like_count': 0, 'quote_count': 0}",everyone,@someuser åƒé‡Œæ‰’å¤–alr lo #disappointed,364732855768711169,382573613,364705426585030657,Twitter for iPhone,#disappointed,,507046459,"[{'type': 'replied_to', 'id': '364732691603656704'}]"
zh,2013-07-27T10:33:54.000Z,"{'retweet_count': 0, 'reply_count': 0, 'like_count': 1, 'quote_count': 0}",everyone,è¿˜çœŸçš„èŠ±é’±ä¹°äº†ä¸ªæ•™è®­| æ”¹å¤©æˆ‘åšäººè¿˜æ˜¯å¾—æ”¾èªæ˜Žç‚¹ #cunning #businessmen #my #dear #first #smart #phone #disappointed,361071944998715392,859658185,361071944998715392,Twitter for iPad,#disappointed,,,
zh,2013-07-25T15:09:48.000Z,"{'retweet_count': 0, 'reply_count': 0, 'like_count': 0, 'quote_count': 0}",everyone,å¶çˆ¾çš„å°ç™¼ç‰¢é¨·æ˜¯æŠ’ç™¼ï¼Œæ…£æ€§è®ŠæˆæŠ±æ€¨ #Disappointed #ShitNoOneSays,360416601247449088,916705429,360416601247449088,Twitter for iPad,#disappointed,,,
zh,2013-07-21T15:05:26.000Z,"{'retweet_count': 0, 'reply_count': 0, 'like_count': 0, 'quote_count': 0}",everyone,"æ— è®ºå¤šå—ä¼¤, éƒ½è¦ç¬‘ç€åŽ»é¢å¯¹ä¸€åˆ‡... =D #Moody #Down #Disappointed #SmileForTomorrow â™¥ http://someurl",358965952177643522,1227714506,358965952177643522,Instagram,#disappointed,,,
zh,2013-07-16T17:02:31.000Z,"{'retweet_count': 0, 'reply_count': 0, 'like_count': 0, 'quote_count': 0}",everyone,"è¿™ç§æ„Ÿè§‰è‡ªå·±æ‡‚,æ€Žä¹ˆå‘Šè¯‰äººå®¶éƒ½ä¸ä¼šäº†è§£...åªå¥½è‡ªå·±å—è‹¦ #sad #disappointed #heartbroke #lost",357183474756632576,275530195,357183474756632576,Twitter for iPhone,#disappointed,,,
zh,2013-07-07T17:31:40.000Z,"{'retweet_count': 0, 'reply_count': 0, 'like_count': 0, 'quote_count': 0}",everyone,å½“çœŸå¿ƒæ¢æ¥æ— æƒ…ï¼Œæˆ‘å°†é€‰æ‹©æ²‰é»˜æ¥å¯¹å¾…ï¼ #brandnewday #brandnewme #disappointed #careless,353929319615180800,92713437,353929319615180800,Twitter for iPhone,#disappointed,,,
zh,2013-06-27T07:28:22.000Z,"{'retweet_count': 0, 'reply_count': 2, 'like_count': 0, 'quote_count': 0}",everyone,ä¸èƒ½åŽ»è¿ªå£«å°¼å› ç‚ºæ²’æœ‰éŒ¢â‹¯ #disappointed,350153618235736064,367631663,350153618235736064,Twitter Web App,#disappointed,,,
zh,2013-06-22T10:37:02.000Z,"{'retweet_count': 0, 'reply_count': 0, 'like_count': 1, 'quote_count': 0}",everyone,ä½ åˆ°åº•æŠŠæˆ‘å½“çœŸæœ‹å‹è¿˜æ˜¯æš‚æ—¶çš„æœ‹å‹ ? æˆ‘ä¸æ˜¯ä¸œè¥¿ï¼Œæˆ‘æœ‰æ„Ÿæƒ…çš„ okay -.- #disappointed #speechless #onyou,348389158307373056,412882066,348389158307373056,Twitter Web Client,#disappointed,,,
zh,2013-06-16T15:32:19.000Z,"{'retweet_count': 0, 'reply_count': 0, 'like_count': 0, 'quote_count': 0}",everyone,"ä¸€ä¸ªæ˜ŸæœŸå†™ä¸€ç¯‡ä½œæ–‡ , è¯­èµ›äº†æˆ‘ ã€‚ | | #å†™å‡ºä¸€ç¯‡æ²¡æœ‰çµæ„Ÿçš„ä½œæ–‡ä¸€ç‚¹ä¹Ÿä¸ç²¾å½©åˆ†æ•°è‚¯å®šä¸é«˜ #JUST #499WORDS #DISAPPOINTED http://someurl",346289137944506370,1264880732,346289137944506370,Twitter Web Client,#disappointed,,,
zh,2013-06-14T13:19:13.000Z,"{'retweet_count': 0, 'reply_count': 0, 'like_count': 0, 'quote_count': 0}",everyone,"æˆ‘çš„å¿ƒçœŸçš„å¾ˆç—›, æ²¡æœ‰äººä¼šç†è§£| #today #friday #school #study #cheerleading #sad #disappointed #cry #tears #moody... http://someurl",345530868930064384,436832130,345530868930064384,Instagram,#disappointed,,,
zh,2013-06-11T16:44:57.000Z,"{'retweet_count': 0, 'reply_count': 0, 'like_count': 0, 'quote_count': 0}",everyone,#20130611| å¥½æƒ³çŸ¥é“ æˆ‘é‚„æ“æœ‰ä»€éº¼ã€‚| #sad #unhappy #kyingliu #crazy #alone #disappointed #lost hope #whocare... http://someurl,344495481872859137,92923457,344495481872859137,Instagram,#disappointed,,,
zh,2013-05-12T04:33:45.000Z,"{'retweet_count': 0, 'reply_count': 0, 'like_count': 0, 'quote_count': 0}",everyone,ä»Šå¤©çŠ¶æ€è¶…ä¸å¥½ï¼Œè™½ç„¶åªæ˜¯ä¸€åœºå‹è°Šèµ›ï¼Œä½†æ˜¯è‡ªå·±çœŸçš„æ˜¯æ²¡æœ‰æ‰“å¥½ï¼Œå¯¹ä¸èµ·é˜Ÿå‹ #feel #disappointed #must #training #hard #allthebest #girls... http://someurl,333439832581877760,237704363,333439832581877760,Instagram,#disappointed,,,
zh,2013-05-08T08:36:04.000Z,"{'retweet_count': 0, 'reply_count': 0, 'like_count': 0, 'quote_count': 0}",everyone,ä»Šå¤©çœ‹äº†è‡ªå·±çš„æ¯•ä¸šç…§ï¼Œæ„Ÿåˆ°å¤ªå¤±æœ›äº†ã€‚ã€‚ä¸ºä»€ä¹ˆè€å¸ˆè¦æŠŠæˆ‘ä»¬çš„å¤´å‘æ”¹æˆå¹³å¹³åŽ»ï¼Œæ•´ä¸ªè„¸éƒ½å˜äº†ï¼Œä¸æ˜¯æˆ‘ä¸€ä¸ªäººè€Œå·²ï¼ŒçœŸçš„ä¸æ‡‚æˆ‘ä»¬å­¦ç”Ÿæ˜¯æœ‰å‡ å¤±æœ›çš„å—ï¼Ÿ#disappointed #sadddddd... http://someurl,332051260771540992,1227321289,332051260771540992,Instagram,#disappointed,,,
zh,2013-05-06T04:01:55.000Z,"{'retweet_count': 0, 'reply_count': 1, 'like_count': 0, 'quote_count': 0}",everyone,å°±ç®—å…¨å›½æŠ•æ°‘è”ï¼Œä»–ä¹Ÿæœ‰åŠžæ³•å…¨éƒ¨å˜å›½æ”¿ã€‚ã€‚#suck #disappointed http://someurl,331257492459880448,1341517592,331257492459880448,Instagram,#disappointed,,,
zh,2013-05-06T03:33:58.000Z,"{'retweet_count': 0, 'reply_count': 0, 'like_count': 0, 'quote_count': 0}",everyone,è°¢ï¼Ÿè°¢ä½ å¦ˆ! ä¸çŸ¥ç¾žè€»ã€‚#wadDafug #dirty #black #election #disappointed http://someurl,331250457408323585,883672398,331250457408323585,Instagram,#disappointed,,,
zh,2013-05-05T21:44:10.000Z,"{'retweet_count': 0, 'reply_count': 0, 'like_count': 0, 'quote_count': 0}",everyone,"å¤ªé˜³å°±ç®—å†ç¿çƒ‚, å§‹ç»ˆä¹Ÿç…§ä¸äº®ä»–ä»¬çš„è‰¯å¿ƒã€‚ #disappointed #sad #UbahFailed #blackMalaysia http://someurl",331162431139217409,1229197524,331162431139217409,Instagram,#disappointed,,,
zh,2013-05-05T17:42:37.000Z,"{'retweet_count': 0, 'reply_count': 0, 'like_count': 0, 'quote_count': 0}",everyone,"æ— æ‰€è°“äº†, åæ­£éƒ½å·²æˆå®šå±€äº†, æˆ‘çœ¼é‡Œçš„å¤§é©¬, éƒ½ä¹Ÿè¢«ä»–ä»¬æŸ“é»‘äº†.... #devastated #disappointed #malaysia #black #pkr http://someurl",331101639723339778,46325046,331101639723339778,Instagram,#disappointed,,,
zh,2013-05-05T17:42:34.000Z,"{'retweet_count': 0, 'reply_count': 0, 'like_count': 0, 'quote_count': 0}",everyone,é»‘æš—ä¸­çš„å¸Œæœ›å‡ºæ¥å§!æ‹¯æ•‘æˆ‘ä»¬å§! #ironman #black #may5 #malaysia #gourvement #dirty #pray #help #despair #disappointed http://someurl,331101629354999810,565358214,331101629354999810,Instagram,#disappointed,,,
zh,2013-05-05T17:02:08.000Z,"{'retweet_count': 0, 'reply_count': 0, 'like_count': 0, 'quote_count': 0}",everyone,2013 05 06 0050é©¬æ¥è¥¿äºš55å¹´æ¥æœ€é»‘æš—çš„ä¸€å¤©| #dirty #bersih4.0 #vote #darknight #sad #disappointed #Malaysia... http://someurl,331091452543246336,529497495,331091452543246336,Instagram,#disappointed,,,
zh,2013-05-05T16:44:56.000Z,"{'retweet_count': 1, 'reply_count': 0, 'like_count': 1, 'quote_count': 0}",everyone,äº”æœˆäº”å·ï¼Œé©¬æ¥è¥¿äºšæ²¡ä»€ä¹ˆç‰¹åˆ«å•¦ï¼Œåªæ˜¯ä¸¾è¡Œä¸€åœºå¤§åž‹çš„é­”æœ¯è¡¨æ¼”ï¼ç²¾å½©ï¼#disappointed #nation #remain http://someurl,331087124550017024,74427576,331087124550017024,Instagram,#disappointed,,,
zh,2013-05-05T15:16:18.000Z,"{'retweet_count': 0, 'reply_count': 0, 'like_count': 0, 'quote_count': 0}",everyone,æ›¾ç»ä»¥ä¸ºä½ è·Ÿä»–ä»¬æ˜¯ä¸ä¸€æ ·çš„ å¯æ˜¯çŽ°åœ¨çœ‹åˆ°å¾—æ˜¯ä½ ä»¬éƒ½ä¸€æ · ç®—äº† è¿™ä¹Ÿè®¸æ‰æ˜¯ä½ æƒ³è¦çš„ #disappointed #you #squaready http://someurl,331064821237817344,241088206,331064821237817344,Instagram,#disappointed,,,
zh,2013-05-01T13:58:10.000Z,"{'retweet_count': 0, 'reply_count': 2, 'like_count': 0, 'quote_count': 0}",everyone,æˆ‘è¦ complain SONY !!!! #sienz #disappointed,329595603644461057,189051292,329595603644461057,Twitter Web Client,#disappointed,,,
zh,2013-04-26T08:59:21.000Z,"{'retweet_count': 0, 'reply_count': 0, 'like_count': 0, 'quote_count': 0}",everyone,å‰éš†å¡çš„é˜´é›¨å¤©ã€‚å¥½ä¼¼æˆ‘çš„å¿ƒæƒ…ã€‚æœ›ç€çª—å¤–ï¼Œçœ¼å‰é—ªè¿‡ä¸­å­¦æ—¶æœŸçš„è‡ªå·±ï¼Œå¸¸åœ¨å‘¨å…­çš„è¿™ç§å¤©æ°”é‡Œï¼Œä¸Šå®Œç”µè„‘å­¦ä¼šæ´»åŠ¨åŽæ­lrtå›žå®¶ #gloomy #klcc #disappointed http://someurl,327708466733006848,60773069,327708466733006848,Instagram,#disappointed,,,
zh,2013-04-20T07:30:33.000Z,"{'retweet_count': 0, 'reply_count': 0, 'like_count': 0, 'quote_count': 0}",everyone,é»žè§£æ†Žæˆ‘åˆè¦å­¸æˆ‘  å’ä½ æ†Žå””æ†Žä½ è‡ªå·±  #å”‰å””æ’šé©š #disappointed http://someurl,325511790932926465,1359434714,325511790932926465,Instagram,#disappointed,,,
zh,2013-04-19T14:03:39.000Z,"{'retweet_count': 0, 'reply_count': 0, 'like_count': 0, 'quote_count': 0}",everyone,æ— éœ€åœ¨ä¹Žæ²¡æœ‰æŠŠä½ æ”¾åœ¨çœ¼é‡Œçš„äºº ; åœ¨ä»–ä»¬çœ¼é‡Œä½ åªæ˜¯ä¸ªèŠ±ç›†  å¯¹ä½ ä»¬å¾ˆå¤±æœ› ã€‚ #TGIF #disappointed #Friends #Night http://someurl,325248329749499904,751279500,325248329749499904,Instagram,#disappointed,,,
zh,2013-03-31T11:44:08.000Z,"{'retweet_count': 0, 'reply_count': 0, 'like_count': 0, 'quote_count': 0}",everyone,åšäººæ€Žéº¼é‚£éº¼é›£:-/| #tired #life #blue #sad #angry #disappointed #friend #school http://someurl,318327852632264704,167777712,318327852632264704,Instagram,#disappointed,,,
zh,2013-03-28T14:02:29.000Z,"{'retweet_count': 0, 'reply_count': 0, 'like_count': 0, 'quote_count': 0}",everyone,è°ä¼šæ™“å¾—æ¯ä¸ªå¤œæ™šçš„æ³ªæ°´ | #sad #unhappy #tears #bad #moody #uncomfortable #disappointed #not #children... http://someurl,317275505625812992,436832130,317275505625812992,Instagram,#disappointed,,,
zh,2013-03-27T14:39:59.000Z,"{'retweet_count': 0, 'reply_count': 0, 'like_count': 0, 'quote_count': 0}",everyone,åœ¨ä½ ä»¬çœ¼é‡Œæˆ‘æ°¸è¿œéƒ½æ˜¯åå­©å­ï¼ #fml #disappointed #badmood,316922552746401792,1159096676,316922552746401792,Twitter for iPhone,#disappointed,,,
zh,2013-03-24T14:15:02.000Z,"{'retweet_count': 0, 'reply_count': 1, 'like_count': 0, 'quote_count': 0}",everyone,å…«çˆªé±¼ SOLD OUT!!! T_T #disappointed,315829111866146817,941718878,315829111866146817,Twitter for Windows Phone,#disappointed,,,
zh,2013-03-20T11:50:41.000Z,"{'retweet_count': 0, 'reply_count': 0, 'like_count': 0, 'quote_count': 0}",everyone,ç—›å—Žï¼Ÿå‚·å—Žï¼Ÿ#EMO #cut #hurt #sad #pain #disappointed #waiting http://someurl,314343232270123009,1074017748,314343232270123009,Instagram,#disappointed,,,
zh,2013-03-12T01:57:09.000Z,"{'retweet_count': 0, 'reply_count': 0, 'like_count': 0, 'quote_count': 0}",everyone,åšæœ‹å‹åšåˆ°è¿™æ ·..... #disappointed,311294764010061826,877400749,311294764010061826,Twitter Web Client,#disappointed,,,
zh,2013-03-07T18:13:25.000Z,"{'retweet_count': 0, 'reply_count': 0, 'like_count': 0, 'quote_count': 0}",everyone,æ‚£é›£è¦‹çœŸæƒ…!!!| æ·±åˆ»é«”æœƒ...ðŸ˜”| #disappointed http://someurl,309728508857438208,572754727,309728508857438208,Instagram,#disappointed,,,
zh,2013-03-05T08:56:38.000Z,"{'retweet_count': 0, 'reply_count': 0, 'like_count': 0, 'quote_count': 0}",everyone,å¥½æµªè²»çš„äº‹ï¼Œæˆ‘æ˜¯ä¸å†å°æ—…è¡Œæœ‰ä»€éº¼æ†§æ†¬äº†ã€‚æ²’äº†å°±æ²’äº†ï¼Œé›–ç„¶æœƒå¤±æœ›ä½†ä¸è¦å‚·æ„Ÿæƒ…å°±å¥½ã€‚ #trip #Tokyo #sad #disappointed#waste #money #Disneyland #instagramer #hkig #instamood #instada...,308863611785338880,607527910,308863611785338880,IFTTT,#disappointed,,,
zh,2013-03-03T10:10:01.000Z,"{'retweet_count': 0, 'reply_count': 0, 'like_count': 0, 'quote_count': 0}",everyone,ä»‹å…¥ä¸äº†åˆ«äººï¼Œå› ä¸ºæ²¡èµ„æ ¼ã€‚è‡ªå·±çš„ä¹Ÿç•™ä¸ä½ï¼Œæ˜¯å› ä¸ºä»€ä¹ˆï¼Ÿä»˜å‡ºçš„åˆ«äººä¸ä¼šçæƒœï¼Œæˆ–è®¸è¿˜è§‰å¾—åº”è¯¥çš„ï¼Œåˆæˆ–è€…ä¸å±‘ä½ çš„ä»˜å‡ºã€‚äººæ˜¯å­¤ç‹¬çš„ï¼Œä½†è¿˜æ˜¯è¦å¾®ç¬‘ #moody #alone #disappointed http://someurl,308157304686141440,346387628,308157304686141440,Instagram,#disappointed,,,
zh,2013-03-01T13:43:24.000Z,"{'retweet_count': 0, 'reply_count': 0, 'like_count': 0, 'quote_count': 0}",everyone,æˆ‘å¤±æœ›ã€‚ä¹Ÿç´¯äº†... æˆ–è®¸è¿™å°±æ˜¯å¯¹æˆ‘ä»¬æœ€å¥½çš„ç»“æžœ..åº”è¯¥è¦æ”¾æ‰‹äº†å°±ç®—èˆä¸å¾—:/  #disappointed #sad #mad #best #result #for #us #life #still... http://someurl,307486227333001217,178373876,307486227333001217,Instagram,#disappointed,,,
zh,2013-02-20T13:47:55.000Z,"{'retweet_count': 0, 'reply_count': 1, 'like_count': 0, 'quote_count': 0}",everyone,"@someuser walao, æ¯ä¸ªäººéƒ½ä¸ä¿¡æˆ‘è¦é è‡ªå·±å’§ #disappointed #sad",304225875480674305,1161871429,304048872395771904,Twitter for Android,#disappointed,,722178618,"[{'type': 'replied_to', 'id': '304225417399787521'}]"
zh,2013-02-08T15:50:03.000Z,"{'retweet_count': 0, 'reply_count': 0, 'like_count': 0, 'quote_count': 0}",everyone,çµ‚æ–¼åŽ»å·¦é£Ÿ èªçœŸè¦ºå¾—éº»éº»åœ°ðŸ˜”è‡ªå·±éƒ½å¯ä»¥æ•´åˆ° ä¿‚å†‡å’ä»¤only #teawood #mk #disappointed #sad #friendship #bad http://someurl,299907954923159553,1033144435,299907954923159553,Instagram,#disappointed,,,
zh,2013-02-06T11:28:57.000Z,"{'retweet_count': 0, 'reply_count': 0, 'like_count': 0, 'quote_count': 0}",everyone,çœŸçš„å˜æˆå›žå¿†äº†ã€‚å”‰.. è¿˜æˆ‘ä¸œå©·ã€œã€œã€œ ðŸ˜­ðŸ˜²ðŸ˜ž #disappointed #drama #koone2 #hope #next #season #together #still #support #pets http://someurl,299117474383798272,276086508,299117474383798272,Instagram,#disappointed,,,
zh,2013-01-09T03:46:56.000Z,"{'retweet_count': 0, 'reply_count': 0, 'like_count': 0, 'quote_count': 0}",everyone,æƒ³å¾—è¶Šå¤šï¼Œå¤±æœ›æ›´å¤§ã€‚#disappointed,288854342356832256,548383922,288854342356832256,Echofon,#disappointed,,,
zh,2013-01-06T12:40:18.000Z,"{'retweet_count': 0, 'reply_count': 0, 'like_count': 0, 'quote_count': 0}",everyone,æœ‰ä¸€å¤©ä½ æœƒç™¼ç¾æˆ‘æœ‰å¤šå¥½ï¼Œä½†ä¸€åˆ‡éƒ½å·²ç¶“å¤ªé²äº†ï¼#disappointed #im #tired #surrender #complicated #friends http://someurl,287901405258330112,152981368,287901405258330112,Instagram,#disappointed,,,
zh,2013-01-03T15:05:27.000Z,"{'retweet_count': 0, 'reply_count': 0, 'like_count': 0, 'quote_count': 0}",everyone,Flight confirmed.ã€€å¦‚æ˜Žæ—¥ä¾¿è¦é é›¢ #TobiasPhotoADay #disappointed #showmewhattodo http://someurl,286850768567422976,182352938,286850768567422976,Instagram,#disappointed,,,
zh,2012-12-27T17:58:59.000Z,"{'retweet_count': 0, 'reply_count': 0, 'like_count': 0, 'quote_count': 0}",everyone,èªªå¥½çš„å§å¦¹åŽ»å“ªäº†? #disappointed,284357725683597312,391378350,284357725683597312,Twitter for iPhone,#disappointed,,,
zh,2012-12-19T11:51:20.000Z,"{'retweet_count': 0, 'reply_count': 0, 'like_count': 0, 'quote_count': 0}",everyone,"åˆ°ç¾åœ¨é‚„æ˜¯ä¸æ»¿æ„å•Šæˆ‘åª½ã€‚ã€‚#pmr #results #7A #BM #goodbye #sad #disappointed #instamood #instafeeli @ Phase 4, Taman Fajar http://someurl",281366101038886912,219713548,281366101038886912,Instagram,#disappointed,"{'coordinates': {'type': 'Point', 'coordinates': [118.05531174, 5.88527871]}, 'place_id': 'e91dbe77698d02db'}",,
zh,2012-12-19T11:26:52.000Z,"{'retweet_count': 0, 'reply_count': 1, 'like_count': 0, 'quote_count': 0}",everyone,@someuser æœ€å¥½ä¸€ä¸ªæ˜ŸæœŸï¼Œä¸ç„¶ä½ å¾ˆéš¾è·Ÿæˆ‘äº¤ä»£ #Disappointed,281359943767031810,117991927,281343106199212032,Twitter Web Client,#disappointed,,431628145,"[{'type': 'replied_to', 'id': '281359585804161024'}]"
zh,2012-12-19T11:20:35.000Z,"{'retweet_count': 0, 'reply_count': 1, 'like_count': 0, 'quote_count': 0}",everyone,@someuser éƒ½å«ä½ ç”¨ facebook chat ä½ æ­»èµ–ä¸å¬ï¼ŒçŽ°åœ¨æ€Žæ ·æ‰æ˜¯ï¼Ÿ #Disappointed,281358363374276608,117991927,281343106199212032,Twitter Web Client,#disappointed,,431628145,"[{'type': 'replied_to', 'id': '281357812494393344'}]"
zh,2012-12-15T03:12:50.000Z,"{'retweet_count': 0, 'reply_count': 0, 'like_count': 0, 'quote_count': 0}",everyone,"åŽŸæ¥MTV Asia ä¸æ­¢Anti Nicki Minaj , è¿˜Anti Kesha >< #nickiminaj #kesha #anti #mtvasia #sad #disappointed http://someurl",279786065009725441,532866794,279786065009725441,Instagram,#disappointed,,,
zh,2012-11-17T14:00:33.000Z,"{'retweet_count': 0, 'reply_count': 1, 'like_count': 0, 'quote_count': 0}",everyone,ä¸ç®¡æ€Žä¹ˆè¯´æˆ‘è¿˜æ˜¯ä½ çš„å¥³å„¿!!..  ä½ è¿™æ ·è¯´è¯åˆ°åº•æœ‰æ²¡æœ‰æƒ³è¿‡æˆ‘çš„æ„Ÿå—?!!.. #disappointed,269802206625144832,756696758,269802206625144832,Twitter for Android,#disappointed,,,
zh,2012-11-10T02:53:23.000Z,"{'retweet_count': 0, 'reply_count': 0, 'like_count': 0, 'quote_count': 0}",everyone,#decepcionado #disappointed #å¤±æœ› #desapontado ç‚ºä»€éº¼å¦³å•Š? å‹ä¾†ä¸€æ¬¡å—Ž?,267097592956088320,492238382,267097592956088320,Twitter for Windows Phone,#disappointed,,,
zh,2012-11-01T11:36:09.000Z,"{'retweet_count': 0, 'reply_count': 1, 'like_count': 0, 'quote_count': 0}",everyone,åŽŸæ¥ï¼Œä½ å¯¹æˆ‘ä¸€ç‚¹ä¿¡å¿ƒéƒ½æ²¡æœ‰ã€‚#disappointed,263967660344213504,76927569,263967660344213504,Twitter for Windows Phone,#disappointed,,,
zh,2012-10-20T02:25:37.000Z,"{'retweet_count': 0, 'reply_count': 0, 'like_count': 0, 'quote_count': 0}",everyone,æ€Žå¼·å¿ã€€æ®˜ç•™è‡ªå°Šéƒ½ç“¦è§£ #lyrics #october #disappointed #fml #friday #chinese #sad #song #ihatemylife #nohope #lost #lost http://someurl,259480460692946944,69011550,259480460692946944,Instagram,#disappointed,,,
zh,2012-10-10T01:30:19.000Z,"{'retweet_count': 0, 'reply_count': 0, 'like_count': 0, 'quote_count': 0}",everyone,ä½ æ‰€è¬‚çš„éš±ç§å°±æ˜¯å’Œå…¶ä»–å¥³ç”ŸèŠå¤©ï¼Ÿä½ ä¸å°äº†ï¼Œæˆç†Ÿä¸€é»žå¥½å—Žã€‚#sadtillMAX #disappointed,255842665789284352,749376122,255842665789284352,Twitter for Android,#disappointed,,,
zh,2012-10-06T16:23:16.000Z,"{'retweet_count': 0, 'reply_count': 0, 'like_count': 0, 'quote_count': 0}",everyone,è²·å””ç•ªç¬¬ä¸€é›†å›‰ï¼ï¼å•Šï¼ï¼ï¼è¶…å¤±æœ›ï¼ï¼#book #disappointed #sad   http://someurl,254617830752911362,478430157,254617830752911362,Instagram,#disappointed,,,
zh,2012-09-21T12:29:39.000Z,"{'retweet_count': 0, 'reply_count': 0, 'like_count': 0, 'quote_count': 0}",everyone,è‡ªä»¥ç‚ºè‡ªå·±ç”šéº¼å•é¡Œä¹Ÿæ²’æœ‰çš„äººï¼Œå·²ç„¡è—¥å¯æ•‘ã€‚æ›¾ç¶“ä¹Ÿè¦ºå¾—ä½ å¯æ†ï¼Œä½†ç¶“éŽä¸€æ¬¡åˆä¸€æ¬¡ï¼Œæˆ‘ç™¼è¦ºåŽŸä¾†é€™æ˜¯æˆ‘éŒ¯è¦ºï¼Œç©¶ç«Ÿä½ æ‰€è¬‚çš„é¡§äººæ„Ÿå—çš„å®šç¾©æ˜¯ç”šéº¼ã€‚ #disappointed #hkig #photooftheday #hong http://someurl,249123221222346752,365474625,249123221222346752,Instagram,#disappointed,,,
zh,2012-09-20T15:33:23.000Z,"{'retweet_count': 0, 'reply_count': 0, 'like_count': 0, 'quote_count': 0}",everyone,æœ‰äº›äººæ€»æ˜¯æŠŠå…¬äº‹å’Œç§äº‹æ··ä¹±åœ¨ä¸€èµ·ã€‚ã€‚ã€‚#Disappointed,248807074916626432,225711690,248807074916626432,Twitter Web Client,#disappointed,,,
zh,2012-09-07T16:39:49.000Z,"{'retweet_count': 0, 'reply_count': 0, 'like_count': 0, 'quote_count': 0}",everyone,å¼·å¥¸çŠ¯æ€Žéº½é€£ä¸ƒæ­²å°å¦¹å¦¹éƒ½ä¸æ”¾éŽ #disappointed,244112747791544321,273713302,244112747791544321,Twitter for Android,#disappointed,,,
zh,2012-09-06T11:25:36.000Z,"{'retweet_count': 0, 'reply_count': 0, 'like_count': 0, 'quote_count': 0}",everyone,èˆ‡å…¶å’å¾—é–’æ•´å€‹åœ‹æ°‘æ•™è‚²ç§‘å‡ºé»Ž ä¸å¦‚è«—ä¸‹é»žæ¨£ä»¤é¦™æ¸¯è®Šæˆ1å€‹sustainable cityå•¦. å”‰! #hk #hkig #sustainablecity #disappointed #hkgovernment http://someurl,243671284314148864,161310730,243671284314148864,Instagram,#disappointed,,,
zh,2012-08-27T16:23:00.000Z,"{'retweet_count': 0, 'reply_count': 0, 'like_count': 0, 'quote_count': 0}",everyone,æ€’ç«è¡—å¤´çš„å¤§ç»“å±€åšå¾—ä¸å¤Ÿå¥½ã€‚ >< #Disappointed,240122252396470272,303263676,240122252396470272,Twitter for iPhone,#disappointed,,,
zh,2012-08-20T16:02:17.000Z,"{'retweet_count': 0, 'reply_count': 0, 'like_count': 0, 'quote_count': 0}",everyone,210812 0001 ä½ è¯´ä½ ä¼šæ‰¾æˆ‘ ä½ çœŸçš„ä¼šå—? #disappointed #emo,237580321829306368,448123973,237580321829306368,Twitter for Android,#disappointed,,,
zh,2012-07-24T15:17:14.000Z,"{'retweet_count': 0, 'reply_count': 0, 'like_count': 0, 'quote_count': 0}",everyone,å°æ–¼è¨±å¤šåŸºç£å¾’è€Œè¨€ è²žæ½”èˆ‡å®ˆè²žæ˜¯ä»–å€‘æœ€å¤§çš„è¬Šè¨€å§ #disappointed,227784513495916544,60214529,227784513495916544,TweetDeck,#disappointed,,,
zh,2012-07-20T11:26:19.000Z,"{'retweet_count': 0, 'reply_count': 0, 'like_count': 1, 'quote_count': 0}",everyone,åŽŸæ¥æˆ‘å’Œä½ ï¼Œé™¤äº†ä»–ï¼Œå°±æ²¡åˆ«çš„ä¸œè¥¿èŠäº†ï¼#Disappointed,226276850928873472,524139309,226276850928873472,Twitter Web Client,#disappointed,,,
zh,2012-07-19T02:49:45.000Z,"{'retweet_count': 0, 'reply_count': 0, 'like_count': 0, 'quote_count': 0}",everyone,You are clearly not the person I met 4 years ago. #disappointed ä½ å€‘é€™æ¨£å¥½è¨ŽåŽ­ã€‚,225784462728916992,208910160,225784462728916992,Twitter for iPhone,#disappointed,,,
zh,2012-07-16T11:02:11.000Z,"{'retweet_count': 0, 'reply_count': 0, 'like_count': 0, 'quote_count': 0}",everyone,â€œ@someuser æ„Ÿå¹ä½ çš„å˜åŒ– . haish . #disappointedâ€,224821223723511808,210735706,224821223723511808,Twitter for iPhone,#disappointed,,,
zh,2012-07-16T10:42:45.000Z,"{'retweet_count': 1, 'reply_count': 0, 'like_count': 0, 'quote_count': 0}",everyone,æ„Ÿå¹ä½ çš„å˜åŒ– . haish . #disappointed,224816334381383680,210778485,224816334381383680,Twitter for iPhone,#disappointed,,,
zh,2012-06-18T13:03:38.000Z,"{'retweet_count': 0, 'reply_count': 0, 'like_count': 0, 'quote_count': 0}",everyone,å°±æ˜¯è¿‡ä¸äº†è‡ªå·±é‚£ä¸€å…³ #DISAPPOINTED,214704929342885890,598524524,214704929342885890,Twitter for Android,#disappointed,,,
zh,2012-05-16T11:07:30.000Z,"{'retweet_count': 0, 'reply_count': 0, 'like_count': 0, 'quote_count': 0}",everyone,è½è¬›åº§è½åˆ°å€‹äººå¥½ðŸ‘»æ­»æ”°ðŸ˜° #tired #hate #dislike #unhappy #sad #disappointed #lazy @someuser @someuser  http://someurl,202716902349488129,312639512,202716902349488129,Instagram,#disappointed,,,
zh,2012-04-23T11:54:41.000Z,"{'retweet_count': 0, 'reply_count': 0, 'like_count': 0, 'quote_count': 0}",everyone,å¯¹è¿™ä¸ªå®¶åº­æˆ‘çš„å¿ƒä»¥è¿›ç¢Žäº† ï¼ <ï¼3 #Disappointed,194393855100067840,206153734,194393855100067840,Twitter for Android,#disappointed,,,
zh,2012-04-06T14:14:50.000Z,"{'retweet_count': 0, 'reply_count': 0, 'like_count': 0, 'quote_count': 0}",everyone,å½“ä½ åŠªåŠ›æ—¶ äººå®¶è¿˜æ˜¯ä¾ç„¶æŠŠä½ å½“å±Ž.. #disappointed ! Shyt ! .................,188268531547258881,259681332,188268531547258881,Twitter Web Client,#disappointed,,,
zh,2012-04-03T04:39:17.000Z,"{'retweet_count': 0, 'reply_count': 0, 'like_count': 0, 'quote_count': 0}",everyone,å‚³èªªä¸­çš„ç™¼å¡æ©Ÿé‚£ç«¯ åªæ˜¯å°å¼±å¼±çš„K-320Cè€Œå·² #disappointed (at LOreal Taiwan) [pic] â€” http://someurl,187036524427218944,6343712,187036524427218944,Path,#disappointed,"{'coordinates': {'type': 'Point', 'coordinates': [121.56497107, 25.03365688]}}",,
zh,2012-02-18T08:20:12.000Z,"{'retweet_count': 0, 'reply_count': 1, 'like_count': 1, 'quote_count': 0}",everyone,#disappointed  å“ˆå“ˆå“ˆå“ˆå“ˆå“ˆå“ˆ ä¸èƒ½å°±ä¸è¦çµ¦æˆ‘æœŸæœ›äº† :),170784669590237184,408558030,170784669590237184,Twitter for iPhone,#disappointed,,,
zh,2012-02-15T15:22:57.000Z,"{'retweet_count': 1, 'reply_count': 0, 'like_count': 0, 'quote_count': 0}",everyone,æ›¾ç»ä»¥ä¸ºèƒ½å¤Ÿæ‰“åŠ¨ä½ çš„å¿ƒ #disappointed,169803892492730369,346529739,169803892492730369,Twitter for iPhone,#disappointed,"{'coordinates': {'type': 'Point', 'coordinates': [101.6117088, 3.21293317]}, 'place_id': 'f30e31bb15041ef7'}",,
zh,2012-01-03T08:00:40.000Z,"{'retweet_count': 0, 'reply_count': 0, 'like_count': 0, 'quote_count': 0}",everyone,"å¥½æœ‹å‹ä¸æ˜¯è¿™æ ·åšçš„,ä½ çŸ¥é“å—| åŒé¢äºº #disappointed #hate",154109911406624768,417282715,154109911406624768,Twitter for iPhone,#disappointed,,,
zh,2011-09-14T10:14:27.000Z,"{'retweet_count': 0, 'reply_count': 2, 'like_count': 0, 'quote_count': 0}",everyone,æ›¿ä½ å¼€å¿ƒâ€œ@someuser One day kena 3 ffk.. Damn #disappointedâ€,113918525344714752,133536781,113918525344714752,Twitter for iPhone,#disappointed,,,
zh,2011-07-17T02:43:55.000Z,"{'retweet_count': 0, 'reply_count': 0, 'like_count': 0, 'quote_count': 0}",everyone,é»¯ç„¶éŠ·é­‚ http://someurl #éŠ·é­‚ #disappointed,92424262438227971,320216952,92424262438227971,havsooom.com,#disappointed,,,
