id,source,conversation_id,reply_settings,public_metrics,created_at,text,author_id,lang,search_query,referenced_tweets,in_reply_to_user_id,geo
813715377465229313,Facebook,813715377465229313,everyone,"{'retweet_count': 0, 'reply_count': 0, 'like_count': 0, 'quote_count': 0}",2016-12-27T11:57:18.000Z,‡§Ö‡§§‡§ø‡§ï‡•ç‡§∞‡§Æ‡§£ ‡§π‡§ü‡§æ‡§®‡•á ‡§™‡§π‡•Å‡§Ç‡§ö‡•á ‡§¨‡•Å‡§≤‡•ç‡§°‡•ã‡§ú‡§∞ ‡§ï‡•á ‡§∏‡§æ‡§Æ‡§®‡•á ‡§≤‡•á‡§ü‡•Ä ‡§Æ‡§π‡§ø‡§≤‡§æ‡§è‡§Ç| #Jabalpur #women #down #bulldozer http://someurl,843529538,hi,#down,,,
811238664600752128,hindi.news24online.com,811238664600752128,everyone,"{'retweet_count': 2, 'reply_count': 0, 'like_count': 6, 'quote_count': 1}",2016-12-20T15:55:44.000Z,"‡§∏‡•ã‡§®‡§æ ‡§π‡•Å‡§Ü ‡§á‡§§‡§®‡§æ ‡§∏‡§∏‡•ç‡§§‡§æ, ‡§ö‡§æ‡§¶‡•Ä‡§Ç ‡§ï‡•Ä ‡§ï‡•Ä‡§Æ‡§§‡•ã‡§Ç ‡§Æ‡•á‡§Ç ‡§≠‡•Ä ‡§ó‡§ø‡§∞‡§æ‡§µ‡§ü #gold #silver #prices #down http://someurl http://someurl",34206701,hi,#down,,,
811005972739223553,hindi.news24online.com,811005972739223553,everyone,"{'retweet_count': 1, 'reply_count': 0, 'like_count': 1, 'quote_count': 0}",2016-12-20T00:31:06.000Z,‡§§‡§≤‡§æ‡§ï ‡§≤‡•á‡§ï‡§∞ ‡§¶‡•Ç‡§∏‡§∞‡•Ä ‡§∂‡§æ‡§¶‡•Ä ‡§ï‡§∞‡§®‡•á ‡§µ‡§æ‡§≤‡•Ä ‡§Æ‡§π‡§ø‡§≤‡§æ ‡§ï‡•ã ‡§§‡§æ‡§≤‡§ø‡§¨‡§æ‡§® ‡§®‡•á ‡§ó‡•ã‡§≤‡•Ä ‡§Æ‡§æ‡§∞‡•Ä ! #taliban #shoot #down #woman http://someurl http://someurl,34206701,hi,#down,,,
809419004477603840,Instagram,809419004477603840,everyone,"{'retweet_count': 0, 'reply_count': 0, 'like_count': 0, 'quote_count': 0}",2016-12-15T15:25:03.000Z,‡§ó‡•ã‡§≤‡•Ä ‡§¶‡•á‡§®‡§æ ‡§¨‡§Ç‡§¶ ‡§ï‡§∞‡•ã| :P| | #paytm #down http://someurl,2978472774,hi,#down,,,
808837063797862401,Tweet Old Post,808837063797862401,everyone,"{'retweet_count': 0, 'reply_count': 0, 'like_count': 0, 'quote_count': 0}",2016-12-14T00:52:38.000Z,Akhilesh Yadav‚Äôs #Mercedes #Benz ‚ÄòVikas Rath‚Äô #breaks #down on Lohia Path http://someurl #vikasrath #akhileshyadav,738369719091273729,hi,#down,,,
807098108467216385,Twitter Web Client,807098108467216385,everyone,"{'retweet_count': 0, 'reply_count': 0, 'like_count': 0, 'quote_count': 0}",2016-12-09T05:42:38.000Z,‡§∏‡•á‡§Ç‡§∏‡•á‡§ï‡•ç‡§∏ 457 ‡§î‡§∞ ‡§®‡§ø‡§´‡•ç‡§ü‡•Ä 145 ‡§Ö‡§Ç‡§ï ‡§¨‡§¢‡§º‡§ï‡§∞ ‡§¨‡§Ç‡§¶| | http://someurl| | #auto #banking #down #Nifty #sensex #StockMarket http://someurl,3193974744,hi,#down,,,
806797116722933760,Instagram,806797116722933760,everyone,"{'retweet_count': 0, 'reply_count': 0, 'like_count': 0, 'quote_count': 0}",2016-12-08T09:46:36.000Z,"#Down @ Miyajima Island, Hiroshima Japan http://someurl",2485586124,hi,#down,,,
806032180149448704,Twitter for Android,806032180149448704,everyone,"{'retweet_count': 0, 'reply_count': 0, 'like_count': 0, 'quote_count': 0}",2016-12-06T07:07:01.000Z,Dosron ko #hakeer samjo gy to khud hakeer ho jao gy ..... So #burah samj k apna #level kyon #down kren aur kyon #magror hon .......!,4881742227,hi,#down,,,
804056836420665344,Facebook,804056836420665344,everyone,"{'retweet_count': 0, 'reply_count': 0, 'like_count': 0, 'quote_count': 0}",2016-11-30T20:17:43.000Z,#Beautiful #memories of @someuser #wedding #one  #day #left #another #down its seen ab kis ki #baree hai... http://someurl,116789057,hi,#down,,,
802530894703538182,Facebook,802530894703538182,everyone,"{'retweet_count': 0, 'reply_count': 0, 'like_count': 1, 'quote_count': 0}",2016-11-26T15:14:10.000Z,#one #man #down ‚Äî drinking masala chai,334135355,hi,#down,,,
801364013800103936,hindi.news24online.com,801364013800103936,everyone,"{'retweet_count': 1, 'reply_count': 0, 'like_count': 4, 'quote_count': 0}",2016-11-23T09:57:24.000Z,‡§®‡•ã‡§ü‡§¨‡§Ç‡§¶‡•Ä ‡§ï‡•á ‡§¨‡§æ‡§¶ ‡§á‡§® ‡§∂‡§π‡§∞‡•ã‡§Ç ‡§Æ‡•á‡§Ç 10 ‡§≤‡§æ‡§ñ ‡§§‡§ï ‡§∏‡§∏‡•ç‡§§‡•á ‡§π‡•Å‡§è ‡§ò‡§∞ #home #prices #down #30 #percent http://someurl http://someurl,34206701,hi,#down,,,
800466285993857024,Twitter for Android,800466285993857024,everyone,"{'retweet_count': 0, 'reply_count': 0, 'like_count': 0, 'quote_count': 0}",2016-11-20T22:30:09.000Z,"Bewafaaon ki mehfil lagay gi ajj, Waqt par ajana mehmaan-e-khaas ho tum.!üòë| #Down #depressed #fuckedupüò£",795255373636702208,hi,#down,,,
799614989925396484,Twitter Web Client,799614989925396484,everyone,"{'retweet_count': 1, 'reply_count': 0, 'like_count': 0, 'quote_count': 0}",2016-11-18T14:07:24.000Z,"‡§®‡•ã‡§ü‡§¨‡§Ç‡§¶‡•Ä ‡§ï‡§æ ‡§Ö‡§∏‡§∞, ‡§¨‡•à‡§Ç‡§ï‡•ã ‡§®‡•á ‡§ò‡§ü‡§æ‡§à ‡§¨‡•ç‡§Ø‡§æ‡§ú ‡§¶‡§∞ http://someurl #bank #intrest #down #demonetization #banksdecide #notesban #currencychange",4103582531,hi,#down,,,
799491813686071297,Twitter for Windows,799491813686071297,everyone,"{'retweet_count': 0, 'reply_count': 0, 'like_count': 0, 'quote_count': 0}",2016-11-18T05:57:56.000Z,.LEKIN EK BAAT AAJ TAK MAIN SAMAJH NAHIPAYA KI HAFTE ME 4 DIN #BANKS KA #SERVERKYO #DOWN RAHTA H? 3@someuser,2159217230,hi,#down,,,
798521162993201153,Twitter for Android,798400435312820224,everyone,"{'retweet_count': 0, 'reply_count': 0, 'like_count': 1, 'quote_count': 0}",2016-11-15T13:40:55.000Z,@someuser @someuser @someuser #down fall of MODI#In Graves of anti National#Chullu BHAR PANI MEI doob mar#AAP Opp HAI-2#ghar-2 Modi.,100498035,hi,#down,"[{'type': 'replied_to', 'id': '798400435312820224'}]",3010084370,
797020536912093185,hindi.news24online.com,797020536912093185,everyone,"{'retweet_count': 7, 'reply_count': 0, 'like_count': 1, 'quote_count': 2}",2016-11-11T10:17:58.000Z,"2 ‡§Æ‡§π‡•Ä‡§®‡•á ‡§ï‡•á ‡§∏‡§¨‡§∏‡•á ‡§®‡•Ä‡§ö‡§≤‡•á ‡§∏‡•ç‡§§‡§∞ ‡§™‡§∞ ‡§∏‡•á‡§Ç‡§∏‡•á‡§ï‡•ç‡§∏, ‡§≤‡•ã‡§ó‡•ã‡§Ç ‡§ï‡•á ‡§°‡•Ç‡§¨‡•á ‡§Ö‡§∞‡§¨‡•ã‡§Ç ‡§∞‡•Å‡§™‡§Ø‡•á #sharemarket #business #down http://someurl http://someurl",34206701,hi,#down,,,
795681989420384256,Twitter Web Client,795681989420384256,everyone,"{'retweet_count': 0, 'reply_count': 0, 'like_count': 0, 'quote_count': 0}",2016-11-07T17:39:03.000Z,#SERVER go  #DOWN ? >_wimyip... 00:38WIB08112K16 http://someurl,135410128,hi,#down,,,
793998534316003328,Twitter Web Client,793998534316003328,everyone,"{'retweet_count': 19, 'reply_count': 0, 'like_count': 17, 'quote_count': 0}",2016-11-03T02:09:37.000Z,‡§∏‡•á‡§Ç‡§∏‡•á‡§ï‡•ç‡§∏ ‡§ï‡§∞‡•Ä‡§¨ 350 ‡§Ö‡§Ç‡§ï ‡§î‡§∞ ‡§®‡§ø‡§´‡•ç‡§ü‡•Ä 112 ‡§Ö‡§Ç‡§ï ‡§≤‡•Å‡§¢‡§ï‡§æ | #Sensex #Nifty #Down| http://someurl,288077673,hi,#down,,,
790953361558368256,MEGAPO.ST,790953361558368256,everyone,"{'retweet_count': 0, 'reply_count': 0, 'like_count': 0, 'quote_count': 0}",2016-10-25T16:29:11.000Z,Jyoti http://someurl us #down #mpower #ig_europe #zane  #islam,2789205419,hi,#down,,,
788262108869701632,Facebook,788262108869701632,everyone,"{'retweet_count': 0, 'reply_count': 0, 'like_count': 0, 'quote_count': 0}",2016-10-18T06:15:06.000Z,‡§≤‡§æ‡§á‡§µ ‡§∂‡•ã ‡§Æ‡•á‡§Ç ‡§è‡§ï‡§Ç‡§∞ ‡§®‡•á ‡§∏‡•à‡§≤‡§ø‡§¨‡•ç‡§∞‡§ø‡§ü‡•Ä ‡§ï‡•Ä ‡§°‡•ç‡§∞‡•à‡§∏ ‡§®‡•Ä‡§ö‡•á ‡§ñ‡•Ä‡§Ç‡§ö ‡§ï‡§∞ ‡§ï‡§ø‡§Ø‡§æ ‡§è‡§ï‡•ç‡§∏‡§™‡•ã‡§ú| #down #dress #expose #Salibriti http://someurl,843529538,hi,#down,,,
788021817223081984,Twitter for Android,788021817223081984,everyone,"{'retweet_count': 0, 'reply_count': 0, 'like_count': 0, 'quote_count': 0}",2016-10-17T14:20:16.000Z,Subhaa Se Tabyat Kahrab #Down #headache,3282993662,hi,#down,,,
783529792725549056,Facebook,783529792725549056,everyone,"{'retweet_count': 0, 'reply_count': 0, 'like_count': 0, 'quote_count': 0}",2016-10-05T04:50:34.000Z,‡§Ü‡§§‡§Ç‡§ï‡§µ‡§æ‡§¶ ‡§™‡§∞ ‡§≤‡§ó‡§æ‡§Æ ‡§ï‡§∏‡§®‡•á ‡§ï‡•Ä ‡§Ö‡§ú‡§ø‡§§ ‡§°‡•ã‡§≠‡§æ‡§≤ ‡§®‡•á ‡§¶‡•Ä ‡§™‡§æ‡§ï‡§ø‡§∏‡•ç‡§§‡§æ‡§® ‡§ï‡•ã ‡§ö‡•á‡§§‡§æ‡§µ‡§®‡•Ä| #IndiaHallaBol #HallaBol #Pakistan #crack #down... http://someurl,361166604,hi,#down,,,
778109411961307136,Facebook,778109411961307136,everyone,"{'retweet_count': 0, 'reply_count': 0, 'like_count': 0, 'quote_count': 0}",2016-09-20T05:51:55.000Z,‡§™‡§æ‡§Ç‡§ö ‡§™‡•ç‡§∞‡§§‡§ø‡§∂‡§§ ‡§ó‡§ø‡§∞‡•Ä ‡§¨‡§ú‡§æ‡§ú ‡§ë‡§ü‡•ã ‡§ï‡•Ä ‡§¨‡§ø‡§ï‡•ç‡§∞‡•Ä| #bajaj #auto #sales #down http://someurl,843529538,hi,#down,,,
778080146272100352,Facebook,778080146272100352,everyone,"{'retweet_count': 0, 'reply_count': 0, 'like_count': 0, 'quote_count': 0}",2016-09-20T03:55:37.000Z,‡§â‡§∞‡•Ä ‡§π‡§Æ‡§≤‡•á ‡§ï‡•á ‡§¨‡§æ‡§¶ ‡§™‡§æ‡§ï‡§ø‡§∏‡•ç‡§§‡§æ‡§® ‡§™‡§∞ ‡§¨‡§∞‡§∏‡•á ‡§∏‡•á‡§®‡§æ ‡§™‡•ç‡§∞‡§Æ‡•Å‡§ñ| #IndiaHallaBol #HallaBol #Uri #came #down #after #attack #Pakistan... http://someurl,361166604,hi,#down,,,
776747485087698946,Facebook,776747485087698946,everyone,"{'retweet_count': 0, 'reply_count': 0, 'like_count': 0, 'quote_count': 0}",2016-09-16T11:40:06.000Z,20 ‡§∏‡•á ‡§ï‡§Æ ‡§â‡§™‡§∏‡•ç‡§•‡§ø‡§§‡§ø ‡§µ‡§æ‡§≤‡•á ‡§µ‡§ø‡§¶‡•ç‡§Ø‡§æ‡§≤‡§Ø‡•ã‡§Ç ‡§ï‡•á ‡§ï‡§™‡§æ‡§ü ‡§¨‡§Ç‡§¶ ‡§ï‡§∞‡§®‡•á ‡§ï‡•Ä ‡§Æ‡•Å‡§π‡§ø‡§Æ ‡§ï‡•Ä ‡§®‡§ø‡§ï‡§≤‡•Ä ‡§π‡§µ‡§æ | #campaign #close #down #attendance http://someurl,843529538,hi,#down,,,
776726839561560065,TweetDeck,776726839561560065,everyone,"{'retweet_count': 2, 'reply_count': 0, 'like_count': 5, 'quote_count': 0}",2016-09-16T10:18:04.000Z,"#India ‡§ï‡•ã ‡§µ‡•ç‡§Ø‡§æ‡§™‡§æ‡§∞ ‡§Æ‡•á‡§Ç ‡§π‡•ã ‡§∞‡§π‡§æ ‡§®‡•Å‡§ï‡§∏‡§æ‡§®, ‡§®‡§ø‡§∞‡•ç‡§Ø‡§æ‡§§ ‡§Æ‡•á‡§Ç ‡§≤‡§ó‡§æ‡§§‡§æ‡§∞ ‡§¶‡•Ç‡§∏‡§∞‡•á ‡§Æ‡§π‡•Ä‡§®‡•á ‡§ó‡§ø‡§∞‡§æ‡§µ‡§ü http://someurl #Business #Down http://someurl",80304808,hi,#down,,,
775326479504715776,hindi.news24online.com,775326479504715776,everyone,"{'retweet_count': 4, 'reply_count': 0, 'like_count': 2, 'quote_count': 0}",2016-09-12T13:33:32.000Z,"‡§Ü‡§Æ ‡§Ü‡§¶‡§Æ‡•Ä ‡§ï‡•á ‡§≤‡§ø‡§è ‡§∞‡§æ‡§π‡§§ ‡§≠‡§∞‡•Ä ‡§ñ‡§¨‡§∞, ‡§Æ‡§π‡§Ç‡§ó‡§æ‡§à ‡§¶‡§∞ ‡§Æ‡•á‡§Ç ‡§Ü‡§à ‡§ï‡§Æ‡•Ä #August #Retailinflation #down http://someurl http://someurl",34206701,hi,#down,,,
774209366711042048,Twitter Web Client,774209366711042048,everyone,"{'retweet_count': 0, 'reply_count': 0, 'like_count': 0, 'quote_count': 0}",2016-09-09T11:34:31.000Z,‡§ü‡•â‡§™‡§≤‡•á‡§∏ ‡§Æ‡•â‡§°‡§≤‡•ç‡§∏ ‡§ï‡§æ‡§∞ ‡§ï‡•á ‡§π‡§æ‡§á ‡§∏‡•ç‡§™‡•Ä‡§° ‡§ï‡•ã ‡§ï‡§∞ ‡§∞‡§π‡•Ä ‡§π‡•à ‡§ï‡§Ç‡§ü‡•ç‡§∞‡•ã‡§≤....http://someurl| #Down #Russian #Slow #Toplesswomen http://someurl,2468831768,hi,#down,,,
772324311520583680,Facebook,772324311520583680,everyone,"{'retweet_count': 0, 'reply_count': 0, 'like_count': 0, 'quote_count': 0}",2016-09-04T06:43:59.000Z,"‡§∏‡•ã‡§®‡§æ ‡§ü‡•Ç‡§ü‡§æ, ‡§ö‡§æ‡§Ç‡§¶‡•Ä 1,200 ‡§∞‡•Å‡§™‡§è ‡§Æ‡§ú‡§¨‡•Ç‡§§| #gold #down #silver #high http://someurl",843529538,hi,#down,,,
771599945258311680,Facebook,771599945258311680,everyone,"{'retweet_count': 0, 'reply_count': 0, 'like_count': 0, 'quote_count': 0}",2016-09-02T06:45:37.000Z,"‡§¨‡§ø‡§π‡§æ‡§∞ ‡§Æ‡•á‡§Ç ‡§π‡•Å‡§Ü ‡§™‡§æ‡§®‡•Ä ‡§ï‡§Æ, ‡§Ö‡§¨ ‡§Æ‡§π‡§æ‡§Æ‡§æ‡§∞‡•Ä ‡§ï‡§æ ‡§ñ‡§§‡§∞‡§æ | #bihar #water #level #down http://someurl",843529538,hi,#down,,,
771066729858379776,hindi.news24online.com,771066729858379776,everyone,"{'retweet_count': 0, 'reply_count': 0, 'like_count': 1, 'quote_count': 0}",2016-08-31T19:26:48.000Z,‡§¨‡•ç‡§∞‡•à‡§Ç‡§° ‡§µ‡•à‡§≤‡•ç‡§Ø‡•Ç ‡§Æ‡•á‡§Ç ‡§µ‡§ø‡§∞‡§æ‡§ü ‡§∏‡•á ‡§™‡§ø‡§õ‡§°‡§º‡•á ‡§ß‡•ã‡§®‡•Ä #kohli #brand #star #dhoni #down http://someurl http://someurl,34206701,hi,#down,,,
770564887349198848,Instagram,770564887349198848,everyone,"{'retweet_count': 0, 'reply_count': 0, 'like_count': 0, 'quote_count': 0}",2016-08-30T10:12:40.000Z,SheeSHa #down @ Gujranwala http://someurl,2540953159,hi,#down,,,
770508186184888325,Facebook,770508186184888325,everyone,"{'retweet_count': 0, 'reply_count': 0, 'like_count': 0, 'quote_count': 0}",2016-08-30T06:27:21.000Z,‡§¶‡§ï‡•ç‡§∑‡§ø‡§£ ‡§Ö‡§´‡•ç‡§∞‡•Ä‡§ï‡§æ ‡§®‡•á ‡§®‡•ç‡§Ø‡•Ç‡§ú‡•Ä‡§≤‡•à‡§Ç‡§° ‡§™‡§∞ ‡§∂‡§ø‡§ï‡§Ç‡§ú‡§æ ‡§ï‡§∏‡§æ| #rsavsnz #test #match #down http://someurl,843529538,hi,#down,,,
770438822060367872,Facebook,770438822060367872,everyone,"{'retweet_count': 0, 'reply_count': 0, 'like_count': 1, 'quote_count': 0}",2016-08-30T01:51:43.000Z,"‡§∞‡•á‡§≤‡§µ‡•á ‡§®‡•á ‡§ï‡§π‡§æ, ‡§Æ‡§π‡§ø‡§≤‡§æ ‡§π‡•â‡§ï‡•Ä ‡§ü‡•Ä‡§Æ ‡§ï‡•ã ‡§ü‡•ç‡§∞‡•á‡§® ‡§ï‡•á ‡§´‡§∞‡•ç‡§∂ ‡§™‡§∞ ‡§¨‡§ø‡§†‡§æ‡§®‡•á ‡§ï‡•Ä ‡§ñ‡§¨‡§∞ ‡§ù‡•Ç‡§†‡•Ä | #women #hockey #railway #down http://someurl",843529538,hi,#down,,,
769270224675889152,Instagram,769270224675889152,everyone,"{'retweet_count': 0, 'reply_count': 0, 'like_count': 0, 'quote_count': 0}",2016-08-26T20:28:08.000Z,Aamani Paadave Haayigaa #APH #poster #break #down #film #visual #effect #graphics #design... http://someurl,3308509418,hi,#down,,,
769267011474128896,Facebook,769267011474128896,everyone,"{'retweet_count': 0, 'reply_count': 0, 'like_count': 0, 'quote_count': 0}",2016-08-26T20:15:22.000Z,Aamani Paadave Haayigaa #APH #poster #break #down #film #visual #effect #graphics #design #photography... http://someurl,3107933713,hi,#down,,,
768295884693975040,Facebook,768295884693975040,everyone,"{'retweet_count': 0, 'reply_count': 0, 'like_count': 0, 'quote_count': 0}",2016-08-24T03:56:27.000Z,‡§ö‡•Ä‡§® ‡§ï‡•á ‡§á‡§∏ ‡§ï‡§¶‡§Æ ‡§∏‡•á ‡§≠‡§æ‡§∞‡§§ ‡§π‡•ã ‡§∏‡§ï‡§§‡§æ ‡§π‡•à ‡§™‡§∞‡•á‡§∂‡§æ‡§®! -http://someurl| | #china #policy #down #india #weightage #msciem... http://someurl,46853675,hi,#down,,,
768109794410438656,hindi.news24online.com,768109794410438656,everyone,"{'retweet_count': 3, 'reply_count': 2, 'like_count': 3, 'quote_count': 0}",2016-08-23T15:37:00.000Z,60 ‡§∞‡•Å‡§™‡§Ø‡•á ‡§π‡•ã ‡§ú‡§æ‡§è‡§ó‡•Ä ‡§Ö‡§∞‡§π‡§∞ ‡§ï‡•Ä ‡§¶‡§æ‡§≤! #dalprice #down http://someurl http://someurl,34206701,hi,#down,,,
767970928118603776,Facebook,767970928118603776,everyone,"{'retweet_count': 0, 'reply_count': 1, 'like_count': 2, 'quote_count': 0}",2016-08-23T06:25:12.000Z,‡§¨‡§ø‡§π‡§æ‡§∞ ‡§Æ‡•á‡§Ç ‡§¨‡§æ‡§¢‡§º : ‡§ó‡§Ç‡§ó‡§æ ‡§µ ‡§∏‡•ã‡§® ‡§ï‡§æ ‡§ú‡§≤ ‡§∏‡•ç‡§§‡§∞ ‡§ò‡§ü‡§æ| #bihar #flood #level #down http://someurl,843529538,hi,#down,,,
765248350543163392,hindi.news24online.com,765248350543163392,everyone,"{'retweet_count': 0, 'reply_count': 1, 'like_count': 2, 'quote_count': 0}",2016-08-15T18:06:39.000Z,‡§ú‡§∂‡•ç‡§®‡•á ‡§Ü‡§ú‡§æ‡§¶‡•Ä ‡§ï‡§æ ‡§§‡•ã‡§π‡§´‡§æ‡§É ‡§™‡•á‡§ü‡•ç‡§∞‡•ã‡§≤-‡§°‡•Ä‡§ú‡§≤ ‡§´‡§ø‡§∞ ‡§π‡•Å‡§Ü ‡§á‡§§‡§®‡§æ ‡§∏‡§∏‡•ç‡§§‡§æ #petrol #price #slash #down http://someurl http://someurl,34206701,hi,#down,,,
762638245847044096,Facebook,762638245847044096,everyone,"{'retweet_count': 1, 'reply_count': 0, 'like_count': 4, 'quote_count': 0}",2016-08-08T13:15:01.000Z,#Down the memory lane #UstaadPyarelal & Puran Chand Wadali ji #LakhwinderWadali http://someurl,2713734486,hi,#down,,,
760031212744212480,Twitter Web Client,760031212744212480,everyone,"{'retweet_count': 0, 'reply_count': 0, 'like_count': 0, 'quote_count': 0}",2016-08-01T08:35:36.000Z,#WatchVideo | #Activa #Fast #Speed #Runs #Down #Police #Women| ‡§∞‡§´‡•ç‡§§‡§æ‡§∞ ‡§∏‡•á ‡§ö‡§≤‡§æ‡§§‡•Ä ‡§è‡§ï‡•ç‡§ü‡§ø‡§µ‡§æ ‡§ï‡•à‡§∏‡•á ‡§ó‡§ø‡§∞‡•Ä ‡§Ø‡•á ‡§§‡•Ä‡§® ‡§™‡•Å‡§≤‡§ø‡§∏ ‡§Æ‡§π‡§ø‡§≤‡§æ‡§è‡§Ç| http://someurl,742252310479278080,hi,#down,,,
758572292905443328,Twitter Web Client,758572292905443328,everyone,"{'retweet_count': 0, 'reply_count': 0, 'like_count': 0, 'quote_count': 0}",2016-07-28T07:58:22.000Z,#Struck #Girl #Man #Trousers #Down #pic| ‡§ï‡•à‡§∏‡•á ‡§¨‡§∏ ‡§Æ‡•á‡§Ç ‡§ó‡§ø‡§∞‡•Ä ‡§≤‡§°‡§º‡§ï‡•Ä ‡§î‡§∞ ‡§Ü‡§¶‡§Æ‡•Ä ‡§ï‡§æ ‡§â‡§§‡§∞ ‡§ó‡§Ø‡§æ ‡§ü‡•ç‡§∞‡§æ‡§â‡§ú‡§∞| http://someurl http://someurl,742252310479278080,hi,#down,,,
758316472066191362,hindi.news24online.com,758316472066191362,everyone,"{'retweet_count': 2, 'reply_count': 0, 'like_count': 3, 'quote_count': 0}",2016-07-27T15:01:50.000Z,‡§µ‡§ø‡§≤‡•á‡§™‡§æ‡§∞‡•ç‡§≤‡•á ‡§ï‡•Ä ‡§™‡§π‡§ö‡§æ‡§® ‡§¨‡§®‡§æ 90 ‡§∏‡§æ‡§≤ ‡§™‡•Å‡§∞‡§æ‡§®‡§æ ‡§™‡§æ‡§∞‡•ç‡§≤‡•á-‡§ú‡•Ä ‡§ï‡§æ‡§∞‡§ñ‡§æ‡§®‡§æ ‡§¨‡§Ç‡§¶ #Parle-G #shut #down http://someurl http://someurl,34206701,hi,#down,,,
758262130239864833,hindi.news24online.com,758262130239864833,everyone,"{'retweet_count': 4, 'reply_count': 0, 'like_count': 3, 'quote_count': 0}",2016-07-27T11:25:54.000Z,90 ‡§∏‡§æ‡§≤ ‡§™‡•Å‡§∞‡§æ‡§®‡§æ ‡§™‡§æ‡§∞‡•ç‡§≤‡•á-‡§ú‡•Ä ‡§ï‡§æ‡§∞‡§ñ‡§æ‡§®‡§æ ‡§¨‡§Ç‡§¶ #Parle-G #shut #down http://someurl http://someurl,34206701,hi,#down,,,
758211999436304384,Mobile Web (M2),758211999436304384,everyone,"{'retweet_count': 1, 'reply_count': 0, 'like_count': 2, 'quote_count': 0}",2016-07-27T08:06:42.000Z,jab se Tum #Zindagi se alag huye....Na kabhi battery #Down huyi...aur na kabhi balance #Low  huwa...!!!,4920024560,hi,#down,,,
752793909986676736,Twitter for Android,752793909986676736,everyone,"{'retweet_count': 0, 'reply_count': 0, 'like_count': 0, 'quote_count': 0}",2016-07-12T09:17:09.000Z,#inhedam #janatul#baqee| #down with #alesaud,574619424,hi,#down,,,
751703008119889920,Twitter Web Client,751703008119889920,everyone,"{'retweet_count': 0, 'reply_count': 0, 'like_count': 0, 'quote_count': 0}",2016-07-09T09:02:17.000Z,"#Down Memory Lane... ...| #‡§¶‡•á‡§∂ ‡§ï‡•ã ‡§°‡•Ç‡§¨‡•ã‡§®‡•á ‡§Æ‡•á‡§Ç ‡§î‡§∞ ‡§â‡§∏‡§ï‡•Ä ‡§ê‡§∏‡•Ä-‡§§‡•à‡§∏‡•Ä ‡§ï‡§∞‡§®‡•á ‡§Æ‡•á‡§Ç Smriti Irani ‡§®‡•á ‡§ï‡§≠‡•Ä ‡§ï‡•ã‡§à ‡§ï‡§∏‡§∞ ‡§®‡§π‡•Ä‡§Ç ‡§õ‡•ã‡§°‡§º‡•Ä, Modi ji ‡§ï‡•Ä ‡§§‡§∞‡§π !!!!!!",1174982737,hi,#down,,,
750291738724532224,Twitter Web Client,750291738724532224,everyone,"{'retweet_count': 0, 'reply_count': 0, 'like_count': 0, 'quote_count': 0}",2016-07-05T11:34:24.000Z,"‡§ö‡§æ‡§Å‡§¶‡•Ä ‡§ï‡•á ‡§¶‡§æ‡§Æ ‡§Æ‡•á‡§Ç ‡§§‡•á‡§ú‡•Ä, ‡§Ü‡§Ø‡§æ‡§§ ‡§∂‡•Å‡§≤‡•ç‡§ï 69 ‡§°‡•â‡§≤‡§∞ ‡§¨‡§¢‡§º‡§æ| http://someurl| #Silver #down http://someurl",4606097654,hi,#down,,,
749985618361364480,Twitter for Android,749985618361364480,everyone,"{'retweet_count': 0, 'reply_count': 0, 'like_count': 0, 'quote_count': 0}",2016-07-04T15:18:00.000Z,#worldlink nchalera #isp #down bhayeko awasta ko sathi @someuser #twitter ..,75457721,hi,#down,,,
742342653065363456,Twitter Web Client,742342653065363456,everyone,"{'retweet_count': 10, 'reply_count': 0, 'like_count': 7, 'quote_count': 0}",2016-06-13T13:07:35.000Z,‡§∞‡•Å‡§™‡§Ø‡•á ‡§Æ‡•á‡§Ç ‡§ö‡§æ‡§∞ ‡§Æ‡§π‡•Ä‡§®‡•á ‡§ï‡•Ä ‡§∏‡§¨‡§∏‡•á ‡§¨‡§°‡§º‡•Ä ‡§ó‡§ø‡§∞‡§æ‡§µ‡§ü | #Rupee #Market #down #India| http://someurl,288077673,hi,#down,,,
739769847454765060,Twitter for Android,739769847454765060,everyone,"{'retweet_count': 0, 'reply_count': 0, 'like_count': 2, 'quote_count': 0}",2016-06-06T10:44:10.000Z,Donaghadee #Down #WexMondays http://someurl,554706259,hi,#down,,,
739466101277462529,Twitter Web Client,739466101277462529,everyone,"{'retweet_count': 0, 'reply_count': 0, 'like_count': 0, 'quote_count': 0}",2016-06-05T14:37:11.000Z,Inqilaab e islami sy phly ya halat thi ulema ki jis sy #imam #khumaini (r.a) na #nijaat dilaya| #Down #with #USA http://someurl,817139479,hi,#down,,,
723195921719160832,Twitter for iPhone,723195921719160832,everyone,"{'retweet_count': 0, 'reply_count': 1, 'like_count': 1, 'quote_count': 0}",2016-04-21T17:05:18.000Z,Aiyoo #WhatsApp üòí #Down http://someurl,65809038,hi,#down,,,
722392961154035712,Twitter for Android,722392961154035712,everyone,"{'retweet_count': 1, 'reply_count': 0, 'like_count': 0, 'quote_count': 0}",2016-04-19T11:54:38.000Z,‡§ï‡•ç‡§Ø‡•ã‡§Ç ‡§π‡§ï‡§≤‡•á @someuser ‡§≠‡§æ‡§à ‡§∏‡•Ç‡§ú‡•Ä ‡§π‡•à...?| #Fan #Down,499570757,hi,#down,,,
721295998753054720,Instagram,721295998753054720,everyone,"{'retweet_count': 0, 'reply_count': 0, 'like_count': 0, 'quote_count': 0}",2016-04-16T11:15:41.000Z,"#down #the #memory #lane #oldmemories #mama #besties #me #happyclicks @ Ghatagaon, Keonjhar, Odisha http://someurl",337699330,hi,#down,,,"{'coordinates': {'type': 'Point', 'coordinates': [85.896845, 21.393704]}, 'place_id': '2369b36d6676c667'}"
720966423695101953,hindi.news24online.com,720966423695101953,everyone,"{'retweet_count': 2, 'reply_count': 0, 'like_count': 1, 'quote_count': 0}",2016-04-15T13:26:04.000Z,"‡§∞‡§æ‡§Æ ‡§®‡§µ‡§Æ‡•Ä ‡§™‡§∞ ‡§Ü‡§Ø‡•Ä ‡§ñ‡•Å‡§∂‡§ñ‡§¨‡§∞‡•Ä, ‡§á‡§§‡§®‡•á ‡§ò‡§ü‡•á ‡§™‡•á‡§ü‡•ç‡§∞‡•ã‡§≤ ‡§î‡§∞ ‡§°‡•Ä‡§ú‡§º‡§≤ ‡§ï‡•á ‡§¶‡§æ‡§Æ #Petro #Price #slash #down http://someurl http://someurl",34206701,hi,#down,,,
718587523002408960,Instagram,718587523002408960,everyone,"{'retweet_count': 0, 'reply_count': 0, 'like_count': 0, 'quote_count': 0}",2016-04-08T23:53:10.000Z,Cheesin #Down http://someurl,906921721,hi,#down,,,
716306533345140736,dlvr.it,716306533345140736,everyone,"{'retweet_count': 0, 'reply_count': 0, 'like_count': 0, 'quote_count': 0}",2016-04-02T16:49:20.000Z,Delhi Insider: Sahaj Ghose: The #up and #down of #life @ Rajiv Chouk... http://someurl #FabOffers http://someurl,2876464874,hi,#down,,,
715778417342472192,Facebook,715778417342472192,everyone,"{'retweet_count': 0, 'reply_count': 0, 'like_count': 0, 'quote_count': 0}",2016-04-01T05:50:47.000Z,"‡§∏‡•ã‡§®‡§æ ‡§ï‡•á ‡§µ‡§æ‡§Ø‡§¶‡§æ ‡§≠‡§æ‡§µ ‡§Æ‡•á‡§Ç ‡§ó‡§ø‡§∞‡§æ‡§µ‡§ü, 28697 ‡§∞‡•Å‡§™‡§Ø‡•á/10 ‡§ó‡•ç‡§∞‡§æ‡§Æ| #gold #prices #fallen #down http://someurl",843529538,hi,#down,,,
711090748389597184,Twitter Web App,711089417268498432,everyone,"{'retweet_count': 0, 'reply_count': 0, 'like_count': 0, 'quote_count': 0}",2016-03-19T07:23:40.000Z,@someuser @someuser @someuser is show me apke #vamp ki vajah SE srif or srif #TRP #down hua he. #lead ki vajah SE itana #TRP Mila he,4757438713,hi,#down,"[{'type': 'replied_to', 'id': '711089417268498432'}]",4757438713,
709021167902859264,Facebook,709021167902859264,everyone,"{'retweet_count': 0, 'reply_count': 0, 'like_count': 0, 'quote_count': 0}",2016-03-13T14:19:54.000Z,#Down #Time #Poetry #Time| ‡§∏‡§´‡§∞ ‡§ï‡•Ä ‡§ú‡•Å‡§∞‡•Ç‡§∞‡§§ ‡§ï‡•Å‡§õ ‡§ê‡§∏‡•Ä ‡§•‡•Ä...‡§®‡§π‡•Ä ‡§§‡•ã ‡§π‡§Æ ‡§ï‡§π‡•â ‡§Ø‡•Ç ‡§¨‡§æ‡§§ ‡§ï‡§∞‡§§‡•á ‡§π‡•à..,16960390,hi,#down,,,
707823654197972992,Twitter for Android,707823654197972992,everyone,"{'retweet_count': 0, 'reply_count': 0, 'like_count': 0, 'quote_count': 0}",2016-03-10T07:01:24.000Z,"UP: ‡§™‡•á‡§ü‡•ç‡§∞‡•ã‡§≤ 1.56 ‡§∞‡•Å‡§™‡§Ø‡•á, ‡§°‡•Ä‡§ú‡§º‡§≤ 1.41 ‡§∞‡•Å‡§™‡§Ø‡•á ‡§π‡•Å‡§Ü ‡§∏‡§∏‡•ç‡§§‡§æ http://someurl| #FuelPrice #Down http://someurl",4099435453,hi,#down,,,
704932489702285312,Facebook,704932489702285312,everyone,"{'retweet_count': 0, 'reply_count': 0, 'like_count': 0, 'quote_count': 0}",2016-03-02T07:32:57.000Z,‡§µ‡§æ‡§Ø‡§¶‡§æ ‡§≠‡§æ‡§µ ‡§Æ‡•á‡§Ç ‡§Ü‡§à 91 ‡§∞‡•Ç‡§™‡§è ‡§ï‡•Ä ‡§ó‡§ø‡§∞‡§æ‡§µ‡§ü| #future #prices #came #down http://someurl,843529538,hi,#down,,,
704842208826888192,Twitter SMS,704842208826888192,everyone,"{'retweet_count': 0, 'reply_count': 0, 'like_count': 0, 'quote_count': 0}",2016-03-02T01:34:12.000Z,Yemen:| Foj aur Mujahideen ne Darjanu Saudi Fojion Ko Giriftar Kr Lya!| #Down With Aal_e-Saud,438227972,hi,#down,,,
703560580364427264,Instagram,703560580364427264,everyone,"{'retweet_count': 0, 'reply_count': 0, 'like_count': 0, 'quote_count': 0}",2016-02-27T12:41:28.000Z,"#sunset #go #down @ Amphoe Ko Samui, Surat Thani, Thailand http://someurl",1947050666,hi,#down,,,"{'coordinates': {'type': 'Point', 'coordinates': [99.9667, 9.43333]}, 'place_id': '00c52f000cb56025'}"
700973979985522689,Twitter for Android,700973979985522689,everyone,"{'retweet_count': 0, 'reply_count': 0, 'like_count': 0, 'quote_count': 0}",2016-02-20T09:23:14.000Z,@someuser | @someuser | ‡§∏‡§∞ #Selfie ‡§§‡•ã ‡§¨‡§π‡•Å‡§§ ‡§Ö‡§ö‡•ç‡§õ‡•Ä ‡§π‡•à but ‡§ï‡•ç‡§Ø‡§æ ‡§π‡•à ‡§®‡§æ ‡§ï‡§ø ‡§™‡§§‡•ç‡§∞‡§ï‡§æ‡§∞‡§ø‡§§‡§æ ‡§ï‡§æ ‡§∏‡•ç‡§§‡§∞ ‡§ï‡§æ‡§´‡•Ä #Down. ‡§ï‡§ø‡§Ø‡§æ ‡§π‡•à üòà http://someurl,421175835,hi,#down,,47595335,
700249926102421504,Twitter Web Client,700249926102421504,everyone,"{'retweet_count': 0, 'reply_count': 0, 'like_count': 0, 'quote_count': 0}",2016-02-18T09:26:07.000Z,#Freedom251 #MakeInIndia ke Naam par Shuru hote hi #Down| | http://someurl http://someurl,1318817318,hi,#down,,,
699988713187602432,Twitter for Android,699988713187602432,everyone,"{'retweet_count': 0, 'reply_count': 0, 'like_count': 0, 'quote_count': 0}",2016-02-17T16:08:09.000Z,"‡§™‡•á‡§ü‡•ç‡§∞‡•ã‡§≤ 32 ‡§™‡•à‡§∏‡•á ‡§π‡•Å‡§Ü ‡§∏‡§∏‡•ç‡§§‡§æ, ‡§°‡•Ä‡§ú‡§º‡§≤ 28 ‡§™‡•à‡§∏‡•á ‡§™‡•ç‡§∞‡§§‡§ø ‡§≤‡•Ä‡§ü‡§∞ ‡§Æ‡§π‡§Ç‡§ó‡§æ http://someurl #Fuelprice #down http://someurl",4099435453,hi,#down,,,
699873069939044352,hindi.news24online.com,699873069939044352,everyone,"{'retweet_count': 2, 'reply_count': 0, 'like_count': 1, 'quote_count': 0}",2016-02-17T08:28:37.000Z,‡§´‡•Å‡§ü‡§¨‡•â‡§≤ ‡§ñ‡§ø‡§≤‡§æ‡§°‡§º‡•Ä ‡§®‡•á ‡§∞‡•à‡§´‡§∞‡•Ä ‡§ï‡•ã ‡§Æ‡§æ‡§∞‡•Ä ‡§ó‡•ã‡§≤‡•Ä #footballer #shot #down #referee http://someurl http://someurl,34206701,hi,#down,,,
697656931792527361,Twitter for Android,697656931792527361,everyone,"{'retweet_count': 3, 'reply_count': 0, 'like_count': 2, 'quote_count': 0}",2016-02-11T05:42:29.000Z,@someuser @someuser @someuser @someuser @someuser @someuser @someuser| ‡§µ‡•à‡§∂‡•ç‡§Ø‡§æ ‡§¶‡•á‡§π. ‡§¨‡•á‡§ö‡§§‡•Ä ‡§π‡•à‡§Ç  ‡§¶‡•á‡§∂ ‡§®‡§π‡•Ä‡§Ç | #shut| #Down| #jNU,2912480664,hi,#down,,2323772125,
692629714926567424,Facebook,692629714926567424,everyone,"{'retweet_count': 0, 'reply_count': 0, 'like_count': 0, 'quote_count': 0}",2016-01-28T08:46:07.000Z,27 ‡§™‡•ç‡§∞‡§§‡§ø‡§∂‡§§ ‡§ü‡•Ç‡§ü ‡§∏‡§ï‡§§‡§æ ‡§π‡•à ‡§ï‡§ö‡•ç‡§ö‡§æ ‡§§‡•á‡§≤| #Crude #oil #is #down http://someurl,843529538,hi,#down,,,
686111323340443648,Twitter SMS,686111323340443648,everyone,"{'retweet_count': 0, 'reply_count': 0, 'like_count': 0, 'quote_count': 0}",2016-01-10T09:04:21.000Z,"#Ghotki:| #Dharki Railway Station K Qareeb Maal Gari K 5 Dabbay Patri Se Utar Gaye, #Down Track Mutasir, Trains Ki Aamad-o-Raft Muattal.",555991633,hi,#down,,,
683547239315156993,Twitter SMS,683547239315156993,everyone,"{'retweet_count': 0, 'reply_count': 0, 'like_count': 0, 'quote_count': 0}",2016-01-03T07:15:36.000Z,#Down With Pakistani Forces;| TUMP:| Ajj Subha Tump Gomazi Men Qabiz Forces Ke Bilawaja Motar Gole Fire Se Sajid S/o Bahadur Shaheed Ho Gaye:,3433765693,hi,#down,,,
683142196225118208,Twitter for Android,683136248010162176,everyone,"{'retweet_count': 0, 'reply_count': 0, 'like_count': 0, 'quote_count': 0}",2016-01-02T04:26:06.000Z,@someuser aguhwwgggghhh uughguughhhghghghhhgh uughguughhhghghghhhgh aarrragghuuhw awwgggghhh huurh #Down http://someurl,4627518022,hi,#down,"[{'type': 'replied_to', 'id': '683136248010162176'}]",88297891,
682653138470465541,Twitter Web Client,682653138470465541,everyone,"{'retweet_count': 0, 'reply_count': 0, 'like_count': 1, 'quote_count': 0}",2015-12-31T20:02:45.000Z,#Pakistanio ka #Wtsup #Down ho gaya,192978920,hi,#down,,,{'place_id': '00cc0d5640394308'}
682605896317284353,Twitter for Android,682605896317284353,everyone,"{'retweet_count': 0, 'reply_count': 0, 'like_count': 0, 'quote_count': 0}",2015-12-31T16:55:02.000Z,"‡§§‡•ã‡§π‡§´‡§æ: ‡§™‡•á‡§ü‡•ç‡§∞‡•ã‡§≤ 63 ‡§™‡•à‡§∏‡•á, ‡§°‡•Ä‡§ú‡§º‡§≤ 1.06 ‡§∞‡•Å. ‡§∏‡§∏‡•ç‡§§‡§æ| http://someurl| #FuelPrice #down http://someurl",4099435453,hi,#down,,,
682446935169568768,Instagram,682446935169568768,everyone,"{'retweet_count': 0, 'reply_count': 0, 'like_count': 1, 'quote_count': 0}",2015-12-31T06:23:23.000Z,‡§Æ‡•ã‡§π‡§¨‡•ç‡§¨‡§§ ‡§§‡•ã ‡§¨‡§∏ ‡§®‡§æ‡§Æ ‡§∏‡•á ‡§¨‡§¶‡§®‡§æ‡§Æ ‡§π‡•áüò•| ‡§Ö‡§∏‡§≤‡•Ä ‡§§‡§ï‡§≤‡•Ä‡§´ ‡§§‡•ã ‡§∏‡§ø‡§∞‡•ç‡§´ ‡§™‡§¢‡§º‡§æ‡§à ‡§∏‡•á ‡§π‡•Ä ‡§π‡•ã‡§§‡•Ä ‡§π‡•á..üò≠üò≠| #cOuNt #dOwN... http://someurl,2645619667,hi,#down,,,
680315214924001280,Twitter for Android,680315214924001280,everyone,"{'retweet_count': 0, 'reply_count': 0, 'like_count': 0, 'quote_count': 0}",2015-12-25T09:12:41.000Z,tuj se naraz nahi zindgi| heran hu me | preshan hu | jeny k liay socha hi nahi | DARD SAMBHALNY hongy #down #ithurts,3020184896,hi,#down,,,
678690206162288640,Twitter for iPhone,678690206162288640,everyone,"{'retweet_count': 0, 'reply_count': 0, 'like_count': 0, 'quote_count': 0}",2015-12-20T21:35:29.000Z,#Strap #Down sheesh  http://someurl,561171341,hi,#down,"[{'type': 'quoted', 'id': '678661020965994496'}]",,
677408163247730688,hindi.news24online.com,677408163247730688,everyone,"{'retweet_count': 8, 'reply_count': 0, 'like_count': 5, 'quote_count': 0}",2015-12-17T08:41:06.000Z,‚Äò‡§ó‡§ø‡§∞ ‡§∞‡§π‡§æ ‡§π‡•à ‡§¨‡•Ä‡§ú‡•á‡§™‡•Ä ‡§ï‡§æ ‡§ó‡•ç‡§∞‡§æ‡§´‚Äô #bjp #popularit #going #down http://someurl http://someurl,34206701,hi,#down,,,
672622518386229252,Twitter SMS,672622518386229252,everyone,"{'retweet_count': 1, 'reply_count': 0, 'like_count': 1, 'quote_count': 0}",2015-12-04T03:44:39.000Z,"#DOWN WITH PAKISTAN ARMY;| ORMARA:| Say Darakht Par Latki Huhi Laash Baramad,Shunakht KeLiye Hospital Muntaqil;| Rpt; Dilwash Baloch",2397713672,hi,#down,,,
671737620649525248,Twitter SMS,671737620649525248,everyone,"{'retweet_count': 0, 'reply_count': 0, 'like_count': 0, 'quote_count': 0}",2015-12-01T17:08:23.000Z,#Down With Pokistani Army;| -LATEST NEWS| AWARAN:| Zedi Say 2Namalum Shakhs Ki Laashen Baraamad...!!| Rpt; Dilwash Baloch,2397713672,hi,#down,,,
667366780969607169,Twitter Web Client,667366780969607169,everyone,"{'retweet_count': 0, 'reply_count': 0, 'like_count': 0, 'quote_count': 0}",2015-11-19T15:40:14.000Z,kal car bhi modify Hojae-ghi ! #ACCORD #DOWN,1882758968,hi,#down,,,
665748654154719232,Twitter SMS,665748654154719232,everyone,"{'retweet_count': 0, 'reply_count': 0, 'like_count': 0, 'quote_count': 0}",2015-11-15T04:30:22.000Z,#Down With Pakistan Army:| KECH:| Buleda Mennaz Kay Elaqay Miski Say Ek Shakhs Ki Massakh Shudah Laash Braamad;| Rpt; Dilwash Baloch,2397713672,hi,#down,,,
657962239941586944,Instagram,657962239941586944,everyone,"{'retweet_count': 3, 'reply_count': 0, 'like_count': 1, 'quote_count': 0}",2015-10-24T16:49:57.000Z,#DOWN #behindthescenes !!! @ Ilesha http://someurl,1884391207,hi,#down,,,
657202722815348736,Twitter for iPhone,657202722815348736,everyone,"{'retweet_count': 0, 'reply_count': 0, 'like_count': 0, 'quote_count': 0}",2015-10-22T14:31:54.000Z,‡§î‡§∞ ‡§á‡§∏‡•Ä ‡§ï‡•á ‡§∏‡§æ‡§• ‡§á‡§®‡•ç‡§µ‡•á‡§∞‡•ç‡§ü‡•á‡§∞ ‡§ï‡•á ‡§≤‡§ó ‡§ó‡§Ø‡•á bcüòëüòë| #down,1010499176,hi,#down,,,
654691340249247744,Instagram,654691340249247744,everyone,"{'retweet_count': 0, 'reply_count': 0, 'like_count': 1, 'quote_count': 0}",2015-10-15T16:12:33.000Z,Tiyachu.# .tiyachu #.g #expression #eyes #down #lips #chepke #hue #aage #ko @ #pithoragarh http://someurl,1684776138,hi,#down,,,
653303863953461248,Instagram,653303863953461248,everyone,"{'retweet_count': 0, 'reply_count': 0, 'like_count': 0, 'quote_count': 0}",2015-10-11T20:19:13.000Z,Tere ghar ke samne... ek ghar banaunga....üî®| | #chaiiwala #trip #down #memorylane #tajmahal #blackandwhite http://someurl,443236586,hi,#down,,,
648580605425221632,Twitter for Android,648580605425221632,everyone,"{'retweet_count': 0, 'reply_count': 0, 'like_count': 0, 'quote_count': 0}",2015-09-28T19:30:41.000Z,"Logo ne itna photo change kia, ki @someuser Hi #down ho gaya. Waah re hamari abaadi #DigitalIndia",3406004778,hi,#down,,,
647086366015143936,Twitter for Android,647086366015143936,everyone,"{'retweet_count': 0, 'reply_count': 0, 'like_count': 0, 'quote_count': 0}",2015-09-24T16:33:06.000Z,Baam... #Facebook #Down,1330601958,hi,#down,,,
647086285216186368,TweetDeck,647085322392764417,everyone,"{'retweet_count': 0, 'reply_count': 1, 'like_count': 0, 'quote_count': 0}",2015-09-24T16:32:47.000Z,@someuser DDoS? #Facebook #down #up #fuck,135077668,hi,#down,"[{'type': 'replied_to', 'id': '647085655730843648'}]",366269505,
645923884366098432,Twitter Web Client,645923884366098432,everyone,"{'retweet_count': 0, 'reply_count': 0, 'like_count': 0, 'quote_count': 0}",2015-09-21T11:33:49.000Z,"‡§∏‡•á‡§Ç‡§∏‡•á‡§ï‡•ç‡§∏ 26,000 ‡§∏‡•á ‡§®‡•Ä‡§ö‡•á, ‡§∂‡•Å‡§∞‡•Ç‡§Ü‡§§‡•Ä ‡§ï‡§æ‡§∞‡•ã‡§¨‡§æ‡§∞ ‡§Æ‡•á‡§Ç 220 ‡§ü‡•Ç‡§ü‡§æ| http://someurl| | #sensex #down #TazzakhabarDotCom",2468831768,hi,#down,,,
642390871451803648,Facebook,642390871451803648,everyone,"{'retweet_count': 0, 'reply_count': 0, 'like_count': 0, 'quote_count': 0}",2015-09-11T17:34:53.000Z,#‡§ù‡•á‡§≤‡•Å‡§® ‡§Æ‡•ã‡§† ‡§π‡•ã‡§£‡•ç‡§Ø‡§æ‡§™‡•á‡§ï‡•ç‡§∑‡§æ #‡§ï‡•ã‡§≤‡•Ç‡§® ‡§Æ‡•ã‡§† ‡§π‡•ã‡§£ #‡§Ü‡§Æ‡•ç‡§π‡§æ‡§≤‡§æ ‡§ú‡§æ‡§∏‡•ç‡§§ #‡§Ü‡§µ‡§°‡§§| #‡§Ö‡§∞‡•á ‡§Ü‡§ì ‡§®‡§æ #‡§´‡§ø‡§∞!!| FEELING #MARKET #Down | ali re ali... http://someurl,2833820605,hi,#down,,,
636807211289673729,Twitter for Android,636807211289673729,everyone,"{'retweet_count': 0, 'reply_count': 0, 'like_count': 0, 'quote_count': 0}",2015-08-27T07:47:25.000Z,Koi NA-122 hota hai | Koi NA-125 hota hai | Koi NA-154 hota hai | AUR | aur koi NA-110 hota hai ..... !! üòÇüòÇ| | #pti #hatric #three #down,2748603175,hi,#down,,,
636239565494317060,Mobile Web (M2),636239565494317060,everyone,"{'retweet_count': 0, 'reply_count': 0, 'like_count': 0, 'quote_count': 0}",2015-08-25T18:11:47.000Z,baato... par bharosa utna hi jaruri hai.. jitn....jaruri us skhakhs ki shakhshiyat ho...feeling. #down,341446241,hi,#down,,,
635028665437282309,Twitter for Windows Phone,633862966610231296,everyone,"{'retweet_count': 1, 'reply_count': 0, 'like_count': 2, 'quote_count': 0}",2015-08-22T10:00:06.000Z,@someuser#‡§ï‡•ç‡§∞‡§ø‡§∂‡•ç‡§ö‡§Ø‡§æ‡§®‡§ø‡§ü‡•Ä ‡§∏‡•á #‡§∏‡§æ‡§µ‡§ß‡§æ‡§® ‡§∞‡§π‡§®‡§æ ‡§π‡•à ‡§¨‡§Ç‡§ß‡•Å‡§ì‡§Ç‡•§‡§§‡§≠‡•Ä ‡§∏‡§Ç‡§≠‡§µ ‡§π‡•ã‡§ó‡§æ ‡§ï‡•Ä ‡§π‡§Æ ‡§≠‡§æ‡§∞‡§§ ‡§ï‡•á #‡§Æ‡•Ç‡§≤ #‡§∏‡•ç‡§µ‡§∞‡•Ç‡§™ ‡§ï‡•ã ‡§¨‡§ö‡§æ‡§è ‡§∞‡§ñ‡•á‡§Ç‡•§#Conversion #down #down üëá,2455202539,hi,#down,"[{'type': 'replied_to', 'id': '633862966610231296'}]",2823192415,
631324176377356288,Twitter Web Client,631324176377356288,everyone,"{'retweet_count': 0, 'reply_count': 0, 'like_count': 0, 'quote_count': 0}",2015-08-12T04:39:47.000Z,"‡§ï‡§ö‡•ç‡§ö‡§æ ‡§§‡•á‡§≤: ‡§ì‡§™‡•á‡§ï ‡§®‡•á ‡§ï‡§π‡§æ ‡§®‡§π‡•Ä‡§Ç ‡§ò‡§ü‡§æ‡§è‡§Ç‡§ó‡•á ‡§â‡§§‡•ç‡§™‡§æ‡§¶‡§®, ‡§≠‡§æ‡§µ $43 ‡§ï‡•á ‡§®‡•Ä‡§ö‡•á, ‡§Ö‡§ó‡§≤‡§æ ‡§∏‡•ç‡§§‡§∞ $40 ‡§Æ‡•Å‡§Æ‡§ï‡§ø‡§® http://someurl| | #crudeoil #petrol #rupee #down",75741999,hi,#down,,,
627274514670313472,Twitter Web Client,627274514670313472,everyone,"{'retweet_count': 0, 'reply_count': 0, 'like_count': 0, 'quote_count': 0}",2015-08-01T00:27:53.000Z,"#Titan:#Q1 #net #down 15% | #‡§ü‡§æ‡§á‡§ü‡§®#‡§ú‡•Ç‡§≤‡§∞‡•Ä#‡§®‡§§‡•Ä‡§ú‡•á| #‡§ü‡§æ‡§ü‡§æ ‡§ó‡•ç‡§∞‡•Å‡§™#Tata Group| http://someurl| ‡§ü‡§æ‡§á‡§ü‡§®: ‡§ú‡•Ç‡§≤‡§∞‡•Ä ‡§®‡•á ‡§´‡•Ä‡§ï‡•Ä ‡§ï‡•Ä ‡§ö‡§Æ‡§ï, ‡§Æ‡•Å‡§®‡§æ‡§´‡§æ 15% ‡§ó‡§ø‡§∞‡§æ",116180903,hi,#down,,,
626298140832964608,Hootsuite,626298140832964608,everyone,"{'retweet_count': 2, 'reply_count': 0, 'like_count': 0, 'quote_count': 0}",2015-07-29T07:48:07.000Z,"‡§ñ‡•Å‡§∂‡§ñ‡§¨‡§∞‡•Ä: ‡§∏‡•ã‡§®‡•á ‡§ï‡•Ä ‡§ï‡•Ä‡§Æ‡§§ ‡§Æ‡•á‡§Ç ‡§≠‡§æ‡§∞‡•Ä ‡§ó‡§ø‡§∞‡§æ‡§µ‡§ü, ‡§â‡§Æ‡•ç‡§Æ‡•Ä‡§¶ 20 ‡§π‡§ú‡§æ‡§∞ ‡§∏‡•á ‡§®‡•Ä‡§ö‡•á ‡§ú‡§æ‡§®‡•á ‡§ï‡•Ä| http://someurl #Haribhoomi #Gold #Price #Down",3144729182,hi,#down,,,
625434748698017793,Twitter for iPhone,625434748698017793,everyone,"{'retweet_count': 0, 'reply_count': 0, 'like_count': 0, 'quote_count': 0}",2015-07-26T22:37:18.000Z,Momkin shaher 8 yet2ajal shi shaher kamen ? #summer #slow #down,475167378,hi,#down,,,{'place_id': '583bd538eb3129d1'}
624552216150585344,Hootsuite,624552216150585344,everyone,"{'retweet_count': 0, 'reply_count': 0, 'like_count': 0, 'quote_count': 0}",2015-07-24T12:10:26.000Z,‡§∏‡•ã‡§®‡§æ ‡§ú‡•á‡§µ‡§∞‡§æ‡§§‡•Ä 25 ‡§π‡§ú‡§æ‡§∞ ‡§î‡§∞ ‡§ö‡§æ‡§Å‡§¶‡•Ä 34 ‡§π‡§ú‡§æ‡§∞ ‡§∏‡•á ‡§®‡•Ä‡§ö‡•á....‡§ï‡•ç‡§≤‡§ø‡§ï ‡§ï‡§∞‡•á‡§Ç- http://someurl| | #Delhi #bullion #market #down #Gold #silver,575211943,hi,#down,,,
624551950801985537,Hootsuite,624551950801985537,everyone,"{'retweet_count': 0, 'reply_count': 0, 'like_count': 0, 'quote_count': 0}",2015-07-24T12:09:23.000Z,‡§∏‡•á‡§Ç‡§∏‡•á‡§ï‡•ç‡§∏ ‡§Æ‡•á‡§Ç 259 ‡§Ö‡§Ç‡§ï‡•ã‡§Ç ‡§ï‡•Ä ‡§ó‡§ø‡§∞‡§æ‡§µ‡§ü.. ‡§™‡•Ç‡§∞‡•Ä ‡§ñ‡§¨‡§∞ ‡§Ø‡§π‡§æ‡§Å ‡§™‡•ù‡•á‡§Ç- http://someurl| | #259points #down #bombay #stockexchange #sensex,575211943,hi,#down,,,
623464838870761472,erased7762107,623464838870761472,everyone,"{'retweet_count': 0, 'reply_count': 0, 'like_count': 0, 'quote_count': 0}",2015-07-21T12:09:35.000Z,#NiallAppreciationDay #GrowingUpSingaporean #1dindosiar Yunho  http://someurl #settle #down #drink http://someurl,3217265981,hi,#down,,,
623375032736157697,erased7762107,623375032736157697,everyone,"{'retweet_count': 0, 'reply_count': 0, 'like_count': 0, 'quote_count': 0}",2015-07-21T06:12:44.000Z,#NiallAppreciationDay #1DIndosiar Yunho #louisappreciationday  http://someurl #settle #down #drink http://someurl,3217265981,hi,#down,,,
623367225693618176,erased7762107,623367225693618176,everyone,"{'retweet_count': 0, 'reply_count': 0, 'like_count': 0, 'quote_count': 0}",2015-07-21T05:41:42.000Z,#NiallAppreciationDay Yunho #1DIndosiar #louisappreciationday  http://someurl #settle #down #drink http://someurl,3217265981,hi,#down,,,
622355690829557760,Facebook,622355690829557760,everyone,"{'retweet_count': 0, 'reply_count': 0, 'like_count': 0, 'quote_count': 0}",2015-07-18T10:42:14.000Z,"‡§ï‡•ç‡§∞‡§ø‡§∏‡§ø‡§≤ ‡§®‡•á ‡§ï‡§π‡§æ 6 ‡§∞‡•Å‡§™‡§Ø‡•á ‡§§‡§ï ‡§∏‡§∏‡•ç‡§§‡•á ‡§π‡•ã‡§Ç‡§ó‡•á ‡§™‡•á‡§ü‡•ç‡§∞‡•ã‡§≤-‡§°‡•Ä‡§ú‡§≤, ‡§≤‡•Å‡§¢‡§º‡§ï‡•á‡§ó‡§æ ‡§∏‡•ã‡§®‡§æ| #news #samachar #price #down #gold #online... http://someurl",843529538,hi,#down,,,
618682435765538816,Twitter Web Client,618682435765538816,everyone,"{'retweet_count': 0, 'reply_count': 0, 'like_count': 0, 'quote_count': 0}",2015-07-08T07:26:01.000Z,Koi Bachao #HangSeng  Ke #StockMarket Ko | Nahi To Aaj Hi Zero Ho Jaayega :P| #Down 2100 Point,165446544,hi,#down,,,
615525719142219776,Instagram,615525719142219776,everyone,"{'retweet_count': 0, 'reply_count': 0, 'like_count': 1, 'quote_count': 0}",2015-06-29T14:22:22.000Z,@someuser -#Sun #Goes #Down üëáüòäüòâüåï‚õÖ @ Anushakti Nagar; Mumbai http://someurl,330925160,hi,#down,,123150902,"{'coordinates': {'type': 'Point', 'coordinates': [72.92939, 19.04723]}, 'place_id': '7929cea6bd5b32bd'}"
612619197915492354,Twitter for Android,612619197915492354,everyone,"{'retweet_count': 1, 'reply_count': 0, 'like_count': 4, 'quote_count': 0}",2015-06-21T13:52:53.000Z,Poshtotti #down and #dirty @someuser @someuser @someuser @someuser @someuser @someuser http://someurl,3300662944,hi,#down,,,
611990388291829760,iamricz,611990388291829760,everyone,"{'retweet_count': 0, 'reply_count': 0, 'like_count': 0, 'quote_count': 0}",2015-06-19T20:14:13.000Z,#9XM-Bheegi #Billi #-- #Umbrella #Upside #Down http://someurl,1914465235,hi,#down,,,
607077075757834240,Facebook,607077075757834240,everyone,"{'retweet_count': 0, 'reply_count': 0, 'like_count': 0, 'quote_count': 0}",2015-06-06T06:50:28.000Z,‡§î‡§ï‡§æ‡§§ ‡§ï‡•Ä ‡§¨‡§æ‡§§ ‡§Æ‡§§ ‡§ï‡§∞ ‡§™‡§ó‡§≤‡•Ä| | ‡§™‡§ü‡§æ‡§®‡•á ‡§ï‡•ã ‡§§‡•ã ‡§Æ‡•à‡§Ç #Sunny_Leone ‡§ï‡•ã ‡§™‡§ü‡§æ ‡§≤‡•Ç‡§Å| ‡§™‡§∞ ‡§ï‡•ç‡§Ø‡§æ ‡§ï‡§∞‡•Ç‡§Å| ‡§á‡§∏ ‡§≤‡•å‡§Ç‡§°‡§ø‡§Ø‡§æ ‡§ï‡§æ ‡§ï‡•à‡§∞‡•á‡§ï‡•ç‡§ü‡§∞| ‡§•‡•ã‡§ô‡§æ ‡§∏‡§æ #Down ‡§π‡•à,2728819005,hi,#down,,,
606884837430050816,Facebook,606884837430050816,everyone,"{'retweet_count': 0, 'reply_count': 0, 'like_count': 1, 'quote_count': 0}",2015-06-05T18:06:35.000Z,Solo Release Allathe #Premathinte Koode Vannath Kondaadaa #Jurya Annaww #Down Aayath :v #Kerala #Chinga Kottai... http://someurl,2292680382,hi,#down,,,
600160489742688257,Instagram,600160489742688257,everyone,"{'retweet_count': 0, 'reply_count': 0, 'like_count': 0, 'quote_count': 0}",2015-05-18T04:46:25.000Z,#Shopping #up and #down shanghai #rainy #day http://someurl,50432638,hi,#down,,,
596577652674326528,Twitter for iPhone,596577652674326528,everyone,"{'retweet_count': 0, 'reply_count': 1, 'like_count': 1, 'quote_count': 0}",2015-05-08T07:29:30.000Z,Spot Joshua ‚ò∫Ô∏è #GAA #Down ‚öΩÔ∏è http://someurl,385977115,hi,#down,"[{'type': 'quoted', 'id': '596430045419307008'}]",,
596525085231599616,Instagram,596525085231599616,everyone,"{'retweet_count': 0, 'reply_count': 0, 'like_count': 0, 'quote_count': 0}",2015-05-08T04:00:37.000Z,#Still #Hangover of the #Last #night üåÉ #Party üíÉ#headache.... üòµüòµ#One #bottle #Down üëáApni Piyu... http://someurl,1258354291,hi,#down,,,"{'coordinates': {'type': 'Point', 'coordinates': [77.12339013, 28.6532767]}, 'place_id': '317fcc4b21a604d5'}"
595309832158236674,IFTTT,595309832158236674,everyone,"{'retweet_count': 0, 'reply_count': 0, 'like_count': 0, 'quote_count': 0}",2015-05-04T19:31:38.000Z,@someuser by soph_jane_gash #Cleethorpes #sunny #hot #sunglasses #black #white #hair #down #car http://someurl,183608545,hi,#down,,183608545,
588329302359441408,Facebook,588329302359441408,everyone,"{'retweet_count': 0, 'reply_count': 0, 'like_count': 0, 'quote_count': 0}",2015-04-15T13:13:30.000Z,_Harf-e-Tasalli Ek Takalluf.| Jis Ka Dard Usi Ka Dard.!!!| #Down,2257561047,hi,#down,,,
585085000602660864,Twitter for Android,585084826895704064,everyone,"{'retweet_count': 0, 'reply_count': 0, 'like_count': 0, 'quote_count': 0}",2015-04-06T14:21:49.000Z,@someuser chane ke khet main #MomdayMania #DOWN,2883469416,hi,#down,"[{'type': 'replied_to', 'id': '585084826895704064'}]",2543140902,
583521274032480257,Twitter SMS,583521274032480257,everyone,"{'retweet_count': 0, 'reply_count': 0, 'like_count': 0, 'quote_count': 0}",2015-04-02T06:48:07.000Z,"#Aal-e-Saud Abu Jehal aur Abu Lahab k rastay pe gamzan..| | Saudi hamlon main ab tak 62 Yameni bachay shaheed...| #Shame On UNO| #Down w USA,UAE",1895857856,hi,#down,,,
583091019241099264,LinkedIn,583091019241099264,everyone,"{'retweet_count': 0, 'reply_count': 0, 'like_count': 0, 'quote_count': 0}",2015-04-01T02:18:26.000Z,‡§ó‡•ç‡§∞‡§æ‡§Æ‡•Ä‡§£ ‡§ï‡•ç‡§∑‡•á‡§§‡•ç‡§∞‡•ã‡§Ç ‡§Æ‡•á‡§Ç ‡§®‡§ø‡§ï‡§≤ ‡§∞‡§π‡•Ä ‡§Æ‡•ã‡§¶‡•Ä ‡§ï‡•Ä ‡§≤‡•ã‡§ï‡§™‡•ç‡§∞‡§ø‡§Ø‡§§‡§æ ‡§ï‡•Ä ‡§π‡§µ‡§æ| #news #Rural #Modi #popularity #position #down http://someurl,2308544557,hi,#down,,,
582286698324889600,Hootsuite,582286698324889600,everyone,"{'retweet_count': 2, 'reply_count': 0, 'like_count': 0, 'quote_count': 0}",2015-03-29T21:02:21.000Z,‡§¨‡§æ‡§ú‡§æ‡§∞ ‡§™‡•Ç‡§Ç‡§ú‡•Ä‡§ï‡§∞‡§£ ‡§Æ‡•á‡§Ç ‡§è‡§ï ‡§≤‡§æ‡§ñ ‡§ï‡§∞‡•ã‡•ú ‡§ï‡•Ä ‡§ó‡§ø‡§∞‡§æ‡§µ‡§ü| http://someurl #capitalization #onecrore #down #sensex #companies #top,2953218601,hi,#down,,,
581325591510589440,Twitter Web Client,581325591510589440,everyone,"{'retweet_count': 0, 'reply_count': 0, 'like_count': 0, 'quote_count': 0}",2015-03-27T05:23:16.000Z,‡§∂‡•á‡§Ø‡§∞ ‡§¨‡§æ‡§ú‡§æ‡§∞ ‡§Æ‡•á‡§Ç ‡§´‡§ø‡§∞ ‡§Ü‡§à ‡§∏‡•Å‡§®‡§æ‡§Æ‡•Ä| http://someurl| #sharemarket #down,2384184824,hi,#down,,,
581066976107180032,Twitter Web Client,581066976107180032,everyone,"{'retweet_count': 0, 'reply_count': 0, 'like_count': 0, 'quote_count': 0}",2015-03-26T12:15:37.000Z,to sharma ji ki beti ne yahi ladka pasand kiya hai #down#kohli,2152555536,hi,#down,,,
578644306287681536,Twitter Web Client,578644306287681536,everyone,"{'retweet_count': 0, 'reply_count': 0, 'like_count': 0, 'quote_count': 0}",2015-03-19T19:48:47.000Z,Gair sa hua khud se bhi| na koi mera| Dard se karle chal yaari| dil ye keh raha| Jaane kaise koi sehta Judaaiyaan.| #judai #badlapur #down,145741443,hi,#down,,,
573423256088158208,Twitter for BlackBerry¬Æ,573423256088158208,everyone,"{'retweet_count': 0, 'reply_count': 0, 'like_count': 0, 'quote_count': 0}",2015-03-05T10:02:12.000Z,Badan panas aarrrgghhh #down,257428041,hi,#down,,,
565936652179501056,Instagram,565936652179501056,everyone,"{'retweet_count': 1, 'reply_count': 0, 'like_count': 1, 'quote_count': 0}",2015-02-12T18:13:07.000Z,#TBT #Cali #Slow #Down #Little catthai http://someurl,269427367,hi,#down,,,
564217565463851009,Twitter Web Client,564217565463851009,everyone,"{'retweet_count': 0, 'reply_count': 0, 'like_count': 0, 'quote_count': 0}",2015-02-08T00:22:04.000Z,tadhana sana. #Down !,2800367114,hi,#down,,,
563660604422885377,Twitter for Android,563659610788483072,everyone,"{'retweet_count': 0, 'reply_count': 0, 'like_count': 0, 'quote_count': 0}",2015-02-06T11:28:55.000Z,@someuser ab tak kya khrrate mar rahi thi yeh sarkar...AAP is desh ki sankatmochan hai... #down with bhartiye julma party,2204581072,hi,#down,"[{'type': 'replied_to', 'id': '563659610788483072'}]",2717201432,
562838530012241920,Hootsuite,562838530012241920,everyone,"{'retweet_count': 9, 'reply_count': 0, 'like_count': 0, 'quote_count': 0}",2015-02-04T05:02:17.000Z,"‡§ï‡§æ‡§∞‡•ç‡§∞‡§µ‡§æ‡§à ‡§∏‡•á ‡§°‡§∞‡§æ AIB,‡§Ø‡•Ç‡§ü‡•ç‡§Ø‡•Ç‡§¨ ‡§∏‡•á ‡§π‡§ü‡§æ‡§Ø‡§æ ‡§´‡•Ç‡§π‡§°‡§º ‡§µ‡•Ä‡§°‡§ø‡§Ø‡•ã| http://someurl #aib #pulls #down #show #youtube http://someurl",2494059061,hi,#down,,,
562610511263444995,Twitter Web Client,562610511263444995,everyone,"{'retweet_count': 0, 'reply_count': 0, 'like_count': 1, 'quote_count': 0}",2015-02-03T13:56:13.000Z,@someuser @someuser  | ‡§≤‡§ó‡§§‡§æ ‡§π‡•à ‡§ß‡•Ä‡§∞‡•á ‡§ß‡•Ä‡§∞‡•á #AchheDin ‡§Ü ‡§∞‡§π‡•á ‡§π‡•à..| ‡§™‡•á‡§ü‡•ç‡§∞‡•ã‡§≤ ‡§î‡§∞ ‡§°‡•Ä‡•õ‡§≤ ‡§´‡§ø‡§∞ ‡§∏‡§∏‡•ç‡§§‡•á ‡§ú‡•ã ‡§π‡•ã ‡§ó‡§è ‡§π‡•à || #PetrolPrice  #DieselPrice #Down,824882324,hi,#down,,471741741,{'place_id': '4a00f902bee39847'}
560022273378111488,hindi.news24online.com,560022273378111488,everyone,"{'retweet_count': 2, 'reply_count': 0, 'like_count': 0, 'quote_count': 0}",2015-01-27T10:31:29.000Z,"‡§´‡•á‡§∏‡§¨‡•Å‡§ï ‡§°‡§æ‡§â‡§® ‡§®‡§π‡•Ä‡§Ç, ‡§π‡•à‡§ï ‡§π‡•Å‡§Ü ‡§•‡§æ! - http://someurl #Down #Facebook #Hack http://someurl",34206701,hi,#down,,,
559980407618142208,hindi.news24online.com,559980407618142208,everyone,"{'retweet_count': 0, 'reply_count': 0, 'like_count': 0, 'quote_count': 0}",2015-01-27T07:45:07.000Z,‡§ú‡§¨ ‡§¶‡•Å‡§®‡§ø‡§Ø‡§æ ‡§≠‡§∞ ‡§Æ‡•á‡§Ç ‡§°‡§æ‡§â‡§® ‡§π‡•Å‡§Ü ‡§´‡•á‡§∏‡§¨‡•Å‡§ï - http://someurl #Down #Facebook #Twitter http://someurl,34206701,hi,#down,,,
559968390606245889,Mobile Web (M2),559968390606245889,everyone,"{'retweet_count': 0, 'reply_count': 0, 'like_count': 0, 'quote_count': 0}",2015-01-27T06:57:22.000Z,#facebook #down #off in bangladesh #fboff,2622513677,hi,#down,,,
554961825146499072,Twitter for Android,554961825146499072,everyone,"{'retweet_count': 0, 'reply_count': 0, 'like_count': 0, 'quote_count': 0}",2015-01-13T11:23:04.000Z,"‡§Ü‡§ú ‡§§‡•ã ‡§ï‡§à ‡§¶‡•å‡§∞ ‡§Æ‡•á‡§Ç ‡§¶‡§π‡•Ä ‡§ñ‡§æ ‡§ö‡•Å‡§ï‡§æ ‡§π‡•Ç‡§Ç ,  ‡§™‡§∞ ‡§Ø‡•á ‡§™‡•á‡§ü ‡§Æ‡•á‡§Ç ‡§â‡§† ‡§∞‡§π‡•Ä ‡§Ü‡§µ‡§æ‡§ú‡•á‡§Ç ‡§Æ‡•Å‡§ù‡•á ‡§Ö‡§≠‡•Ä ‡§≠‡•Ä ‡§°‡§∞‡§æ‡§Ø‡•á ‡§ú‡§æ ‡§∞‡§π‡•Ä ‡§π‡•à‡§Ç  üòà| | ‡§ï‡•ã‡§à ‡§´‡§æ‡§Ø‡§¶‡§æ ‡§®‡§π‡•Ä‡§Ç  üò©| | #health #Down  üëé",372229802,hi,#down,,,"{'coordinates': {'type': 'Point', 'coordinates': [83.2060716, 26.1517388]}, 'place_id': '133eafffa4b1ca86'}"
551879313218211840,erased1693945,551879313218211840,everyone,"{'retweet_count': 0, 'reply_count': 0, 'like_count': 0, 'quote_count': 0}",2015-01-04T23:14:16.000Z,http://someurl Diya Aur Baati Hum - Sandhya #shuts down Surajs shop http://someurl #Down #Surajs,37519021,hi,#down,,,
544975900370956290,Google,544975900370956290,everyone,"{'retweet_count': 0, 'reply_count': 0, 'like_count': 0, 'quote_count': 0}",2014-12-16T22:02:34.000Z,#Yemen #presidential #aide #says #Houthis #plotting #to #bring #down #govt: SANAA: An aide... http://someurl,2477965532,hi,#down,,,
543586295885619201,Instagram,543586295885619201,everyone,"{'retweet_count': 0, 'reply_count': 0, 'like_count': 0, 'quote_count': 0}",2014-12-13T02:00:46.000Z,Soooleeaadoo üéè #instachile #sun #down http://someurl,2453703741,hi,#down,,,
539382350464180224,Facebook,539382350464180224,everyone,"{'retweet_count': 0, 'reply_count': 0, 'like_count': 0, 'quote_count': 0}",2014-12-01T11:35:48.000Z,‡§∏‡•á‡§Ç‡§∏‡•á‡§ï‡•ç‡§∏ ‡§Æ‡•á‡§Ç 134 ‡§Ö‡§Ç‡§ï‡•ã‡§Ç ‡§ï‡•Ä ‡§ó‡§ø‡§∞‡§æ‡§µ‡§ü| #Sensex #down | http://someurl http://someurl,2201706786,hi,#down,,,
537913670173343745,Instagram,537913670173343745,everyone,"{'retweet_count': 0, 'reply_count': 0, 'like_count': 1, 'quote_count': 0}",2014-11-27T10:19:47.000Z,#Flyme #ATR42 #500 #Series #VP645#Dharavandhoo #Domestic #Airport #instaMv #TagsForLikes #Touch #Down... http://someurl,2362474129,hi,#down,,,
536117906816663552,Twitter for Android Tablets,536117906816663552,everyone,"{'retweet_count': 0, 'reply_count': 0, 'like_count': 0, 'quote_count': 0}",2014-11-22T11:24:04.000Z,Fishtale bin #fishtale #plaits #hairbysteff #hair #long #short| #gain #gaintweet #up #down #pretty http://someurl,2845778837,hi,#down,,,
533817470545428481,Twitter for BlackBerry¬Æ,533817470545428481,everyone,"{'retweet_count': 0, 'reply_count': 0, 'like_count': 0, 'quote_count': 0}",2014-11-16T03:02:57.000Z,Rameeee paaraaahhh .#down,1221281180,hi,#down,,,
531154841695834112,Instagram,531154841695834112,everyone,"{'retweet_count': 0, 'reply_count': 0, 'like_count': 0, 'quote_count': 0}",2014-11-08T18:42:37.000Z,#Boosie #Cruisin #Down #The #Street @someuser kiddsavaqee #TurntUp http://someurl,1773605310,hi,#down,,,
517686263630299136,Twitter for iPhone,517684274208985089,everyone,"{'retweet_count': 1, 'reply_count': 1, 'like_count': 1, 'quote_count': 0}",2014-10-02T14:43:18.000Z,@someuser duuuur daaaar huuuur HUE HUE HUE #down,32155238,hi,#down,"[{'type': 'replied_to', 'id': '517686074744000512'}]",32476871,
512187158858571776,Twitter SMS,512187158858571776,everyone,"{'retweet_count': 0, 'reply_count': 0, 'like_count': 0, 'quote_count': 0}",2014-09-17T10:31:49.000Z,*Karachi:| Nije Hospital me ak Orat ne 5 Bachon Ko Janam Diya Kuch He Der Bad Ak Fot hogya.| #Down News.| Rpt: Naseer Chang,1428374640,hi,#down,,,
505049398892855297,Instagram,505049398892855297,everyone,"{'retweet_count': 0, 'reply_count': 0, 'like_count': 0, 'quote_count': 0}",2014-08-28T17:48:54.000Z,#sea #u #down @ Le Pasha Amchit http://someurl,702894876,hi,#down,,,
502162816896229376,Twitter for Android,502162816896229376,everyone,"{'retweet_count': 0, 'reply_count': 0, 'like_count': 0, 'quote_count': 0}",2014-08-20T18:38:39.000Z,Kya yaaar! Martay bhi Nahi hen sakooon bhi nae milta.. :/| #Down,1931641370,hi,#down,,,
500991157921251328,Twitter Web Client,500980035625705472,everyone,"{'retweet_count': 0, 'reply_count': 0, 'like_count': 0, 'quote_count': 0}",2014-08-17T13:02:54.000Z,@someuser #SAMAA #DOWN #ABTAK #DUNYA or #GEONEWS Neutal Reporting kar Rahy Han.!! Baki Chanals Ne Pasay Khain Han. Agree.??,1082479310,hi,#down,"[{'type': 'replied_to', 'id': '500984661871706112'}]",1270107890,
495167926459068416,Mobile Web (M2),495167926459068416,everyone,"{'retweet_count': 0, 'reply_count': 0, 'like_count': 0, 'quote_count': 0}",2014-08-01T11:23:28.000Z,aur sunao phir? #NotBore #Down #Health,879493976,hi,#down,,,
494606359686811648,Mobile Web (M2),494601057528344576,everyone,"{'retweet_count': 0, 'reply_count': 1, 'like_count': 2, 'quote_count': 0}",2014-07-30T22:12:00.000Z,@someuser ‡§π‡§æ‡§Å ‡§≠‡§æ‡§Ø‡§æ ‡§ï‡•Å‡§õ ‡§ê‡§∏‡•á ‡§≠‡•Ä ‡§π‡•à... ‡§ú‡§ø‡§®‡§ï‡§æ ‡§∏‡•á‡§®‡•ç‡§∏‡•á‡§ï‡•ç‡§∏ ‡§∞‡§æ‡§§ ‡§Æ‡•á #down  ‡§π‡•ã‡§§‡§æ ‡§π‡•à ... ‡§π‡§¶ ‡§π‡•ã ‡§∞‡§π‡•Ä...,532171688,hi,#down,"[{'type': 'replied_to', 'id': '494604372756533250'}]",2303084906,
492571288536236035,Facebook,492571288536236035,everyone,"{'retweet_count': 0, 'reply_count': 0, 'like_count': 0, 'quote_count': 0}",2014-07-25T07:25:21.000Z,"6,000 ‡§∞‡•Å‡§™‡§è ‡§§‡§ï ‡§ï‡§Æ ‡§π‡•Å‡§è ‡§¨‡•ç‚Äç‡§≤‡•à‡§ï‡§¨‡•á‡§∞‡•Ä ‡§∏‡•ç‚Äç‡§Æ‡§æ‡§∞‡•ç‡§ü‡§´‡•ã‡§® ‡§ï‡•á ‡§¶‡§æ‡§Æ #blackberry   #mobile   #price   #falling   #down  | | For More... http://someurl",82911484,hi,#down,,,
487560045815939072,Twitter for iPad,487482297700999170,everyone,"{'retweet_count': 0, 'reply_count': 0, 'like_count': 0, 'quote_count': 0}",2014-07-11T11:32:28.000Z,"@someuser ‡§π‡§∞ ‡§ú‡§ó‡§π ‡§Ö‡§¨ ‡§Ö‡§™‡§®‡•á ‡§≤‡•ã‡§ó ‡§π‡•ã‡§Ç‡§ó‡•á, ‡§∏‡§¨ ‡§Ö‡§™‡§∞‡§æ‡§ß‡•Ä ‡§Ö‡§¨ ‡§¨‡§æ‡§á‡§ú‡•ç‡§ú‡§§ ‡§¨‡§∞‡•Ä ‡§π‡•ã‡§Ç‡§ó‡•á, | ‡§ï‡•ç‡§Ø‡•ã‡§Ç‡§ï‡§ø, ‡§Ö‡§™‡§®‡•á ‡§§‡•ã ‡§Ö‡§™‡§®‡•á ‡§π‡•ã‡§§‡•á ‡§π‡•à‡§Ç | #down Judiciary",80160481,hi,#down,"[{'type': 'replied_to', 'id': '487482297700999170'}]",72034591,
485366282217193472,Twitter for iPhone,485349749797580800,everyone,"{'retweet_count': 4, 'reply_count': 1, 'like_count': 6, 'quote_count': 0}",2014-07-05T10:15:14.000Z,‚Äú@someuser ‡§§‡§Ç‡§ü‡§æ ‡§®‡§æ‡§Ø ‡§§‡§∞ ‡§ò‡§Ç‡§ü‡§æ ‡§®‡§æ‡§Ø! #LaiBhaari 6 days to go #count #down #begins http://someurl,2414043110,hi,#down,"[{'type': 'replied_to', 'id': '485349749797580800'}]",483116012,
485349749797580800,Twitter Web Client,485349749797580800,everyone,"{'retweet_count': 7, 'reply_count': 8, 'like_count': 14, 'quote_count': 0}",2014-07-05T09:09:32.000Z,‡§§‡§Ç‡§ü‡§æ ‡§®‡§æ‡§Ø ‡§§‡§∞ ‡§ò‡§Ç‡§ü‡§æ ‡§®‡§æ‡§Ø! #LaiBhaari 6 days to go #count #down #begins http://someurl,483116012,hi,#down,,,
484411184213291008,Instagram,484411184213291008,everyone,"{'retweet_count': 0, 'reply_count': 0, 'like_count': 0, 'quote_count': 0}",2014-07-02T19:00:00.000Z,rasheeddopehouse #PUTTING #IT #DOWN #FOR #DFW ##RASHEED #JULY #TRIPLE #SIX #MIX #TEAMRASHEED713 http://someurl,573138206,hi,#down,,,
483993681100558337,Twitter Web Client,483990288948793344,everyone,"{'retweet_count': 0, 'reply_count': 0, 'like_count': 0, 'quote_count': 0}",2014-07-01T15:21:00.000Z,@someuser  ye he ishara #PTI ki performance ka hai #down,474803139,hi,#down,"[{'type': 'replied_to', 'id': '483993395590094848'}]",1394490326,
482218279340367873,Facebook,482218279340367873,everyone,"{'retweet_count': 0, 'reply_count': 0, 'like_count': 0, 'quote_count': 0}",2014-06-26T17:46:11.000Z,"Ham Toh Apne Gamo Par Bhi Hass Padte Hai,| Vo Isliye Ke Samne Wala Udas Na Ho Ûæì∂Ûæìë| | #Laughing #Crying #Life #Up #Down #Moments Ûæìë",1073312726,hi,#down,,,
480420135883538433,Twitter Web Client,480420135883538433,everyone,"{'retweet_count': 0, 'reply_count': 0, 'like_count': 0, 'quote_count': 0}",2014-06-21T18:41:00.000Z,#ghanablackstars #Ghana Africa guul Germany guul daro #Down #Germany,433892947,hi,#down,,,
474596051354415105,Twitter Web Client,474596051354415105,everyone,"{'retweet_count': 0, 'reply_count': 0, 'like_count': 0, 'quote_count': 0}",2014-06-05T16:58:10.000Z,"Jaan jaaye meri, tujhko bhulane mein | Ke aaun na main yaad bhi anjaane mein #PPNH #Down",1310986406,hi,#down,,,
473854406929051649,Twitter Web Client,473854406929051649,everyone,"{'retweet_count': 0, 'reply_count': 0, 'like_count': 0, 'quote_count': 0}",2014-06-03T15:51:09.000Z,Ab koi sheenshah he aayga karachi khulwana .. | | #Karachi #shutter #down #hartaal #altaf #arrested,1303160701,hi,#down,,,
471153540451553280,Twitter SMS,471153540451553280,everyone,"{'retweet_count': 0, 'reply_count': 0, 'like_count': 0, 'quote_count': 0}",2014-05-27T04:58:52.000Z,TEHZIB sekhati hai jeenay ka saleeqa.!| | TALEEM se jahil ki Jahalat nahi jati...!| | #Promote Saqaf e Islami| #Down with Eurpion Culture,1895857856,hi,#down,,,
464413208389103616,Mobile Web (M2),464413208389103616,everyone,"{'retweet_count': 0, 'reply_count': 0, 'like_count': 0, 'quote_count': 0}",2014-05-08T14:35:11.000Z,"#Mehrabpur: 4 Ghantay Se #Down #HAZARA Ka #Engne Fail,| Musafar Preshan, Hukkam| Khamosh Tamashai.rep 7pm",1616068440,hi,#down,,,
462256749526134784,Twitter Web Client,462256749526134784,everyone,"{'retweet_count': 0, 'reply_count': 0, 'like_count': 0, 'quote_count': 0}",2014-05-02T15:46:12.000Z,1 kaay baad 1 chapter #down karna start kar deta hun :3,363819746,hi,#down,,,
458325387865784320,Twitter Web Client,458321015853314051,everyone,"{'retweet_count': 0, 'reply_count': 1, 'like_count': 0, 'quote_count': 0}",2014-04-21T19:24:22.000Z,@someuser @someuser @someuser Salay #Down hi rehtay hain kabhi kabhi #up hotay hain ;),109398715,hi,#down,"[{'type': 'replied_to', 'id': '458324960180961280'}]",548361049,
453427891192496128,Plustre,453427891192496128,everyone,"{'retweet_count': 3, 'reply_count': 0, 'like_count': 3, 'quote_count': 0}",2014-04-08T07:03:28.000Z,#Amazing #Easy DIY #Home #Decor #Ideas- #Upside #Down She - http://someurl http://someurl,2330085920,hi,#down,,,
446840287198183424,Instagram,446840287198183424,everyone,"{'retweet_count': 0, 'reply_count': 0, 'like_count': 1, 'quote_count': 0}",2014-03-21T02:46:40.000Z,#world #down #syndrome #day #2014 #csr #corporate #social #responsibility #happy #kids @ Shangri-La Hotel http://someurl,170589617,hi,#down,,,"{'coordinates': {'type': 'Point', 'coordinates': [112.716256, -7.289878]}, 'place_id': 'c83ae62d49ba8812'}"
445616935862939649,Twitter for  Android,444431143237349376,everyone,"{'retweet_count': 0, 'reply_count': 0, 'like_count': 0, 'quote_count': 0}",2014-03-17T17:45:31.000Z,@someuser Sahi Ha.. Bs Ek Din #Down tha 3 ghnte k liye,379516969,hi,#down,"[{'type': 'replied_to', 'id': '444431143237349376'}]",1062964524,
442247634309234688,Twitter Web Client,442247634309234688,everyone,"{'retweet_count': 0, 'reply_count': 0, 'like_count': 1, 'quote_count': 0}",2014-03-08T10:37:07.000Z,Shaktikhor hill #down Jay Mokshya!! http://someurl,1512485696,hi,#down,,,
439710704938270720,Instagram,439710704938270720,everyone,"{'retweet_count': 0, 'reply_count': 0, 'like_count': 0, 'quote_count': 0}",2014-03-01T10:36:16.000Z,aaj ki taaza khabar #harbirzinc #taxi #cab #sikh #newspaper #news #media #meter #down #mumbai #bombay... http://someurl,505751072,hi,#down,,,
437688503036821504,Instagram,437688503036821504,everyone,"{'retweet_count': 0, 'reply_count': 0, 'like_count': 0, 'quote_count': 0}",2014-02-23T20:40:45.000Z,Sarahi Alejandra #Playing #Laptop #Beautiful #UnaMas #Down #Nice #Sister #ILoveYou http://someurl,353709395,hi,#down,,,
435654698889011200,Twitter for Android,435654698889011200,everyone,"{'retweet_count': 0, 'reply_count': 0, 'like_count': 0, 'quote_count': 0}",2014-02-18T05:59:08.000Z,Just read somewhere !| | Dhoni ke Dhurandhar hai ya Besharamo ki Baarat| | #down #worst_series,538177394,hi,#down,,,
434323899812433920,AtomsToBits,434323899812433920,everyone,"{'retweet_count': 0, 'reply_count': 0, 'like_count': 1, 'quote_count': 0}",2014-02-14T13:51:01.000Z,#Indian #Music #Streaming #Startup Dhingana Shuts #Down http://someurl http://someurl,1318914206,hi,#down,,,
429318386313461760,Twitter Web Client,429318386313461760,everyone,"{'retweet_count': 0, 'reply_count': 0, 'like_count': 0, 'quote_count': 0}",2014-01-31T18:20:54.000Z,@someuser I dont understand the rules of the game... 1 mahina guzar gaya aur abhi tk top 12 ka pata nahi hai !!| #pathetic_rules #down,169070425,hi,#down,,1407954853,
428282709060755456,Twitter for iPhone,428282709060755456,everyone,"{'retweet_count': 6, 'reply_count': 0, 'like_count': 1, 'quote_count': 0}",2014-01-28T21:45:29.000Z,Nae nae #down yo shit            HUUAAHHH| | ‚úã|   \|     \  üòÆ|          | \|          |   \|        /  \  ‚úã|      /      \|   HUUAAHHH,879665648,hi,#down,,,
428218588861054976,Twitter for iPhone,428218588861054976,everyone,"{'retweet_count': 0, 'reply_count': 0, 'like_count': 0, 'quote_count': 0}",2014-01-28T17:30:42.000Z,"Duniya ke mehfilon se uktta gya Hun Ya Rab.... Kia lutf anjuman ka, jub dil he bujh gya hu #Down :(",426633159,hi,#down,,,
425911909838499840,Instagram,425911909838499840,everyone,"{'retweet_count': 0, 'reply_count': 0, 'like_count': 0, 'quote_count': 0}",2014-01-22T08:44:47.000Z,Haahaa :^) #sad #down #unhappy http://someurl,432423508,hi,#down,,,
420811949027635200,Instagram,420811949027635200,everyone,"{'retweet_count': 0, 'reply_count': 0, 'like_count': 0, 'quote_count': 0}",2014-01-08T06:59:21.000Z,#all #crazy #stuff #went #down #on #the #beach... #thanks shaimanajib #for #letting #me #visit #an... http://someurl,556116040,hi,#down,,,
419398645403090944,Twitter SMS,419398645403090944,everyone,"{'retweet_count': 0, 'reply_count': 0, 'like_count': 0, 'quote_count': 0}",2014-01-04T09:23:23.000Z,*| /Amrika Se Kaho Zara Sambhal K ...!| *|  HUSAIN_as| Jeet K NikLe Hen Noke Neza P..| *| Yazid_e_Wqt Se keh 2 Nazar Jhuka k ChaLe !| | #Down W USA,1895857856,hi,#down,,,
417702822025498625,Kichibichiya,417702822025498625,everyone,"{'retweet_count': 0, 'reply_count': 0, 'like_count': 0, 'quote_count': 0}",2013-12-30T17:04:47.000Z,dan bonna wenne waha thama #down,623929922,hi,#down,,,
413600065660665856,Instagram,413600065660665856,everyone,"{'retweet_count': 0, 'reply_count': 0, 'like_count': 0, 'quote_count': 0}",2013-12-19T09:21:54.000Z,Ai kenot bren diz. Argh! Kah kah #coding #test #kahkah #bad #english #lawak #gila #demoralized #down... http://someurl,236289450,hi,#down,,,
412312678234075136,Mobile Web (M2),412312678234075136,everyone,"{'retweet_count': 0, 'reply_count': 0, 'like_count': 1, 'quote_count': 0}",2013-12-15T20:06:17.000Z,"SAM BAILEY, SAM BAILEY, SAM BAILEY!! #XFactor #winner #hands #down",288848109,hi,#down,,,
410408806972420096,Facebook,410408806972420096,everyone,"{'retweet_count': 0, 'reply_count': 0, 'like_count': 0, 'quote_count': 0}",2013-12-10T14:00:59.000Z,#YahooMail #Down #MarisaaMayer #Google| ‡§∏‡•Å‡§¨‡§π ‡§∏‡•á ‡§Ø‡§æ‡§π‡•Ç ‡§Æ‡•á‡§≤ ‡§∏‡•á‡§µ‡§æ ‡§¨‡§æ‡§ß‡§ø‡§§ ‡§π‡•à‡•§ ‡§µ‡•à‡§∏‡•á ‡§≠‡•Ä ‡§ú‡§¨ ‡§∏‡•á Marissa Ann Mayer ‡§ó‡•Ç‡§ó‡§≤ ‡§∏‡•á... http://someurl,13612542,hi,#down,,,
404235939511562241,Instagram,404235939511562241,everyone,"{'retweet_count': 0, 'reply_count': 0, 'like_count': 0, 'quote_count': 0}",2013-11-23T13:12:12.000Z,#holiday #relaxation #down #south @ Daiwik Hotel http://someurl,51668447,hi,#down,,,
403411876375048192,Instagram,403411876375048192,everyone,"{'retweet_count': 0, 'reply_count': 0, 'like_count': 0, 'quote_count': 0}",2013-11-21T06:37:41.000Z,Kitna Hua Bhaiyya #theAutoWalaProject #Auto #Rickshaw #Taxi #Meter #Down #Wine #InstaMumbai #Mumbai... http://someurl,326162238,hi,#down,,,"{'coordinates': {'type': 'Point', 'coordinates': [72.83027201, 19.00026968]}}"
402896482149203968,Twitter for iPhone,402882464244178944,everyone,"{'retweet_count': 0, 'reply_count': 1, 'like_count': 0, 'quote_count': 0}",2013-11-19T20:29:41.000Z,@someuser Dubai #down,700040641,hi,#down,"[{'type': 'replied_to', 'id': '402882464244178944'}]",437223510,
401045013389254657,Twitter Web Client,401045013389254657,everyone,"{'retweet_count': 0, 'reply_count': 0, 'like_count': 0, 'quote_count': 0}",2013-11-14T17:52:36.000Z,Kis Kis Ko aj Rehman Malik ki yaad ayi ? #network #down #Muharram,206202903,hi,#down,,,
400733441643524096,Twitter for Nokia S40,400733441643524096,everyone,"{'retweet_count': 0, 'reply_count': 0, 'like_count': 1, 'quote_count': 0}",2013-11-13T21:14:32.000Z,"Bhagoroun Ki Riwayat Ab Bhi Barqarar,| Pehlay IMAM ALI A.S Ko Chor Kar Farar Huay| Aur Ab Bomb Phenk Kar Farar.!#Darpook#Down With SSP (LA)",371878471,hi,#down,,,
400583101669453824,Instagram,400583101669453824,everyone,"{'retweet_count': 0, 'reply_count': 0, 'like_count': 0, 'quote_count': 0}",2013-11-13T11:17:08.000Z,Auucchh !! #yesterday #was #a #horrible #day #falling #down #and #get #bruce #on #my #knee & #leg :( http://someurl,626285242,hi,#down,,,
400550369748459520,Twitter SMS,400550369748459520,everyone,"{'retweet_count': 0, 'reply_count': 0, 'like_count': 0, 'quote_count': 0}",2013-11-13T09:07:04.000Z,"Mere sath aap sub ka fariza hai k Muharam, ko Tijarat Mat Banny do...| | *USTAD E MUHTRAM,| Syed Jawad Naqvi*| #Down W/USA",1895857856,hi,#down,,,
395203059091263488,Twitter for Android,395203059091263488,everyone,"{'retweet_count': 0, 'reply_count': 0, 'like_count': 0, 'quote_count': 0}",2013-10-29T14:58:46.000Z,Mann Be kass o toofaan ho shurbaa | #Down,618084455,hi,#down,,,
392510904928972800,Twitter Web Client,392510904928972800,everyone,"{'retweet_count': 0, 'reply_count': 0, 'like_count': 0, 'quote_count': 0}",2013-10-22T04:41:06.000Z,Qatar is #down,107500059,hi,#down,,,
391604916974014464,Instagram,391604916974014464,everyone,"{'retweet_count': 0, 'reply_count': 0, 'like_count': 1, 'quote_count': 0}",2013-10-19T16:41:02.000Z,Masho jistah #hipster #harrypotter #potter #triste  #lelo #down #chino #dadmesubvencion http://someurl,428277696,hi,#down,,,
391340285529456640,Twitter for iPhone,391336620957257728,everyone,"{'retweet_count': 0, 'reply_count': 0, 'like_count': 1, 'quote_count': 0}",2013-10-18T23:09:29.000Z,‚Äú@someuser Qatar is #down‚Äù,44317593,hi,#down,"[{'type': 'replied_to', 'id': '391336620957257728'}]",1636449799,
391338639331840000,TweetDeck,391338639331840000,everyone,"{'retweet_count': 0, 'reply_count': 0, 'like_count': 0, 'quote_count': 0}",2013-10-18T23:02:56.000Z,RT @someuser Qatar is #down,7267552,hi,#down,,,
390705667134484480,Instagram,390705667134484480,everyone,"{'retweet_count': 0, 'reply_count': 0, 'like_count': 0, 'quote_count': 0}",2013-10-17T05:07:44.000Z,Laawwwdd!! #pretty #willie #lay #your #body #down http://someurl,414366341,hi,#down,,,
385773984232390656,Twitter for Websites,385773984232390656,everyone,"{'retweet_count': 0, 'reply_count': 0, 'like_count': 0, 'quote_count': 0}",2013-10-03T14:30:59.000Z,#20-sano oo ka soo wareegatay markii diyaaradii #Black #Hawk #Down lagu soo riday magaalada Muqdisho http://someurl via @someuser,829086726,hi,#down,,,
385010330310422529,Mobile Web (M2),385010330310422529,everyone,"{'retweet_count': 0, 'reply_count': 0, 'like_count': 0, 'quote_count': 0}",2013-10-01T11:56:30.000Z,bad mood ..| | #down :( :(| hikhiks~,1062456667,hi,#down,,,
382230153306177536,Twitter for BlackBerry¬Æ,382230153306177536,everyone,"{'retweet_count': 0, 'reply_count': 0, 'like_count': 0, 'quote_count': 0}",2013-09-23T19:49:04.000Z,Uf meri aankhun mein bohut dard hoo raha hai :( #tears #rolling #down #my #eyes.!,386663529,hi,#down,,,
372922137847144449,Twitter Web Client,372922137847144449,everyone,"{'retweet_count': 0, 'reply_count': 0, 'like_count': 0, 'quote_count': 0}",2013-08-29T03:22:20.000Z,"One word, Kamaljit Singh Jhooti is a British Asian.. #Win #down #lookhimup",1018906580,hi,#down,,,
370770505412136960,Facebook,370770505412136960,everyone,"{'retweet_count': 0, 'reply_count': 0, 'like_count': 0, 'quote_count': 0}",2013-08-23T04:52:31.000Z,flickr er baccha ! thik h0bi na tui? | dur dur mobile thake dhuktae partasi na bohutdin jabot !| #yahoo #flickr #down #s*,78042696,hi,#down,,,
363052186475184128,Instagram,363052186475184128,everyone,"{'retweet_count': 0, 'reply_count': 1, 'like_count': 0, 'quote_count': 0}",2013-08-01T21:42:41.000Z,#upside #down #supension #yoga #aerial #cirquedusoleil #workout #cleansing @ Anuttara Yoga http://someurl,46703669,hi,#down,,,
361582766820827137,Twitter for Android,361582766820827137,everyone,"{'retweet_count': 0, 'reply_count': 0, 'like_count': 1, 'quote_count': 0}",2013-07-28T20:23:44.000Z,Bhabhi? #down,133931132,hi,#down,,,
357880254238441472,Twitter for BlackBerry¬Æ,357880254238441472,everyone,"{'retweet_count': 0, 'reply_count': 0, 'like_count': 0, 'quote_count': 0}",2013-07-18T15:11:16.000Z,Alahai :( #down,588530409,hi,#down,,,
357410395490762753,Twitter for iPhone,357410106956193792,everyone,"{'retweet_count': 0, 'reply_count': 0, 'like_count': 0, 'quote_count': 0}",2013-07-17T08:04:13.000Z,@someuser daayyyuuummm #shits #going #down #twitter #fight #awesome,181032142,hi,#down,"[{'type': 'replied_to', 'id': '357410106956193792'}]",926778048,
356895378307686402,Twitter for Android,356894062860709888,everyone,"{'retweet_count': 0, 'reply_count': 0, 'like_count': 0, 'quote_count': 0}",2013-07-15T21:57:43.000Z,@someuser ai drika bule drika bule drika boOm #man #down,286452461,hi,#down,"[{'type': 'replied_to', 'id': '356894062860709888'}]",578437381,
355067627707707392,Instagram,355067627707707392,everyone,"{'retweet_count': 0, 'reply_count': 0, 'like_count': 0, 'quote_count': 0}",2013-07-10T20:54:53.000Z,Shut it #down üòÅ amaandarosee http://someurl,459385058,hi,#down,,,
353522926366105600,Instagram,353522926366105600,everyone,"{'retweet_count': 0, 'reply_count': 0, 'like_count': 0, 'quote_count': 0}",2013-07-06T14:36:48.000Z,#the #view #from #the #top #of #Burj #Khalifa ... #Down #Town #Dubai... amal_alabdooli #first... http://someurl,556116040,hi,#down,,,
348280076011458560,Instagram,348280076011458560,everyone,"{'retweet_count': 0, 'reply_count': 0, 'like_count': 0, 'quote_count': 0}",2013-06-22T03:23:35.000Z,Haa Summaa Shit #Glory #Down #DoubleTAP #Thou #Ahh http://someurl,107212597,hi,#down,,,
347907341615759360,Instagram,347907341615759360,everyone,"{'retweet_count': 0, 'reply_count': 0, 'like_count': 0, 'quote_count': 0}",2013-06-21T02:42:28.000Z,Smoochesüòçüòçüòòüòòüíã #vacay #count #down #ready #to #relax http://someurl,35368907,hi,#down,,,
347834169528832000,Twitter for Android,347834169528832000,everyone,"{'retweet_count': 0, 'reply_count': 1, 'like_count': 0, 'quote_count': 0}",2013-06-20T21:51:43.000Z,Bujh hai gaya yeh dil ka diyaa #down,728059411,hi,#down,,,
345058237202173952,Twitter Web Client,345058237202173952,everyone,"{'retweet_count': 0, 'reply_count': 1, 'like_count': 0, 'quote_count': 0}",2013-06-13T06:01:09.000Z,bregh... #down .... huaaaa... #teriak2gajelas,990925693,hi,#down,,,
344583202398162945,Twitter for Android,344583202398162945,everyone,"{'retweet_count': 0, 'reply_count': 0, 'like_count': 1, 'quote_count': 0}",2013-06-11T22:33:32.000Z,@someuser @someuser FreeUp Maisha! #dunnoe #fam #hold #it #down,400412661,hi,#down,,,
344504024856399872,Instagram,344504024856399872,everyone,"{'retweet_count': 0, 'reply_count': 0, 'like_count': 0, 'quote_count': 0}",2013-06-11T17:18:54.000Z,Waddup summaa(: #gonna #be #great #gonna #do #me #no #longer #tied #down @someusero http://someurl,848493397,hi,#down,,,
344003069375307776,Twitter Web Client,344003069375307776,everyone,"{'retweet_count': 0, 'reply_count': 0, 'like_count': 0, 'quote_count': 0}",2013-06-10T08:08:17.000Z,#boy #down ho gaya hai =_=,366751729,hi,#down,,,
340649767820488704,Twitter for BlackBerry¬Æ,340649767820488704,everyone,"{'retweet_count': 0, 'reply_count': 0, 'like_count': 0, 'quote_count': 0}",2013-06-01T02:03:28.000Z,Sunstroke Jaisa lag raha hai! #down,225744555,hi,#down,,,
335970333540638720,Twitter for iPhone,335970333540638720,everyone,"{'retweet_count': 1, 'reply_count': 1, 'like_count': 1, 'quote_count': 0}",2013-05-19T04:09:04.000Z,"12:09 12:09 12:09 12:09 , Dashaa #Birthday #Tweet #Turn #Up ; #Turn #Down #For #What üéÅüéãüéâüéäüéà",435380429,hi,#down,,,"{'coordinates': {'type': 'Point', 'coordinates': [-81.86583906, 26.6079088]}, 'place_id': '08971d2dda09c15a'}"
334001532972445696,Instagram,334001532972445696,everyone,"{'retweet_count': 0, 'reply_count': 0, 'like_count': 0, 'quote_count': 0}",2013-05-13T17:45:45.000Z,#strippers #going #up #and #down #that #pole badgalriri #i #still #got #my #money http://someurl,43176840,hi,#down,,,
331516030411235328,Instagram,331516030411235328,everyone,"{'retweet_count': 0, 'reply_count': 0, 'like_count': 0, 'quote_count': 0}",2013-05-06T21:09:15.000Z,w/ Chiki Cuki & Darwin #me #boys #drinks #instadrunkers #down #instamoment #havingfun #someday... http://someurl,74233193,hi,#down,,,
329474940988444673,Twitter SMS,329474940988444673,everyone,"{'retweet_count': 0, 'reply_count': 0, 'like_count': 0, 'quote_count': 0}",2013-05-01T05:58:41.000Z,"(#Election2013 #Count #Down)| Aaj PTI Kay Jalsay Jaccobabad, Sibbi Mein Aur PML-N Kay Sargodha Aur Lahore Mein Hongay.",723143210,hi,#down,,,
327979563156127744,Instagram,327979563156127744,everyone,"{'retweet_count': 0, 'reply_count': 0, 'like_count': 0, 'quote_count': 0}",2013-04-27T02:56:36.000Z,#ITS #ABOUT #TO #GO #DOWN alekyarik http://someurl,561741764,hi,#down,,,
320063858821701632,Twitter Web Client,320063858821701632,everyone,"{'retweet_count': 0, 'reply_count': 0, 'like_count': 1, 'quote_count': 0}",2013-04-05T06:42:25.000Z,agar #CE ko #OUTIMA ke saath release karega to #Mumbai wale #chennai bhaga denge...#DON akshay bigger then #down srk...#getwellsoonSrk,205281995,hi,#down,,,
319272643721318400,Twitter for iPhone,319272643721318400,everyone,"{'retweet_count': 0, 'reply_count': 0, 'like_count': 2, 'quote_count': 0}",2013-04-03T02:18:24.000Z,Jee le zara - Talash üëåüòä #down,618724807,hi,#down,,,
317794024679407616,Instagram,317794024679407616,everyone,"{'retweet_count': 0, 'reply_count': 0, 'like_count': 0, 'quote_count': 0}",2013-03-30T00:22:54.000Z,8 Nisanda Silivriye! |Keep calm and go to Silivri| #demonstrate #tear #down #wall http://someurl,380916334,hi,#down,,,
315493133557309440,Instagram,315493133557309440,everyone,"{'retweet_count': 3, 'reply_count': 0, 'like_count': 1, 'quote_count': 0}",2013-03-23T15:59:59.000Z,H.H.Shaikh Majed Bin Mohammad ÓÑÜ #World #Down #Syndrom #Day #DownSyndrom #World #Day @someuser http://someurl,325735465,hi,#down,,,
312680609799618561,Twitter for BlackBerry¬Æ,312680609799618561,everyone,"{'retweet_count': 1, 'reply_count': 0, 'like_count': 0, 'quote_count': 0}",2013-03-15T21:44:01.000Z,#down@someuser !!!@someuser Obj @someuser 27) Obasanjo or Jonathan________? #TheQ,273117726,hi,#down,,,
312613878909501441,Instagram,312613878909501441,everyone,"{'retweet_count': 0, 'reply_count': 0, 'like_count': 0, 'quote_count': 0}",2013-03-15T17:18:51.000Z,#man #down badgalriri #rihanna #philadelphia #concert http://someurl,407973308,hi,#down,,,
312204393468526592,Twitter for BlackBerry¬Æ,312204393468526592,everyone,"{'retweet_count': 0, 'reply_count': 0, 'like_count': 0, 'quote_count': 0}",2013-03-14T14:11:42.000Z,Shanna - waarom #NP #down #Love #replay,293512395,hi,#down,,,
309430074044719104,Instagram,309430074044719104,everyone,"{'retweet_count': 0, 'reply_count': 0, 'like_count': 0, 'quote_count': 0}",2013-03-06T22:27:33.000Z,Nesha : ) @someuser ha¬° #Drama #Class #Turn #Down ! http://someurl,268028180,hi,#down,,,
304457430149001216,Twitter for iPhone,304457430149001216,everyone,"{'retweet_count': 1, 'reply_count': 0, 'like_count': 1, 'quote_count': 0}",2013-02-21T05:08:02.000Z,Grade wars aka Harlem shake wars #down,936140996,hi,#down,,,
304405342610149377,Instagram,304405342610149377,everyone,"{'retweet_count': 0, 'reply_count': 0, 'like_count': 0, 'quote_count': 0}",2013-02-21T01:41:03.000Z,chi_elie #dc #friends #guarapo #6 #lemondrops #down #4 #to #go http://someurl,34353256,hi,#down,,,
303786389600890881,TweetCaster for Android,303786389600890881,everyone,"{'retweet_count': 0, 'reply_count': 0, 'like_count': 0, 'quote_count': 0}",2013-02-19T08:41:34.000Z,"Majhe naak vahtay, malaa kadachit taap aalay. Malaa gavti chaahaa, ani khichadi havay.| | Okay, bombil fry pun.| | @someuser | | #Down #Sick",189114448,hi,#down,,34209234,
301332482001883136,Mobile Web (M2),301332482001883136,everyone,"{'retweet_count': 0, 'reply_count': 0, 'like_count': 0, 'quote_count': 0}",2013-02-12T14:10:36.000Z,Humesa Ache Banne ki Soch Mai Kuch Na Kuch Bura Ho He Jata Hai.| Ab Neeche Wala Tweet He Dekh Lo.| #Down,332620816,hi,#down,,,
300719510753787904,Instagram,300719510753787904,everyone,"{'retweet_count': 0, 'reply_count': 0, 'like_count': 0, 'quote_count': 0}",2013-02-10T21:34:53.000Z,Dubai ‚ù§ .. #dubai #dubaimall #dm #dxb #down #town #nightlive #amazing #2013 #uae #instabest #burj... http://someurl,334874212,hi,#down,,,"{'coordinates': {'type': 'Point', 'coordinates': [55.27286489, 25.19357565]}}"
300169037013467136,Instagram,300169037013467136,everyone,"{'retweet_count': 0, 'reply_count': 0, 'like_count': 0, 'quote_count': 0}",2013-02-09T09:07:29.000Z,"Turnn up den, Turnn up den, Turn up den ! #TURN #DOWN #FORWHAT :)))) http://someurl",991936423,hi,#down,,,
298099123113050112,Instagram,298099123113050112,everyone,"{'retweet_count': 0, 'reply_count': 0, 'like_count': 0, 'quote_count': 0}",2013-02-03T16:02:24.000Z,#sadgirl #Mood #down HaisHaisHais!!!!!!!! http://someurl,625452234,hi,#down,,,
294364386401861632,Twitter SMS,294364386401861632,everyone,"{'retweet_count': 0, 'reply_count': 0, 'like_count': 0, 'quote_count': 0}",2013-01-24T08:41:53.000Z,"ISLAMABAD: PTI Ki Darkhwast Mustard, Tarazu Ka Nishan Jamat Islami Ko Mil Gaya,| #Election #Count #Down In #Pakistan.",723143210,hi,#down,,,
291906620726837248,Twitter for BlackBerry¬Æ,291906620726837248,everyone,"{'retweet_count': 0, 'reply_count': 0, 'like_count': 0, 'quote_count': 0}",2013-01-17T13:55:36.000Z,Ddos #down,57733277,hi,#down,,,
277284305493950464,Twitter for BlackBerry¬Æ,277284305493950464,everyone,"{'retweet_count': 1, 'reply_count': 0, 'like_count': 0, 'quote_count': 0}",2012-12-08T05:31:44.000Z,Lahai... #mentaldisorder #down,546668198,hi,#down,,,
274503828659904514,Instagram,274503828659904514,everyone,"{'retweet_count': 0, 'reply_count': 0, 'like_count': 0, 'quote_count': 0}",2012-11-30T13:23:07.000Z,#currently #Laying #down __maritzaa ÓÄë http://someurl,568780374,hi,#down,,,
274194587025801216,Twitter Web Client,274193807413760000,everyone,"{'retweet_count': 0, 'reply_count': 1, 'like_count': 0, 'quote_count': 0}",2012-11-29T16:54:18.000Z,@someuser op #down osht edhe ajo :/,386022072,hi,#down,"[{'type': 'replied_to', 'id': '274194394326892545'}]",142269721,
270737908107972608,Twitter Web Client,270737908107972608,everyone,"{'retweet_count': 0, 'reply_count': 0, 'like_count': 0, 'quote_count': 0}",2012-11-20T03:58:42.000Z,Yaa Ouutt!! Taa Buuuenooo Dee Taa #DOWN Poor Las Arreglar Coosas !,105276473,hi,#down,,,
265975320727920641,Instagram,265975320727920641,everyone,"{'retweet_count': 0, 'reply_count': 0, 'like_count': 0, 'quote_count': 0}",2012-11-07T00:33:52.000Z,#noels #dog #gets #down #humping #the #pillow #instahub #iphonesia noeelraae http://someurl,464890614,hi,#down,,,
261888070662631424,iOS,261888070662631424,everyone,"{'retweet_count': 0, 'reply_count': 0, 'like_count': 0, 'quote_count': 0}",2012-10-26T17:52:36.000Z,Cine: DWim http://someurl #Daniel #gets #knocked #down #but #he #gets #up #again,383560261,hi,#down,,,
260064460373389312,Tweet Old Post,260064460373389312,everyone,"{'retweet_count': 0, 'reply_count': 0, 'like_count': 0, 'quote_count': 0}",2012-10-21T17:06:13.000Z,"Agatha,... http://someurl #agatha #black #busty #capoeira #down #gets #girls #inside #off #one #roge, #SouthAmerican #two",156867758,hi,#down,,,
258095414228692992,Twitter Web Client,258085462214852608,everyone,"{'retweet_count': 0, 'reply_count': 1, 'like_count': 0, 'quote_count': 0}",2012-10-16T06:41:56.000Z,@someuser bhai bhatija baad...#down with that,72001045,hi,#down,"[{'type': 'replied_to', 'id': '258085462214852608'}]",49909770,
255668928741793793,Instagram,255668928741793793,everyone,"{'retweet_count': 0, 'reply_count': 1, 'like_count': 0, 'quote_count': 0}",2012-10-09T13:59:57.000Z,Nihaaooooo #me #myself #down #lights #dots #effects #filters #instme #autome #wawawiwa  http://someurl,278448680,hi,#down,,,
249424044951232513,YouTube on iOS,249424044951232513,everyone,"{'retweet_count': 0, 'reply_count': 0, 'like_count': 2, 'quote_count': 0}",2012-09-22T08:25:01.000Z,Jind Mahi #down #DipTunes  http://someurl,335737536,hi,#down,,,
236787633865515008,UberSocial for BlackBerry,236787633865515008,everyone,"{'retweet_count': 0, 'reply_count': 0, 'like_count': 0, 'quote_count': 0}",2012-08-18T11:32:25.000Z,"Oh bhai, #Eid hai, koi #shaadi nahin. Phir aajaye gi #Eid. So please the #calm the #HELL #down",140844585,hi,#down,,,
228026305344589825,dlvr.it,228026305344589825,everyone,"{'retweet_count': 0, 'reply_count': 0, 'like_count': 0, 'quote_count': 0}",2012-07-25T07:18:02.000Z,#UPDATE 2-Dubai #debt #drags #ENBD #profits #down #again ‚Äì #Reuters #India http://someurl,314413538,hi,#down,,,
227520597721219075,dlvr.it,227520597721219075,everyone,"{'retweet_count': 0, 'reply_count': 0, 'like_count': 0, 'quote_count': 0}",2012-07-23T21:48:32.000Z,#UPDATE 2-Dubai #debt #drags #ENBD #profits #down #again ‚Äì #Reuters http://someurl,314413538,hi,#down,,,
226629267428110336,Facebook,226629267428110336,everyone,"{'retweet_count': 0, 'reply_count': 0, 'like_count': 0, 'quote_count': 0}",2012-07-21T10:46:42.000Z,"‡§§‡•Å‡§Æ‡•ç‡§π‡§æ‡§∞‡•Ä ‡§´‡§æ‡§á‡§≤‡•ã‡§Ç ‡§Æ‡•á‡§Ç ‡§ó‡§æ‡§Ç‡§µ ‡§ï‡§æ ‡§Æ‡•å‡§∏‡§Æ ‡§ó‡•Å‡§≤‡§æ‡§¨‡•Ä ‡§π‡•à, ‡§Æ‡§ó‡§∞ ‡§Ø‡•á ‡§Ü‡§Ç‡§ï‡§°‡§º‡•á ‡§ù‡•Ç‡§†‡•á ‡§π‡•à ‡§î‡§∞ ‡§Ø‡§π ‡§¶‡§æ‡§µ‡§æ ‡§ï‡§ø‡§§‡§æ‡§¨‡•Ä ‡§π‡•à| | | #Down and out. Unwell!",42232949,hi,#down,,,
225177111441309698,Twitter for iPhone,225177111441309698,everyone,"{'retweet_count': 0, 'reply_count': 0, 'like_count': 0, 'quote_count': 0}",2012-07-17T10:36:21.000Z,Bugti Muhajerin ko farari karar dena Baloch nasal kushi ka tasalsul hai. #DOWN WITH PAKISTAN http://someurl,565077148,hi,#down,,,
219652365064749056,twitterfeed,219652365064749056,everyone,"{'retweet_count': 0, 'reply_count': 0, 'like_count': 0, 'quote_count': 0}",2012-07-02T04:42:59.000Z,RT @someusermed Chain  2) #down #jam #jammed #chain #uncool #nofun #bad #bicycle #bike #sad #slip #outrag... http://someurl,530959291,hi,#down,,,
219332529499549698,Google,219332529499549698,everyone,"{'retweet_count': 0, 'reply_count': 0, 'like_count': 0, 'quote_count': 0}",2012-07-01T07:32:04.000Z,Instagram Padam Karena Badai http://someurl #komputerinternet #amazonwebservice #aws #badai #datacenter #down,46893016,hi,#down,,,
218389545509584896,Twitter Web Client,218389545509584896,everyone,"{'retweet_count': 0, 'reply_count': 0, 'like_count': 0, 'quote_count': 0}",2012-06-28T17:04:59.000Z,Str8 Swim #Team #Splash #Down,426102950,hi,#down,,,
212330424872091648,Twitter for iPhone,212330424872091648,everyone,"{'retweet_count': 0, 'reply_count': 0, 'like_count': 0, 'quote_count': 0}",2012-06-11T23:48:12.000Z,"por qeee?!?!?! D,,; #upset #down #FUCKIT #ISAD #dying aaghhhhhhhhgghhhhghhh :(",355989321,hi,#down,,,
211893091462942721,Twitter for BlackBerry¬Æ,211890026697588737,everyone,"{'retweet_count': 0, 'reply_count': 0, 'like_count': 0, 'quote_count': 0}",2012-06-10T18:50:24.000Z,@someuser yaa I havee 70 #DOWN,256642118,hi,#down,"[{'type': 'replied_to', 'id': '211890026697588737'}]",414459818,
202982793385484288,Twitter for Android,202982793385484288,everyone,"{'retweet_count': 0, 'reply_count': 0, 'like_count': 0, 'quote_count': 0}",2012-05-17T04:44:03.000Z,"Shots & Kush, Shots & Kush #Down",461342955,hi,#down,,,
201266681144811520,Twitter Web Client,201266681144811520,everyone,"{'retweet_count': 0, 'reply_count': 0, 'like_count': 0, 'quote_count': 0}",2012-05-12T11:04:50.000Z,#Tension #GO #Down .... #Feel inn guudd....,35499094,hi,#down,,,
195883109781217281,Twitter for Android,195883109781217281,everyone,"{'retweet_count': 0, 'reply_count': 0, 'like_count': 0, 'quote_count': 0}",2012-04-27T14:32:27.000Z,juqqin..#down bad,539616825,hi,#down,,,
187510242484039683,Twitter for BlackBerry¬Æ,187510242484039683,everyone,"{'retweet_count': 0, 'reply_count': 0, 'like_count': 0, 'quote_count': 0}",2012-04-04T12:01:40.000Z,Sama @someuser Yaa ampuunn..otakqu spertina mo pecah ‚òπ #down,70906666,hi,#down,,,
187509255799177216,UberSocial for BlackBerry,187509255799177216,everyone,"{'retweet_count': 0, 'reply_count': 0, 'like_count': 0, 'quote_count': 0}",2012-04-04T11:57:44.000Z,Yaa ampuunn..otakqu spertina mo pecah ‚òπ #down,70888727,hi,#down,,,
185751421445095426,Twitter for iPhone,185747797851648002,everyone,"{'retweet_count': 0, 'reply_count': 0, 'like_count': 0, 'quote_count': 0}",2012-03-30T15:32:44.000Z,@someuser aaah saalee #down,290133786,hi,#down,"[{'type': 'replied_to', 'id': '185747797851648002'}]",189311009,
175051422797279232,Twitter Web Client,175051422797279232,everyone,"{'retweet_count': 0, 'reply_count': 0, 'like_count': 0, 'quote_count': 0}",2012-03-01T02:54:46.000Z,#DOWN BHADD...,419661490,hi,#down,,,
169159425012137986,Twitter Web Client,169159425012137986,everyone,"{'retweet_count': 0, 'reply_count': 0, 'like_count': 0, 'quote_count': 0}",2012-02-13T20:42:04.000Z,"Barahain.bh #Down !!! ,",491419806,hi,#down,,,
157325043557343233,TweetDeck,157325043557343233,everyone,"{'retweet_count': 0, 'reply_count': 0, 'like_count': 0, 'quote_count': 0}",2012-01-12T04:56:28.000Z,huaaaa kyaa kyaa #down,73028916,hi,#down,,,
153992987205054465,Twitter Web Client,153992685680730112,everyone,"{'retweet_count': 0, 'reply_count': 0, 'like_count': 0, 'quote_count': 0}",2012-01-03T00:16:03.000Z,"@someuser      haa, im #Down",323091725,hi,#down,"[{'type': 'replied_to', 'id': '153992685680730112'}]",181296880,
153807949003886592,UberSocial for BlackBerry,153807949003886592,everyone,"{'retweet_count': 0, 'reply_count': 0, 'like_count': 0, 'quote_count': 0}",2012-01-02T12:00:47.000Z,Maem lele bakar #down to earth http://someurl,161093820,hi,#down,,,"{'coordinates': {'type': 'Point', 'coordinates': [110.35853, -7.80127]}, 'place_id': '13a22f0e8c4b56bc'}"
136799742612086785,Mobile Web,136798655486238720,everyone,"{'retweet_count': 0, 'reply_count': 0, 'like_count': 0, 'quote_count': 0}",2011-11-16T13:36:14.000Z,@someuser koe bat nahi..lekin bad me kar dena.. Im sure aftr listen @someuser song #down.. Aap #jaysean. Ke fan ban jaoge..,355441238,hi,#down,"[{'type': 'replied_to', 'id': '136798655486238720'}]",292151747,
111593559811035137,TweetDeck,111593559811035137,everyone,"{'retweet_count': 0, 'reply_count': 0, 'like_count': 0, 'quote_count': 0}",2011-09-08T00:15:52.000Z,Its Paris && Shikaa #DOWN !,98018392,hi,#down,,,
108686901791309824,Twitter Web Client,108686901791309824,everyone,"{'retweet_count': 0, 'reply_count': 0, 'like_count': 0, 'quote_count': 0}",2011-08-30T23:45:51.000Z,Thee suun gooees #DOWN,287872033,hi,#down,,,
106904019452178432,Twitter for iPad,106904019452178432,everyone,"{'retweet_count': 0, 'reply_count': 0, 'like_count': 0, 'quote_count': 0}",2011-08-26T01:41:19.000Z,Jonko was fataal #down,321073683,hi,#down,,,
105401271455989760,LauncherPro,105401271455989760,everyone,"{'retweet_count': 0, 'reply_count': 0, 'like_count': 0, 'quote_count': 0}",2011-08-21T22:09:56.000Z,"Ya Allah maafi de, hamare gunaaho ke badle Zardari ko uthaa le. #Khadafi #down #Zardari #to #go",122772554,hi,#down,,,
98986553082257408,Twitter SMS,98986553082257408,everyone,"{'retweet_count': 0, 'reply_count': 0, 'like_count': 0, 'quote_count': 0}",2011-08-04T05:20:08.000Z,Fridaay is gunna geet #DOWN :DD,288938182,hi,#down,,,
92694757586894848,Mobile Web,92694757586894848,everyone,"{'retweet_count': 0, 'reply_count': 0, 'like_count': 0, 'quote_count': 0}",2011-07-17T20:38:47.000Z,raahein aise jinki manzil hee nahi... Dhundho mujhe ab mein rehta hoon wahi... #Down,115278624,hi,#down,,,
74470180473946112,Twitter for iPhone,74470180473946112,everyone,"{'retweet_count': 0, 'reply_count': 0, 'like_count': 0, 'quote_count': 0}",2011-05-28T13:40:49.000Z,Lesh alyom kl shy #down :s,303126978,hi,#down,,,
65273639871852544,Twitter for BlackBerry¬Æ,65273639871852544,everyone,"{'retweet_count': 0, 'reply_count': 0, 'like_count': 0, 'quote_count': 0}",2011-05-03T04:37:03.000Z,Pake ankle booth ke kantor diketawain satpam #down :(,69284620,hi,#down,,,
62197130487545856,LimeCast,62197130487545856,everyone,"{'retweet_count': 0, 'reply_count': 0, 'like_count': 0, 'quote_count': 0}",2011-04-24T16:52:06.000Z,http://someurl #transience #ii #bowing #down Buddha Garden,260594144,hi,#down,,,
59832154145820672,Twitter Web Client,59832154145820672,everyone,"{'retweet_count': 1, 'reply_count': 0, 'like_count': 0, 'quote_count': 0}",2011-04-18T04:14:31.000Z,hwaa t.o ke3 bikin #down !!!,238885747,hi,#down,,,
54148477176909824,Twitter Web Client,54148477176909824,everyone,"{'retweet_count': 0, 'reply_count': 0, 'like_count': 0, 'quote_count': 0}",2011-04-02T11:49:37.000Z,jaa nicee... #down,36157042,hi,#down,,,
48526952054796288,Twitter Web Client,48526952054796288,everyone,"{'retweet_count': 0, 'reply_count': 0, 'like_count': 0, 'quote_count': 0}",2011-03-17T23:31:41.000Z,elee teeim #Down @someuser,206736152,hi,#down,,,
47257832059445248,Twitter for iPhone,47257832059445248,everyone,"{'retweet_count': 0, 'reply_count': 0, 'like_count': 0, 'quote_count': 0}",2011-03-14T11:28:39.000Z,Ai ai :/ #Down,43833946,hi,#down,,,
46204719537995777,Twitter Web Client,46204528252563457,everyone,"{'retweet_count': 0, 'reply_count': 0, 'like_count': 0, 'quote_count': 0}",2011-03-11T13:43:58.000Z,@someuser aushusuhsahusaushua #down,165800520,hi,#down,"[{'type': 'replied_to', 'id': '46204528252563457'}]",189359962,
44724747765948416,Twitter Web Client,44724444119314432,everyone,"{'retweet_count': 0, 'reply_count': 0, 'like_count': 0, 'quote_count': 0}",2011-03-07T11:43:05.000Z,niko #down vipi? @someuser Chai lasma tuinyue!!,87143463,hi,#down,"[{'type': 'replied_to', 'id': '44724444119314432'}]",111258637,
32521187456188416,Twitter for iPhone,32521187456188416,everyone,"{'retweet_count': 0, 'reply_count': 0, 'like_count': 0, 'quote_count': 0}",2011-02-01T19:30:29.000Z,chua7ki aman ‚Äú@someuser MI #down‚Äù| #SidiBouzid,51472875,hi,#down,,,
8608314845827072,Blip.fm,8608314845827072,everyone,"{'retweet_count': 0, 'reply_count': 0, 'like_count': 0, 'quote_count': 0}",2010-11-27T19:49:16.000Z,#NowPlaying Heera Panna ‚Äì Panna Ki Tamanna Hai Kii Heera Mujhe Mil Jaaye - Kishore Kumar & @someuser  #Down... ‚ô´ http://someurl,39809250,hi,#down,,,
16737021674,Twitter Web Client,16645136277,everyone,"{'retweet_count': 0, 'reply_count': 0, 'like_count': 0, 'quote_count': 0}",2010-06-22T01:39:44.000Z,@someuser Waaa!!! Stoi Mal chiqaa!!! #Down !!!,109041718,hi,#down,"[{'type': 'replied_to', 'id': '16645136277'}]",113724724,
15598838985,Twitter for BlackBerry¬Æ,15598838985,everyone,"{'retweet_count': 0, 'reply_count': 0, 'like_count': 0, 'quote_count': 0}",2010-06-07T02:29:44.000Z,Sit Kevin #Down,138922762,hi,#down,,,
15388185077,Twitter Web Client,15388185077,everyone,"{'retweet_count': 0, 'reply_count': 0, 'like_count': 0, 'quote_count': 0}",2010-06-04T03:20:04.000Z,"#Down @someuser , USHUDHSUDH",83173989,hi,#down,,,
4902393546,Twitter Web Client,4902393546,everyone,"{'retweet_count': 0, 'reply_count': 0, 'like_count': 0, 'quote_count': 0}",2009-10-16T00:10:36.000Z,#down... #down... ai ai,51128952,hi,#down,,,
