source,conversation_id,author_id,text,reply_settings,created_at,id,public_metrics,lang,search_query,geo,referenced_tweets,in_reply_to_user_id
Twitter for Android,801032028174962688,4487133446,ä¸çŸ¥é“ä¸ºä»€ä¹ˆåˆæƒ³æŠ½çƒŸäº†ï¼æ˜¯ä¸æ˜¯å¿ƒä¸­å¤ªä¹±äº†ï¼#heartbroken #peaceful ä½†æ˜¯æŠ½çƒŸä»¥åå¿ƒæƒ…å˜å¾—å¾ˆå¹³é™ï¼çœ‹äº‹æƒ…ä¹Ÿå˜å¾—è±è¾¾å’¯ï¼åŸæ¥è¿™å°±æ˜¯å¥½å¤„ï¼ #VeryGood  #ComeOn,everyone,2016-11-22T11:58:12.000Z,801032028174962688,"{'retweet_count': 0, 'reply_count': 0, 'like_count': 0, 'quote_count': 0}",zh,#heartbroken,,,
Instagram,790934388750086148,105755174,æ—§çš„ä¸å»ï¼›æ–°çš„ä¸æ¥ğŸ’¸ ğŸ˜” #heartbroken ğŸ’” http://someurl,everyone,2016-10-25T15:13:47.000Z,790934388750086148,"{'retweet_count': 0, 'reply_count': 0, 'like_count': 1, 'quote_count': 0}",zh,#heartbroken,,,
Instagram,790098796701069312,957638732,..............ğŸ¤•| èµ°å»åœè»Šå ´| åˆé–‹å£ç¬‘é›¢æˆ‘è€Œå»çš„ç¬¬äºŒå€‹å­©å­.....| ä½ å€‘åœ¨é‹æ«ƒè£¡èªªå¥½ä»Šå¹´å¤§å®¶ä¸€èµ·å£å°±å°äº†....| çˆ½è²“å¸ƒå¶æˆ‘ä¸èƒ½å»è¦‹ä½ äº†ğŸ˜| #heartbroken @someuser http://someurl,everyone,2016-10-23T07:53:27.000Z,790098796701069312,"{'retweet_count': 0, 'reply_count': 0, 'like_count': 0, 'quote_count': 0}",zh,#heartbroken,"{'coordinates': {'type': 'Point', 'coordinates': [120.49001984, 22.67415754]}, 'place_id': '0015605113e11028'}",,
Instagram,789272802176172034,769736130,Vanilla latte...| æ‡¶æ‡¶çš„æ˜Ÿå·´å·´å¥³ç¥~å°±è·Ÿæˆ‘ä¸€æ¨£æ‡¶æ‡¶çš„ï¼| æ™šä¸ŠæŠŠé…’ç•¶æ°´å–~æ—©ä¸ŠæŠŠå’–å•¡ç•¶èŒ¶å–...| #heartbroken #sad #lonely #alone @someuser http://someurl,everyone,2016-10-21T01:11:14.000Z,789272802176172034,"{'retweet_count': 0, 'reply_count': 0, 'like_count': 0, 'quote_count': 0}",zh,#heartbroken,,,
Instagram,787927498843648000,751711380718252032,å¿ƒç–¼è‡ªå·±| è¿æ—¥æ¥èº«å¿ƒä¿±æŸ| #eyes #heartbroken #physics http://someurl,everyone,2016-10-17T08:05:29.000Z,787927498843648000,"{'retweet_count': 0, 'reply_count': 0, 'like_count': 1, 'quote_count': 0}",zh,#heartbroken,,,
Twitter for Android,772990585309323264,3310950732,å¾—ä¸åˆ°çš„æ°¸è¿œåœ¨éªšåŠ¨| è¢«åçˆ±çš„éƒ½æœ‰æƒæ— æ #heartbroken,everyone,2016-09-06T02:51:31.000Z,772990585309323264,"{'retweet_count': 0, 'reply_count': 0, 'like_count': 0, 'quote_count': 0}",zh,#heartbroken,{'place_id': '00a402d61d002733'},,
Instagram,765128505600258048,63022890,å—å‚·äº†ï¼Œå—š...| #wolverine1000mile #heartbroken #boots http://someurl,everyone,2016-08-15T10:10:25.000Z,765128505600258048,"{'retweet_count': 0, 'reply_count': 0, 'like_count': 0, 'quote_count': 0}",zh,#heartbroken,,,
Instagram,764540329802489856,90321801,çµæœé‚„æ˜¯ä»¤äººå¿ƒ| Its memories...| I broke my heart!!| #heartbroken http://someurl,everyone,2016-08-13T19:13:13.000Z,764540329802489856,"{'retweet_count': 0, 'reply_count': 0, 'like_count': 1, 'quote_count': 0}",zh,#heartbroken,,,
Twitter for iPhone,738684499987304448,1527232476,æ„æ€æ„æ€å•éƒ½æ²’æœ‰ #heartbroken,everyone,2016-06-03T10:51:23.000Z,738684499987304448,"{'retweet_count': 0, 'reply_count': 0, 'like_count': 0, 'quote_count': 0}",zh,#heartbroken,,,
Twitter for Android,727540256027860994,2509131360,"å½“ä¸€é¦–æ­Œéƒ½èƒ½ç‰µæ‰¯åˆ°æˆ‘çš„ä¼¤ï¼Œyou keep me searching for a heart of gold, è¿™å¥è¯è¯´çš„çœŸå¥½å¬ï¼Œå´ä¸æ˜¯å¯¹æˆ‘ã€‚#heartbroken",everyone,2016-05-03T16:48:08.000Z,727540256027860994,"{'retweet_count': 0, 'reply_count': 0, 'like_count': 0, 'quote_count': 0}",zh,#heartbroken,,,
Instagram,710462211299414016,3315081512,"æ˜¯æˆ‘å¤ªéæ„›ä½  é¡˜æ„æ”¾ç”Ÿä½ ...Goodbye my my love, goodbye my friend ğŸ’”ğŸ’”ğŸŒ¾ #memory #heartbroken #exhausted... http://someurl",everyone,2016-03-17T13:46:05.000Z,710462211299414016,"{'retweet_count': 0, 'reply_count': 0, 'like_count': 0, 'quote_count': 0}",zh,#heartbroken,,,
Instagram,708636573001244672,2466070063,æœç„¶æ˜¯å®¹æ˜“ç»ç’ƒå¿ƒçš„éç¨‹ #night #emotions #heartbroken #life #lifestyle å…¶å¯¦æœ‰ä¸€è¬å€‹ä¸èƒ½æ˜ç™½ï¼Œä½†åªèƒ½é€™æ¨£ã€‚ http://someurl,everyone,2016-03-12T12:51:39.000Z,708636573001244672,"{'retweet_count': 0, 'reply_count': 0, 'like_count': 0, 'quote_count': 0}",zh,#heartbroken,,,
PugPug_Love,707061559424475136,2340728744,Lokiç«Ÿç„¶çµ¦é™Œç”ŸäººæŠ±æˆé€™æ¨£ï¼Œåª½åª½å¿ƒå·²ç¢ğŸ’” #loki #puglife #pug #dogvacay #heartbroken http://someurl http://someurl,everyone,2016-03-08T04:33:06.000Z,707061559424475136,"{'retweet_count': 0, 'reply_count': 0, 'like_count': 1, 'quote_count': 0}",zh,#heartbroken,,,
Twitter for iPhone,700627992863600640,4865177227,æ˜å¤©å°±è¦å›å­¦æ ¡äº†ğŸ˜­#heartbroken,everyone,2016-02-19T10:28:25.000Z,700627992863600640,"{'retweet_count': 0, 'reply_count': 0, 'like_count': 0, 'quote_count': 0}",zh,#heartbroken,,,
Instagram,697030137037070336,379683044,ç¨ç¸±å³é€çš„æ±è¥¿ #fireworks #heart and #heartbroken #like #nothing #happen http://someurl,everyone,2016-02-09T12:11:49.000Z,697030137037070336,"{'retweet_count': 0, 'reply_count': 0, 'like_count': 0, 'quote_count': 0}",zh,#heartbroken,,,
Twitter for iPhone,693746651433824256,80024397,ã€Œå»£å‘Šä¸å¯¦å•¦ã€| å‰›å‰›é»æˆ‘ç¿’æ…£çš„oreoåŠ m&m| çœ‹åˆ°æœ‰nutella| æˆ‘å°±å•ä»–èªª é‚£æˆ‘çš„å†°é¢¨æš´å¯ä»¥å†åŠ nutellaå—ï¼Ÿ| åº—å“¡ï¼šä¸å¥½æ„æ€æ˜å¤©æ‰æœ‰å–”| OSï¼š ä½ å»£å‘Šè²¼å‡ºä¾†çµæœèªªæ˜å¤©æ‰æœ‰| ä½ çŸ¥é“æˆ‘å¿ƒéƒ½ç¢äº†å—| #heartbroken http://someurl,everyone,2016-01-31T10:44:25.000Z,693746651433824256,"{'retweet_count': 1, 'reply_count': 0, 'like_count': 0, 'quote_count': 0}",zh,#heartbroken,,,
Twitter for Android,682407568476520449,1687606340,2015å¹´12æœˆ31æ—¥| 2015å¹´çš„æœ€åä¸€å¤©ï¼Œ| æ—¢ç„¶è®©æˆ‘çœ‹åˆ°å¾ˆä¼¤å¿ƒçš„äº‹...| ä½ å·²ç»æœ‰äº†æ–°æ¬¢ï¼Œ| ä¸ºä»€ä¹ˆä½ è¿˜æ˜¯çœ‹ä¸è§æˆ‘?| æˆ‘çœŸçš„é‚£ä¹ˆå·®å—ï¼Ÿ| æ¯æ¬¡æˆ‘éƒ½å·²ç»å¾ˆä¸»åŠ¨çš„æ‰¾ä½ ï¼Œ| æ‰¾ä½ èŠå¤©ï¼Œæ‰¾ä½ æ‰“çƒï¼Œæ‰¾ä½ é€›é€›...| ä½ è¿˜æ˜¯çœ‹ä¸è§æˆ‘çš„å­˜åœ¨...| #heartbroken,everyone,2015-12-31T03:46:57.000Z,682407568476520449,"{'retweet_count': 0, 'reply_count': 0, 'like_count': 0, 'quote_count': 0}",zh,#heartbroken,,,
Instagram,679257371512827909,187121752,åˆ¥é›¢æ²’æœ‰å°éŒ¯ï¼Œè¦èµ°ä¹Ÿè§£é‡‹ä¸å¤š...| #londoneuston #heartbroken @ London Euston Station http://someurl,everyone,2015-12-22T11:09:12.000Z,679257371512827909,"{'retweet_count': 0, 'reply_count': 0, 'like_count': 0, 'quote_count': 0}",zh,#heartbroken,"{'coordinates': {'type': 'Point', 'coordinates': [-0.13362297, 51.52822714]}, 'place_id': '5de8cffc145c486b'}",,
IFTTT,677241544483713024,2985063531,Nightmare ç¬¬ä¸€æ¬¡è¦ºå¾—å¤±å»æ˜¯é€™éº¼å¯æ€•çš„ä¸€ä»¶äº‹ #nightmare #crying #heartbroken #goodmorning #working #tbt #pri... http://someurl http://someurl,everyone,2015-12-16T21:39:01.000Z,677241544483713024,"{'retweet_count': 0, 'reply_count': 0, 'like_count': 0, 'quote_count': 0}",zh,#heartbroken,,,
Facebook,676694453478903808,28521050,æˆ´åˆ©å’Œç”·å‹è®¢å©š Gayç²‰ä¸å´å“­äº†(å›¾) Tom Daley #Engagement #heartbroken #fan http://someurl,everyone,2015-12-15T09:25:04.000Z,676694453478903808,"{'retweet_count': 0, 'reply_count': 0, 'like_count': 0, 'quote_count': 0}",zh,#heartbroken,,,
Tumblr,669874372044333061,787145300,ğŸ“· æœ‰ä¸€ç¨®è¢«é™°äº†çš„æ„Ÿè¦º æŠŠä½ ç•¶æœ‹å‹ ä½†ä½ å»åœ¨æš—è™•æ…æˆ‘ So sad #iglife #sad #è¢«é™° #é€™æŠŠåˆ€å­åˆºçš„æˆ‘é®®è¡€æ·‹æ¼“ #heartbroken http://someurl,everyone,2015-11-26T13:44:30.000Z,669874372044333061,"{'retweet_count': 0, 'reply_count': 0, 'like_count': 0, 'quote_count': 0}",zh,#heartbroken,,,
Instagram,669874365253619713,787145300,æœ‰ä¸€ç¨®è¢«é™°äº†çš„æ„Ÿè¦º| æŠŠä½ ç•¶æœ‹å‹| ä½†ä½ å»åœ¨æš—è™•æ…æˆ‘| So sad  | #iglife #sad #è¢«é™° #é€™æŠŠåˆ€å­åˆºçš„æˆ‘é®®è¡€æ·‹æ¼“ #heartbroken http://someurl,everyone,2015-11-26T13:44:28.000Z,669874365253619713,"{'retweet_count': 0, 'reply_count': 0, 'like_count': 0, 'quote_count': 0}",zh,#heartbroken,,,
Instagram,663739741976686592,212933934,â·â“ªâ¶â‘¤-â¶â‘ -â“ªâ¾| å‹å¿ƒå‹åŠ›æ˜¯æœ€åƒåŠ›ä¸è¨å¥½çš„äº‹ã€‚| ä¸è«–å¤šè¦ªçš„äººï¼Œåˆ°é ­ä¾†é‚„è¢«äººå­ã€‚| ä½ æŠŠäººç•¶è‡³å¯¶ï¼Œäººå®¶æŠŠä½ ç•¶ç™½ç—´ã€‚| è‘‰æ›‰è¢é†’é†’å§ï¼| | #agirltellingherstory #heartbroken... http://someurl,everyone,2015-11-09T15:27:40.000Z,663739741976686592,"{'retweet_count': 0, 'reply_count': 0, 'like_count': 0, 'quote_count': 0}",zh,#heartbroken,,,
Instagram,657557281496764416,228951905,æ€ä¹ˆè¿™æ¬¡çš„å·´é»ä¹‹æ—…ï¼Œå¸¦ç‚¹å°å¿§ä¼¤å‘¢( â€¢Ì¥Ì ï¹ â€¢Ì€à¥‚ ) #paris #franceopen2015 #sad #emo #hurt #heartbroken http://someurl,everyone,2015-10-23T14:00:47.000Z,657557281496764416,"{'retweet_count': 0, 'reply_count': 0, 'like_count': 2, 'quote_count': 0}",zh,#heartbroken,,,
IFTTT,657232715666857984,3413384299,ä¸çŸ¥é“é€™æ¨£çš„å±€é¢æ˜¯æ¥å—äº†é“æ­‰é‚„æ˜¯ä»€éº¼ï¼Œå½¼æ­¤éƒ½å‚·å®³å½¼æ­¤å¾ˆæ·±äº†å…¶å¯¦ï¼Œè‹¥ç„¡å…¶äº‹ç«Ÿç„¶æ˜¯å…©å€‹äººä¸è®Šçš„é»˜å¥‘ï¼Œä½†ä»ç„¶å°‘äº†å€‹ä»€éº¼â‹¯ #sorry #heartbroken #worthless #... http://someurl http://someurl,everyone,2015-10-22T16:31:04.000Z,657232715666857984,"{'retweet_count': 0, 'reply_count': 0, 'like_count': 0, 'quote_count': 0}",zh,#heartbroken,,,
Instagram,650503129377697792,145344092,ä¸­é–“æ˜¯ç´…è‰²æ„›å¿ƒä¸éæ‹ä¸å‡ºä¾†ã€‚é€€ç¥¨å¤ªå¿ƒç¢ï¼Œç¥¨éŒ¢é‚„æ²’é€€å›ä¾†ï¼Œå…ˆæ®ºäº†ä¸€æ¢éŠå­ï¼Œå…©å€‹å¢œé£¾è·Ÿä¸€å€‹æˆ’æŒ‡æ¶ˆæ„ã€‚| #heartbroken http://someurl,everyone,2015-10-04T02:50:06.000Z,650503129377697792,"{'retweet_count': 0, 'reply_count': 0, 'like_count': 0, 'quote_count': 0}",zh,#heartbroken,,,
Instagram,647981900292866048,323870400,åª½åª½èªªæˆ‘å€‘éƒ½å¾ˆå°‘åƒèœï¼Œæ‰€ä»¥å¼„äº†é€™å€‹è›‹å£½å¸ï¼Ÿç‰å­ç‡’ï¼Ÿè›‹åŒ…èœï¼Ÿ ï¼Ÿï¼Ÿï¼Ÿï¼Ÿ #momsboy #bestoodup #heartbroken #stomachfull http://someurl,everyone,2015-09-27T03:51:38.000Z,647981900292866048,"{'retweet_count': 0, 'reply_count': 0, 'like_count': 0, 'quote_count': 0}",zh,#heartbroken,,,
Instagram,644881972184121344,460137087,å¥½æ—¥éƒ½å””æ¨å¾—geç¦®ç‰©...ä¸€æƒ³æˆ´éƒ½è·Œçˆ›å·¦...çœŸä¿‚å¿ƒéƒ½ç¢åŸ‹ğŸ˜“ğŸ˜­ğŸ˜­ çœŸå¿ƒè‚‰éƒ½èµ¤åŸ‹å›‰!!! #swarovskiisgone #heartbroken http://someurl,everyone,2015-09-18T14:33:38.000Z,644881972184121344,"{'retweet_count': 0, 'reply_count': 0, 'like_count': 0, 'quote_count': 0}",zh,#heartbroken,,,
Twitter for Android,643370692721942528,3104681603,æˆ‘çš„å†…å¿ƒå‡ ä¹æ˜¯å´©æºƒçš„[å¿ƒç¢][é—ªç”µ][åˆ€][ç‚¸å¼¹] #heartbroken http://someurl,everyone,2015-09-14T10:28:21.000Z,643370692721942528,"{'retweet_count': 0, 'reply_count': 0, 'like_count': 0, 'quote_count': 0}",zh,#heartbroken,,,
Twitter Web Client,640651858344710144,55346311,æ…˜å‘€ï¼ç™¼ç¾æ„ˆä¾†æ„ˆå¤šé¤“æ­»çš„åŒ—æ¥µç†Š :(| http://someurl| #åŒ—æ¥µç†Š #polarbear #heartbroken,everyone,2015-09-06T22:24:40.000Z,640651858344710144,"{'retweet_count': 0, 'reply_count': 0, 'like_count': 0, 'quote_count': 0}",zh,#heartbroken,{'place_id': '5147516179fa9c13'},,
Instagram,639030720686632960,1429525872,ä¸æƒ³æ”¾æ£„æ˜¯å› ç‚ºä¸æƒ³ä»¥å¾Œå¾Œæ‚”ã€‚| ä¸æƒ³æ”¾æ£„æ˜¯å› ç‚ºç›¸ä¿¡é‚„æœ‰å¥‡è·¡ã€‚| ä¸æƒ³æ”¾æ£„æ˜¯å› ç‚ºå°å¦³çš„æ„›é‚„åœ¨ã€‚| ä¸æƒ³æ”¾æ£„æ˜¯å› ç‚ºæƒ³å’Œå¦³åœ¨ä¸€èµ·ã€‚| #heartbroken #missing #lonely #thinking http://someurl,everyone,2015-09-02T11:02:51.000Z,639030720686632960,"{'retweet_count': 0, 'reply_count': 0, 'like_count': 0, 'quote_count': 0}",zh,#heartbroken,,,
Instagram,638139270939680768,168368811,åˆºèŸå¾å‡ºç”Ÿå°±æ“æœ‰é˜²è¡›æ©Ÿåˆ¶| è€Œäººç¸½æ˜¯å¾—ç­‰åˆ°å—äº†å‚·| æ‰å‹‰å¼·æ‡‚å¾—å¦‚ä½•ä¿è­·è‡ªå·±| | A.W.| #power #Taiwan #taichung #fitgirl #confidence #heartbroken http://someurl,everyone,2015-08-31T00:00:32.000Z,638139270939680768,"{'retweet_count': 1, 'reply_count': 0, 'like_count': 1, 'quote_count': 0}",zh,#heartbroken,,,
Instagram,633946525102686208,886307312,æ˜å¤©å°±æ˜¯ä¸ƒå¤•äº†ï¼Œæ€éº¼æ„Ÿåˆ°è«åçš„ç©ºè™›...å¸¸èªªï¼Œæ²’æœ‰æœŸå¾…å°±ä¸æœƒå—å‚·å®³ï¼Œä½†è‹¥æ²’äº†æœŸå¾…ï¼Œå¥½åƒå¿ƒè¢«æç©ºäº†ä¸€æ¨£ #sad #heartbroken #marriage #love #alone... http://someurl,everyone,2015-08-19T10:20:04.000Z,633946525102686208,"{'retweet_count': 0, 'reply_count': 0, 'like_count': 0, 'quote_count': 0}",zh,#heartbroken,,,
Twitter for Android,631122549519200256,1630398211,å¥½å§ï¼Œè¬è¬ä½ è®“æˆ‘è¶æ—©æ­»å¿ƒ| ä¹Ÿè¬è¬ä½ é–‹å•Ÿæˆ‘èµ°å‘å“²å­¸çš„ä¸€æ‰‡é–€| #thx4everything  #philosophie #heartbroken #shutup #wallclosed,everyone,2015-08-11T15:18:36.000Z,631122549519200256,"{'retweet_count': 0, 'reply_count': 0, 'like_count': 0, 'quote_count': 0}",zh,#heartbroken,,,
Instagram,627124810921984000,122940854,ç¾åœ¨æ˜¯æˆ‘çš„å¥³ç¥æœ‰ç”·æœ‹å‹çš„æ„æ€å—?!!!! ğŸ˜± ğŸ˜± ğŸ˜±| ä¸ï½ï½ï½ï½è®“æˆ‘å“­ä¸è¦é˜»æ­¢æˆ‘!!!!!!!! ğŸ˜­ ğŸ˜­ ğŸ˜­ ğŸ˜­ ğŸ˜­| | #zona #mygoddess #heartbroken http://someurl,everyone,2015-07-31T14:33:00.000Z,627124810921984000,"{'retweet_count': 0, 'reply_count': 0, 'like_count': 0, 'quote_count': 0}",zh,#heartbroken,,,
Twitter for Android,626392222439636992,1681247864,"æˆ‘æ¯•ä¸šçš„é‚£ä¸€å¤©,çˆ¸çˆ¸å¦ˆå¦ˆä¼šåƒè¿™æ ·é™ªæˆ‘æ‹ç…§å—?? #heartbroken http://someurl",everyone,2015-07-29T14:01:58.000Z,626392222439636992,"{'retweet_count': 0, 'reply_count': 0, 'like_count': 0, 'quote_count': 0}",zh,#heartbroken,,,
Twitter for Android,624107781889486848,225333307,æˆ‘å½“ç„¶æƒ³å¿µä½ å•¦ Bigbang æ¼”å”±ä¼šå°±åœ¨æ˜å¤© #æ›´emo #æƒ³å“­ #å¾ˆemo #æ²¡æœ‰mood #heartbroken @someuser http://someurl,everyone,2015-07-23T06:44:25.000Z,624107781889486848,"{'retweet_count': 0, 'reply_count': 1, 'like_count': 2, 'quote_count': 0}",zh,#heartbroken,,,
Instagram,623876936864018432,300343848,æœ€è¿‘çš„ç”·ç¥éƒ½ä»¤äººå¿ƒç¢â‹¯ğŸ’”| ä½†é‚„æ˜¯å¾—æ”¯æŒä¸€ä¸‹ï¼| #åŠ‰ä»¥è±ª #çŠ¬è²“äºº #heartbroken http://someurl,everyone,2015-07-22T15:27:07.000Z,623876936864018432,"{'retweet_count': 0, 'reply_count': 0, 'like_count': 0, 'quote_count': 0}",zh,#heartbroken,,,
Instagram,617278786820829184,499612765,ä¸­è‚¯ æˆ‘ä»¬éƒ½æ˜¯åœ¨ä½œè´±è‡ªå·± #qoute #heartbroken #heartbrokenquotes http://someurl,everyone,2015-07-04T10:28:25.000Z,617278786820829184,"{'retweet_count': 0, 'reply_count': 0, 'like_count': 0, 'quote_count': 0}",zh,#heartbroken,,,
Instagram,611541869722509312,793507914,å£å£è²è²èªªæ„›æˆ‘ å¯èƒ½é‚„æœƒç…§é¡§æˆ‘ä¸€è¼©å­| ç„¶å¾Œç¾åœ¨åƒé£¯ç©æ˜æ˜Ÿä¸‰ç¼ºä¸€ é€™æ¨£å°å—ğŸ˜§| #heartbroken #stillloveyou #myman #dinnertogether @ ä¹æ¹¯å±‹æ¸…å¤§åº— http://someurl,everyone,2015-06-18T14:31:58.000Z,611541869722509312,"{'retweet_count': 0, 'reply_count': 0, 'like_count': 0, 'quote_count': 0}",zh,#heartbroken,"{'coordinates': {'type': 'Point', 'coordinates': [120.9962691, 24.7978841]}, 'place_id': '0071f14054b91099'}",,
Instagram,607076377364471808,1472329482,å¿™å®Œå·¥ä½œå¾Œæƒ³å›å®¶~ å¯æ˜¯...... #haiz #heartbroken #B612 @ Bh Koh&soong Zarin Patner http://someurl,everyone,2015-06-06T06:47:41.000Z,607076377364471808,"{'retweet_count': 0, 'reply_count': 0, 'like_count': 0, 'quote_count': 0}",zh,#heartbroken,"{'coordinates': {'type': 'Point', 'coordinates': [101.0816164, 4.6072604]}, 'place_id': 'ad0583514bf760c4'}",,
Instagram,598860721217232896,386874054,Whyç¸½æ˜¯æŠŠå¿ƒæ”¾åœ¨åˆ¥äººèº«ä¸Šï¼Ÿï¼ç„¶å¾Œå—å‚·...| | #20150514 #heartbroken http://someurl,everyone,2015-05-14T14:41:36.000Z,598860721217232896,"{'retweet_count': 0, 'reply_count': 0, 'like_count': 0, 'quote_count': 0}",zh,#heartbroken,,,
Instagram,598854530223251456,406772439,14th May ç«ç‘°æƒ…äººç¯€ â€¢ The day I lost one of my love. ğŸ’”| | #RoseDay #busy #tired #RIP #grandma #heartbroken... http://someurl,everyone,2015-05-14T14:17:00.000Z,598854530223251456,"{'retweet_count': 0, 'reply_count': 0, 'like_count': 0, 'quote_count': 0}",zh,#heartbroken,,,
Twitter for iPhone,595218949400186880,2799283208,å¦ˆå¦ˆï¼š ä½ è¦è‡ªç«‹ä¸è¦é äººã€é‡åˆ°å›°éš¾ä¸è¦é€ƒé¿ã€ä¸è¦æ‹¿è‡ªå·±çš„èº«ä½“å¥åº·æ¥å¼€ç©ç¬‘ã€çˆ±æƒ…èƒ½æ°¸æ’å—ã€ä½ å¿«ä¹å—ã€#WordsOfWisdom #runaway #health #heartbroken #loveisblind,everyone,2015-05-04T13:30:30.000Z,595218949400186880,"{'retweet_count': 0, 'reply_count': 0, 'like_count': 0, 'quote_count': 0}",zh,#heartbroken,,,
Instagram,582881218892427264,946130936,æˆ‘åªå…è®¸çœ¼æ³ªåœ¨åºŠä¸Šæµ :]â™¡| #hurt #cry #pain #heartbroken #cheerup http://someurl,everyone,2015-03-31T12:24:46.000Z,582881218892427264,"{'retweet_count': 0, 'reply_count': 0, 'like_count': 0, 'quote_count': 0}",zh,#heartbroken,,,
Instagram,574165426894151680,1155926550,å°ä¸èµ·| è«‹ä¸è¦è·Ÿæˆ‘ç‚«è€€| å› ç‚ºæˆ‘æ˜¯å¤§é†‹æ¡¶| æˆ‘æœƒå¾ˆé›£é| æˆ‘æ˜¯çœŸçš„æœƒçš„ã€‚| | æ„›æ„ˆæ·± ç—›æ„ˆå¤š| | #heartbroken #love #selfish #mind #keep #pprotecting #you... http://someurl,everyone,2015-03-07T11:11:19.000Z,574165426894151680,"{'retweet_count': 0, 'reply_count': 0, 'like_count': 0, 'quote_count': 0}",zh,#heartbroken,,,
Instagram,570616590338801664,313072898,å¹´åˆä¸ƒã€‚æƒ³å¿µä½ ã€‚#ootd #freecircle #red #supreme #snapback #vans #gshock #photogrid #WalkAlone #heartbroken... http://someurl,everyone,2015-02-25T16:09:31.000Z,570616590338801664,"{'retweet_count': 0, 'reply_count': 0, 'like_count': 0, 'quote_count': 0}",zh,#heartbroken,"{'coordinates': {'type': 'Point', 'coordinates': [101.74541622, 3.1285378]}, 'place_id': '3e107d9831aba2a1'}",,
Instagram,568727222812602368,1517279906,æ˜¯çš„ï¼Œæˆ‘è…«äº†ï¼| æ‰€ä»¥å„ä½é„‰è¦ªçˆ¶è€å…„å¼Ÿå§å¦¹å€‘| ä¸è¦å†èªªäº†ï¼Œæˆ‘æœƒåŠªåŠ›å›ä¾†çš„| | #heartbroken #guilty #whatthe..... http://someurl,everyone,2015-02-20T11:01:51.000Z,568727222812602368,"{'retweet_count': 0, 'reply_count': 0, 'like_count': 0, 'quote_count': 0}",zh,#heartbroken,,,
Instagram,568395539563352064,120534152,æˆ‘å”¯ä¸€è¿‡é”™ï¼Œä¾¿æ˜¯æ²¡æœ‰é¦–å…ˆä¸çˆ±ä½ ã€‚#theend #heartbroken #damnitstrue #why http://someurl,everyone,2015-02-19T13:03:51.000Z,568395539563352064,"{'retweet_count': 0, 'reply_count': 0, 'like_count': 0, 'quote_count': 0}",zh,#heartbroken,,,
Instagram,566837149862199296,120534152,åšäº‹æ€»ä¸‰åˆ†é’Ÿçƒ­åº¦çš„æˆ‘ | å´çˆ±äº†ä½ è¿™ä¹ˆä¹… | å¹³å¸¸æ€»å¥å¿˜ä¸¢ä¸‰è½å››çš„æˆ‘ | å´æŠŠä½ è®°é‚£ä¹ˆæ¸…| è°¢è°¢ä½ ä¸€è·¯ä»¥æ¥çš„åŒ…å®¹å’Œçˆ±| #giveup #moveon #end #bye #love #heartbroken... http://someurl,everyone,2015-02-15T05:51:22.000Z,566837149862199296,"{'retweet_count': 0, 'reply_count': 0, 'like_count': 0, 'quote_count': 0}",zh,#heartbroken,,,
Instagram,565732549562216448,2647215038,å¿ƒç¢Â·å‹èª¼Â·æ•µäºº| | åŸºé“æ–‡å­—logosnews: http://someurl| | #logosnews | #logosbookhouseå…è²»å–é–±| #heartbroken... http://someurl,everyone,2015-02-12T04:42:05.000Z,565732549562216448,"{'retweet_count': 1, 'reply_count': 1, 'like_count': 0, 'quote_count': 0}",zh,#heartbroken,,,
Twitter for Android Tablets,562969883890442240,2636444959,@someuser rawréš¾æ€ªä½ æ‹’ç»æˆ‘çš„æƒ…äººèŠ‚é‚€è¯· #my #heartbroken #boom,everyone,2015-02-04T13:58:41.000Z,562973521840979968,"{'retweet_count': 0, 'reply_count': 1, 'like_count': 0, 'quote_count': 0}",zh,#heartbroken,,"[{'type': 'replied_to', 'id': '562972536938721280'}]",2959760509
Instagram,561920412578484224,2627393133,æˆ‘æ˜¯ä¸æ˜¯è¯¥æ­»å¿ƒäº†ã€‚ä¸ç”˜å¿ƒã€‚ğŸš¶#armygreen  #skirt #flower #heartbroken #onlyregret #Beijing #thelastday #sad #unknown... http://someurl,everyone,2015-02-01T16:14:00.000Z,561920412578484224,"{'retweet_count': 0, 'reply_count': 0, 'like_count': 0, 'quote_count': 0}",zh,#heartbroken,,,
Tumblr,557941634789548034,183574932,Photo: é€™å¤©ï¼Œå°å¤¢æƒ³çš„é–‹å§‹ é»˜é»˜æ¶ˆé€ï¼Œå·²ä¸å¾©å­˜åœ¨ å›æƒ³èµ·ï¼Œæ›´å¤šç—›èˆ‡æ€å¿µ å¯å¦ç¹¼çºŒæœŸç›¼è‘—... #anniversary #love #relationship #break #heartbroken #miss... http://someurl,everyone,2015-01-21T16:43:46.000Z,557941634789548034,"{'retweet_count': 0, 'reply_count': 0, 'like_count': 0, 'quote_count': 0}",zh,#heartbroken,,,
Instagram,557941625599430656,183574932,é€™å¤©ï¼Œå°å¤¢æƒ³çš„é–‹å§‹| é»˜é»˜æ¶ˆé€ï¼Œå·²ä¸å¾©å­˜åœ¨| å›æƒ³èµ·ï¼Œæ›´å¤šç—›èˆ‡æ€å¿µ| å¯å¦ç¹¼çºŒæœŸç›¼è‘—... #anniversary #love #relationship #break #heartbroken #miss... http://someurl,everyone,2015-01-21T16:43:44.000Z,557941625599430656,"{'retweet_count': 0, 'reply_count': 0, 'like_count': 0, 'quote_count': 0}",zh,#heartbroken,,,
Instagram,552182327032709120,2827563000,åˆè¢«æç¢äº†... è©²æ€éº¼ç›¸ä¿¡| #heartbroken @ å°å¤§ä¸­å¤®ç±ƒçƒå ´ http://someurl,everyone,2015-01-05T19:18:20.000Z,552182327032709120,"{'retweet_count': 0, 'reply_count': 0, 'like_count': 0, 'quote_count': 0}",zh,#heartbroken,,,
Instagram,548158521343475712,2936599922,å°ä¸èµ·ï¼Œè€¶ç©Œç”Ÿæ—¥è«‹å¿«æ¨‚....#sorry #xmas #bear #candy #gummybear #haribo #teddy #swim #circle #juice #heartbroken http://someurl,everyone,2014-12-25T16:49:10.000Z,548158521343475712,"{'retweet_count': 0, 'reply_count': 0, 'like_count': 0, 'quote_count': 0}",zh,#heartbroken,,,
Tumblr,546102856638820353,394393963,Photo: #å‘¨æ°å€«# #ç®—ä»€éº¼ç”·äºº# ã€Œåæ­£ #åœ¨ä¸€èµ·# æ™‚ ä½ æˆ‘éƒ½æœ‰ #é–‹å¿ƒ# é å°± #è¶³å¤ #ã€ #jaychou #realman #heartbroken #music #musicvideo... http://someurl,everyone,2014-12-20T00:40:41.000Z,546102856638820353,"{'retweet_count': 0, 'reply_count': 0, 'like_count': 0, 'quote_count': 0}",zh,#heartbroken,,,
Instagram,546102846270504960,394393963,#å‘¨æ°å€«# #ç®—ä»€éº¼ç”·äºº# | ã€Œåæ­£ #åœ¨ä¸€èµ·# æ™‚ ä½ æˆ‘éƒ½æœ‰ #é–‹å¿ƒ# é å°± #è¶³å¤ #ã€| #jaychou #realman #heartbroken #music #musicvideo... http://someurl,everyone,2014-12-20T00:40:39.000Z,546102846270504960,"{'retweet_count': 0, 'reply_count': 0, 'like_count': 0, 'quote_count': 0}",zh,#heartbroken,,,
Twitter for iPhone,545587891032698880,219327778,ä¸èƒ½è¯´æˆ‘å–œæ¬¢ä½ ï¼Œæ‰€ä»¥è¯´æ™šå®‰ã€‚#heartbrokenğŸ˜©,everyone,2014-12-18T14:34:24.000Z,545587891032698880,"{'retweet_count': 4, 'reply_count': 1, 'like_count': 8, 'quote_count': 0}",zh,#heartbroken,,,
Instagram,544534643358195712,135623343,æ‰ç¦»å¼€å°±å¼€å§‹æƒ³å¿µ #missing #heartbroken #wish http://someurl,everyone,2014-12-15T16:49:10.000Z,544534643358195712,"{'retweet_count': 0, 'reply_count': 0, 'like_count': 0, 'quote_count': 0}",zh,#heartbroken,,,
Twitter Web Client,544522486524571649,277535659,çœ‹åˆ°æ’åˆ°æœ€å¾Œçš„ä½  æˆ‘å¿ƒç–¼ä¸å·²ğŸ’”ğŸ˜­ğŸ˜«| æ—¢MAMAå¾Œ ä¾èˆŠå¾ˆç´¯çš„æ¨£å­ æˆ‘çœŸçš„çœ¼çœ¶æ³›æ·š| å—æ­¡è¿çš„ä»£åƒ¹ æ˜¯å¦‚æ­¤å¤§çš„ç–²æ†Š çœŸçš„ä¸çŸ¥è©²å¦‚ä½•æ˜¯å¥½| ä½ çš„èº«é«”å·²è² è¼‰äº† ä½ çŸ¥é“å—| #Chanyeol #heartbroken http://someurl,everyone,2014-12-15T16:00:52.000Z,544522486524571649,"{'retweet_count': 0, 'reply_count': 0, 'like_count': 1, 'quote_count': 0}",zh,#heartbroken,,,
Twitter for iPhone,537263702039203840,396386383,ä½•å¿…å»ä½œè·µè‡ªå·±ã€‚ #heartbroken,everyone,2014-11-25T15:17:03.000Z,537263702039203840,"{'retweet_count': 0, 'reply_count': 0, 'like_count': 0, 'quote_count': 0}",zh,#heartbroken,,,
Tumblr,536172895761088513,183574932,Photo: åˆ°äº†ç„¡æ³•è‡ªæ‹”çš„ç‹€æ³ï¼Œç¬é–“è¦ºå¾—è‡ªå·±å¥½æ²’ç”¨... #girl #jealous #heart #love #deep #miss #heartbroken #feeling #useless #how... http://someurl,everyone,2014-11-22T15:02:34.000Z,536172895761088513,"{'retweet_count': 0, 'reply_count': 0, 'like_count': 0, 'quote_count': 0}",zh,#heartbroken,,,
Instagram,536172887435378688,183574932,åˆ°äº†ç„¡æ³•è‡ªæ‹”çš„ç‹€æ³ï¼Œç¬é–“è¦ºå¾—è‡ªå·±å¥½æ²’ç”¨... | #girl #jealous #heart #love #deep #miss #heartbroken #feeling #useless #how... http://someurl,everyone,2014-11-22T15:02:32.000Z,536172887435378688,"{'retweet_count': 0, 'reply_count': 0, 'like_count': 0, 'quote_count': 0}",zh,#heartbroken,,,
Twitter for Mac,534178919507705856,2245558062,ä¸ºä»€ä¹ˆä¸€ä¸ªä¸ªåœ¨è¿™ä¸ªæ—¶å€™...| #heartbroken,everyone,2014-11-17T02:59:13.000Z,534178919507705856,"{'retweet_count': 0, 'reply_count': 0, 'like_count': 1, 'quote_count': 0}",zh,#heartbroken,,,
Twitter for iPhone,530395016842059776,1736288396,å·ä¾†çš„å¹¸ç¦æ˜¯æ™‚ä¾¯é‚„å›å»äº† :) #heartbroken#end061114,everyone,2014-11-06T16:23:20.000Z,530395016842059776,"{'retweet_count': 0, 'reply_count': 0, 'like_count': 0, 'quote_count': 0}",zh,#heartbroken,,,
Twitter for iPhone,529846524616777729,215110504,Been replaying æœ‰å¤šå°‘çˆ±å¯ä»¥é‡æ¥ - å¸•å°”å“ˆæ  all day long #heartbroken,everyone,2014-11-05T04:03:50.000Z,529846524616777729,"{'retweet_count': 0, 'reply_count': 0, 'like_count': 0, 'quote_count': 0}",zh,#heartbroken,,,
Instagram,528429352505995264,2179746182,ä¸è¦è®©æˆ‘æœ‰è§‰å¾—è‡ªå·±åœ¨ä¸€å¢æƒ…æ„¿çš„æ„Ÿè§‰å¥½å—ï¼Ÿ#Heartbroken http://someurl,everyone,2014-11-01T06:12:30.000Z,528429352505995264,"{'retweet_count': 0, 'reply_count': 0, 'like_count': 3, 'quote_count': 0}",zh,#heartbroken,,,
Instagram,527845479837466624,460349802,å¥½äº†ï¼Œå‚·å¤ æˆ‘äº†ï¼Œæˆ‘æ­»å¿ƒå•¦ï¼Œæˆ‘æ†æ­»ä½ ï¼| #hate #heartbroken http://someurl,everyone,2014-10-30T15:32:23.000Z,527845479837466624,"{'retweet_count': 0, 'reply_count': 0, 'like_count': 0, 'quote_count': 0}",zh,#heartbroken,,,
Instagram,503354493405528065,1326771133,å°ä¸èµ·ã€‚#dzjhswbnzhwsmhyz #heartbroken ğŸ’” http://someurl,everyone,2014-08-24T01:33:57.000Z,503354493405528065,"{'retweet_count': 0, 'reply_count': 0, 'like_count': 0, 'quote_count': 0}",zh,#heartbroken,,,
Twitter for Android,501345276888494080,451235862,#heartbroken å¿ƒå·²ç¢... æ¯’å“åˆ°åº•æœ‰ä»€ä¹ˆé­…åŠ›è®©ä½ å€¼å¾—æŠŠè‡ªå·±çš„åèª‰å’Œæœªæ¥èµŒä¸‹å».. http://someurl,everyone,2014-08-18T12:30:03.000Z,501345276888494080,"{'retweet_count': 8, 'reply_count': 1, 'like_count': 14, 'quote_count': 0}",zh,#heartbroken,,,
Instagram,499478767958765568,105396966,ç…ç†¬äº†å¾ˆä¹…ï¼Œç»ˆäºç­‰åˆ°è¿™å¤©äº†ã€‚ç¥æˆ‘åˆ†æ‰‹å¿«ä¹ğŸ˜£ğŸ˜˜ğŸ˜–ğŸ˜˜ #breakup #brokenhearted #be #brave #heartbroken #selfie #random #swag... http://someurl,everyone,2014-08-13T08:53:12.000Z,499478767958765568,"{'retweet_count': 0, 'reply_count': 0, 'like_count': 0, 'quote_count': 0}",zh,#heartbroken,,,
Twitter Web Client,498472027628388352,873504864,å°æ–¼ç„¡æ³•æŒæ§çš„æ„Ÿæƒ…æ„Ÿåˆ°ç„¡åŠ›ï¼Œæˆ‘æ‰ä¸é¡˜ç•¶è¢«é—œåœ¨ç± å­è£¡çš„ç¦½é³¥ã€‚#heartbroken #freedom #Conservatives,everyone,2014-08-10T14:12:47.000Z,498472027628388352,"{'retweet_count': 0, 'reply_count': 0, 'like_count': 0, 'quote_count': 0}",zh,#heartbroken,,,
Instagram,497327156171517953,105396966,å¦‚æœä½ èƒ½ç†è§£æˆ‘æœ‰å¤šçˆ±ä½ ï¼Œæˆ‘å°±ä¸ä¼šä¸ºä½ æµé‚£ä¹ˆå¤šçœ¼æ³ªäº†ğŸ˜˜ #lovemusiclovelife #lost #heartbroken #instadaily #random #swag #selfie #be... http://someurl,everyone,2014-08-07T10:23:28.000Z,497327156171517953,"{'retweet_count': 0, 'reply_count': 0, 'like_count': 0, 'quote_count': 0}",zh,#heartbroken,,,
Instagram,485189017538146304,774756912,å¹¹ ç¬¬å…­æ¬¡æ‰“æ“Š | ç—›è‹¦ç¨‹åº¦ä¸äºæ–¼è¥¿ç­ç‰™ç¬¬ä¸€å ´è¼¸çƒ| #antoinegriezmann #jamesrodriguez #dontcry #heartbroken #today... http://someurl,everyone,2014-07-04T22:30:50.000Z,485189017538146304,"{'retweet_count': 0, 'reply_count': 0, 'like_count': 0, 'quote_count': 0}",zh,#heartbroken,,,
Twitter for Android,484288814085861376,526664324,ä»–ä¸è¦æ¥æ³•å›½ #heartbroken #sadlife,everyone,2014-07-02T10:53:45.000Z,484288814085861376,"{'retweet_count': 0, 'reply_count': 0, 'like_count': 0, 'quote_count': 0}",zh,#heartbroken,,,
Instagram,483061140637745153,44035079,å‘½é‹çš„ç±¤åªè®“æˆ‘å€‘é‡è¦‹ï¼Œè®“æˆ‘çš„æ·šéƒ½è®Šæˆäº†ç¢ç‰‡ã€‚| #flower #morning #tears #blue #mood #heartbroken @ Putra World Trade Centre http://someurl,everyone,2014-06-29T01:35:25.000Z,483061140637745153,"{'retweet_count': 0, 'reply_count': 0, 'like_count': 0, 'quote_count': 0}",zh,#heartbroken,"{'coordinates': {'type': 'Point', 'coordinates': [101.69216705, 3.16857462]}, 'place_id': '7b02fbddf4d9f2c6'}",,
Twitter for iPhone,473732032808620032,2368260217,å¥½ç…© ğŸ‘‰ğŸ‘ˆ| ç‚ºäº†ä¸€å€‹ç•™è¨€æå¾—é‚£éº¼ç·Šå¼µ| åœ¨æƒ³è©²æ€éº¼å›å¥½å‘¢ï¼Ÿ| æœƒä¸æœƒå¾ˆå¥‡æ€ªï¼Ÿ| å¥½å¤šè©±æƒ³èªªå»èªªä¸å‡ºå£ã€‚| | ä¸€ç¬é–“å¥½å¤šæƒ…ç·’é‡ç–Šåœ¨ä¸€èµ·| 464å¤©ï¼Œæ¯ä¸€å¤©éƒ½å¦‚æ­¤æƒ³å¿µ| åˆæ‹¼å‘½æƒ³è¦éºå¿˜ã€‚ #heartbroken http://someurl,everyone,2014-06-03T07:44:52.000Z,473732032808620032,"{'retweet_count': 0, 'reply_count': 0, 'like_count': 1, 'quote_count': 0}",zh,#heartbroken,,,
Instagram,470986927764553729,366485328,ç¾åœ¨çš„æ‰‹æ©Ÿæ¡Œå¸ƒğŸ˜©ğŸ˜©ğŸ˜©| è¢«èªªè‚‰å¥½åƒè®Šå¤šäººæœ‰é»è…«...ğŸ·| å¯æƒ¡ï¼| æ¸›è‚¥ç”Ÿæ´»é–‹å•ŸğŸ˜¤| #dietlife #turniton #heartbrokenğŸ’” http://someurl,everyone,2014-05-26T17:56:48.000Z,470986927764553729,"{'retweet_count': 0, 'reply_count': 0, 'like_count': 0, 'quote_count': 0}",zh,#heartbroken,,,
Instagram,467683456601042944,236344312,æ‹–è¶…ä¹…æ‰ä¾†çœ‹æˆ‘çš„ä¿ç¾…ğŸ‘¼| çœ‹å®Œåªæœ‰é›£éğŸ˜¢ğŸ˜¢ğŸ˜¢| | #BrickMansions #PaulWalker #RIP #sad #miss #forever #angelPaul #heartbroken http://someurl,everyone,2014-05-17T15:09:59.000Z,467683456601042944,"{'retweet_count': 0, 'reply_count': 0, 'like_count': 1, 'quote_count': 0}",zh,#heartbroken,,,
Instagram,467131148842196992,2431400376,ğŸ’”å¿ƒå·²ç¢...æ•°å­¦è€ƒè¯•åƒğŸ’©å§ï¼ï¼#maths #exam #sad #heartbroken http://someurl,everyone,2014-05-16T02:35:19.000Z,467131148842196992,"{'retweet_count': 0, 'reply_count': 0, 'like_count': 0, 'quote_count': 0}",zh,#heartbroken,,,
Twitter for  Android,466569787158822912,725447341,è°äº†è§£æˆ‘çš„å¿ƒæƒ…ï¼Ÿä¼¤å¿ƒ+éš¾è¿‡+å¤±æœ›...| æ²¡æœ‰ä¸€æ ·æ˜¯å¥½çš„ :)| å¯æ˜¯è¿˜ä¸æ˜¯ä¸€æ ·è¦è¿™æ ·å¥½å¥½å¯¹å¾…å¥¹ï¼Ÿ:)| | #kahY #love #devastate #sad #heartbroken,everyone,2014-05-14T13:24:40.000Z,466569787158822912,"{'retweet_count': 0, 'reply_count': 0, 'like_count': 0, 'quote_count': 0}",zh,#heartbroken,,,
Instagram,465187591780724738,2485699543,cry for my babe ğŸ˜¥ğŸ˜¥ğŸ˜¥#heartbroken äº‹å®è¯æ˜è¿™ç©æ„å„¿è·Ÿæˆ‘ä¸ä¼šè¶…è¿‡ä¸€å¹´ åˆtmçƒ‚äº†å“ http://someurl,everyone,2014-05-10T17:52:19.000Z,465187591780724738,"{'retweet_count': 0, 'reply_count': 0, 'like_count': 0, 'quote_count': 0}",zh,#heartbroken,,,
Twitter for iPhone,462113654662377472,1625256702,å¶åƒæœ‰äº†å¥³æœ‹å‹ã€‚ğŸ˜¢ #heartbroken,everyone,2014-05-02T06:17:35.000Z,462113654662377472,"{'retweet_count': 1, 'reply_count': 2, 'like_count': 13, 'quote_count': 0}",zh,#heartbroken,,,
Twitter for Android,461567310520528898,572594535,åœ¨ä½ çœ¼é‡Œï¼Œæˆ‘åˆ°åº•æ˜¯ä»€ä¹ˆï¼Ÿ...| #heartbroken,everyone,2014-04-30T18:06:36.000Z,461567310520528898,"{'retweet_count': 0, 'reply_count': 0, 'like_count': 2, 'quote_count': 0}",zh,#heartbroken,"{'coordinates': {'type': 'Point', 'coordinates': [101.6383202, 3.2208013]}, 'place_id': 'f30e31bb15041ef7'}",,
Instagram,456452503681245185,2341481402,ç‚ºä»€éº¼æˆ‘ä¸èƒ½è·Ÿæˆ‘çš„å¥½æœ‹å‹åœ¨ä¸€èµ·| ä¹Ÿä¸èƒ½è·Ÿæˆ‘å–œæ­¡çš„äººåœ¨ä¸€èµ·| ç•¢æ¥­è€ƒå€’æ•¸6| æœƒè€ƒå€’æ•¸31| æœƒè€ƒæˆç¸¾å€’æ•¸50| ç•¢æ¥­å…¸ç¦®å€’æ•¸51| åŠªåŠ›åŠªåŠ›ä½†æ˜¯é‚„æ˜¯æ²’è¾¦æ³•ä¸æƒ³.| #heartbroken http://someurl,everyone,2014-04-16T15:22:12.000Z,456452503681245185,"{'retweet_count': 0, 'reply_count': 0, 'like_count': 0, 'quote_count': 0}",zh,#heartbroken,,,
Tweetbot for iOS,451568702798831618,109743003,ä½ çŸ¥é“æˆ‘å¾ˆæƒ³ä½ å—? #heartbroken,everyone,2014-04-03T03:55:43.000Z,451568702798831618,"{'retweet_count': 1, 'reply_count': 0, 'like_count': 0, 'quote_count': 0}",zh,#heartbroken,,,
Twitter Web Client,446687610837032960,1094305254,æˆ‘ä»¬çš„çˆ± éƒ½æ˜¯å‡çš„å˜›ï¼Ÿ @someuser  #heartbroken http://someurl,everyone,2014-03-20T16:40:00.000Z,446687610837032960,"{'retweet_count': 0, 'reply_count': 0, 'like_count': 2, 'quote_count': 0}",zh,#heartbroken,,,
Twitter for iPhone,444367158374449153,946778994,å­¸é•·ï½å°ä¸èµ·æˆ‘é‚„ä¸èƒ½æ¥å—ğŸ˜­ğŸ˜­ğŸ˜­ğŸ˜­ #needtobecalm #cantstop #heartbroken #jk #lol,everyone,2014-03-14T06:59:21.000Z,444367158374449153,"{'retweet_count': 0, 'reply_count': 0, 'like_count': 0, 'quote_count': 0}",zh,#heartbroken,,,
Instagram,441941242843521024,1705059500,#heart #heartbroken | -| å¦‚æœæœ‰ä¸€å¤©ä½ èµ°é€²æˆ‘å¿ƒè£¡/ä½ ä¸€å®šæœƒå“­| å› ç‚ºè£¡é¢è£æ»¿è‘—ä½ çš„é»æ»´| å¦‚æœæœ‰ä¸€å¤©æˆ‘èµ°é€²ä½ å¿ƒè£¡/æˆ‘ä¹Ÿä¸€å®šæœƒå“­| å› ç‚ºè£¡é¢æ‰¾ä¸åˆ°æˆ‘çš„èº«å½±ã€‚ http://someurl,everyone,2014-03-07T14:19:37.000Z,441941242843521024,"{'retweet_count': 0, 'reply_count': 0, 'like_count': 0, 'quote_count': 0}",zh,#heartbroken,,,
Facebook,434201578833461248,886391070,æƒ…äººèŠ‚ä¸åº”è¯¥æ˜¯å¼€å¼€å¿ƒå¿ƒçš„å—ï¼Ÿ| ä¸ºå•¥æˆ‘çš„ç”µè¯screenåˆè£‚äº†==| Haizzz...é—²å•Š ==| | #Sienzz #Sad #Heartbroken â€” feeling walao,everyone,2014-02-14T05:44:58.000Z,434201578833461248,"{'retweet_count': 0, 'reply_count': 0, 'like_count': 0, 'quote_count': 0}",zh,#heartbroken,,,
Twitter for Android,431588927330586624,1974629552,åˆ«é‚£ä¹ˆè‡ªç§å¥½å—ï¼ŸPlease dont be mean to me. Just leave me alone please! And get out of my life! #heartbroken #you #never #care #about #me #selfish!,everyone,2014-02-07T00:43:13.000Z,431588927330586624,"{'retweet_count': 0, 'reply_count': 0, 'like_count': 0, 'quote_count': 0}",zh,#heartbroken,,,
Twitter for iPhone,431460029179256832,53568597,ç•¶ä½ ç™¼ç¾æŸäº›äººé›¢ä½ è€Œå»æ—¢æ™‚å€™ æ°¸é éƒ½æœƒå¤ªé² #chisin #heartbroken #itsbeenawhile #maybeyouareright #foreveralone #lastgoodbye #neversaygoodbye #imsosorry #immature,everyone,2014-02-06T16:11:01.000Z,431460029179256832,"{'retweet_count': 0, 'reply_count': 0, 'like_count': 0, 'quote_count': 0}",zh,#heartbroken,,,
Twitter for iPhone,429696698416263168,2239942904,æˆ‘è¿˜èƒ½åšä»€ä¹ˆ....#heartbroken http://someurl,everyone,2014-02-01T19:24:10.000Z,429696698416263168,"{'retweet_count': 0, 'reply_count': 0, 'like_count': 0, 'quote_count': 0}",zh,#heartbroken,,,
Instagram,427016932785946624,2205101568,"Oh god, when u guys together ur children crying cuz of it,| ç”·æ­¡å¥³æ„› å¾ˆæ£’ | #crazy #heartbroken http://someurl",everyone,2014-01-25T09:55:45.000Z,427016932785946624,"{'retweet_count': 0, 'reply_count': 0, 'like_count': 0, 'quote_count': 0}",zh,#heartbroken,,,
Instagram,426415031564374016,345413926,å¿ƒç¢äº†ï¼ˆå¯¦ç‰©ï¼‰ #heartbroken lol http://someurl,everyone,2014-01-23T18:04:00.000Z,426415031564374016,"{'retweet_count': 0, 'reply_count': 0, 'like_count': 0, 'quote_count': 0}",zh,#heartbroken,,,
Instagram,421948831639822337,2281685072,-| æ¯”æˆ‘å¥½çš„ å¤ªå¤šç¨®| #sad #heartbroken #unhappy #cry http://someurl,everyone,2014-01-11T10:16:55.000Z,421948831639822337,"{'retweet_count': 0, 'reply_count': 0, 'like_count': 0, 'quote_count': 0}",zh,#heartbroken,,,
Instagram,418831917380018177,717236971,æ®èˆåˆ©åŠé‚£ç¬é–“ï¼ŒåŒæ™‚å¤±å»çè²´çš„æ±è¥¿ã€‚| #hate #damn #heartbroken #ì•„íŒŒ #ã… ã…  http://someurl,everyone,2014-01-02T19:51:25.000Z,418831917380018177,"{'retweet_count': 0, 'reply_count': 0, 'like_count': 0, 'quote_count': 0}",zh,#heartbroken,,,
Instagram,411286902776803328,394393963,å¿«æ¨‚è‹¥æ˜¯æœ‰ å‚·å¿ƒè‹¥æ˜¯æœ‰......| #sadness #blue #heartbroken #upset #fall #fatigue #æµæµªè€…ä¹‹æ­Œ #é™³ç¶ºè²| #lyrics #dying #goner... http://someurl,everyone,2013-12-13T00:10:13.000Z,411286902776803328,"{'retweet_count': 0, 'reply_count': 0, 'like_count': 0, 'quote_count': 0}",zh,#heartbroken,,,
Twittelator,407532369558925313,255524576,å¤©å•Šï¼Œé›–ç„¶å› ç‚ºæˆ²ç´„çš„é—œä¿‚ï¼Œä½†å°±é€™æ¨£å°±æŠŠMatthewçµ¦è³œæ­»ï¼Œä¹Ÿå¤ªè®“äººå¿ƒç¢äº†ã€‚DAè£¡é¢å……æ–¥è‘—å°å¥¸å°æƒ¡ï¼Œä½†æˆ‘éƒ½ä¸è¦ºå¾—æœ‰é‚£ä¸€ç¨®æ˜¯ä¸å¯é¥’æ•çš„ï¼Œä½†æ˜¯çœ‹å®ŒS3E9å»æœ‰ç¨®ä¸–ç•Œæ¯€æ»…ç®—äº†çš„æ„Ÿè¦ºï¼Œæœ‰å¿…è¦é€™éº¼é›²éœ„é£›è»Šå—ï¼#DowntonAbbey #heartbroken #seasonfinale,everyone,2013-12-02T15:31:03.000Z,407532369558925313,"{'retweet_count': 0, 'reply_count': 0, 'like_count': 0, 'quote_count': 0}",zh,#heartbroken,,,
Twitter for iPhone,406841511435718656,546865504,å–œæ­¡ä½ çš„å¿ƒå°±åƒæ¯’è—¥ï¼Œè®“äººä¸Šç™®å»åˆæœƒè¢«å¤±æœ›æ‰“å…¥è°·åº•ã€‚ #heartbroken #facebook #Nov30,everyone,2013-11-30T17:45:49.000Z,406841511435718656,"{'retweet_count': 0, 'reply_count': 0, 'like_count': 0, 'quote_count': 0}",zh,#heartbroken,,,
Tumblr,406117080703180800,1159462147,Last - ä¸æƒ³çš„è©±å°±ä¸è¦äº† æˆ‘å¾ˆæƒ³æˆ‘å¾ˆå¤šè©±æˆ‘å¾ˆå¤šæ„Ÿå— çµ‚ç©¶é‚„æ˜¯ä¸è¡Œ #heartbroken åˆ°åº•å•é¡Œæ˜¯ä»€éº¼éƒ½å·²ç¶“åƒæ˜¯äº†åˆ°åº•ç‚ºä»€éº¼ä¸è¡Œ æ”¹è®Šé€™éº¼å¤šäº†æ€éº¼ç›¸ä¿¡ä»¥å¾Œ è¦æ›ä½å­äº†å…‰æƒ³åˆ°å°±è¦ºå¾—åˆè¦é äº†æ™‚é–“åˆå°‘äº†... http://someurl,everyone,2013-11-28T17:47:11.000Z,406117080703180800,"{'retweet_count': 0, 'reply_count': 0, 'like_count': 0, 'quote_count': 0}",zh,#heartbroken,,,
Instagram,405724919998472192,40830825,æ€’åƒç†±ç‚’ #ç…™éœ§å½ˆå¤ªä»¤äººç”Ÿæ°£äº†å•Š #heartbroken #taiwanhasthebestfood http://someurl,everyone,2013-11-27T15:48:53.000Z,405724919998472192,"{'retweet_count': 0, 'reply_count': 0, 'like_count': 0, 'quote_count': 0}",zh,#heartbroken,,,
Twitter for iPad,404442345497563136,504153471,æ‰¿è¯ºè°éƒ½å¯ä»¥ç»™ ä½†è¦çœ‹æ˜¯è°ç»™çš„ #heartbroken,everyone,2013-11-24T02:52:24.000Z,404442345497563136,"{'retweet_count': 0, 'reply_count': 0, 'like_count': 0, 'quote_count': 0}",zh,#heartbroken,,,
Twitter Web Client,398459972096245762,858300476,å¯¡è¨€çš„äººæ¯”è¼ƒå¸å¼•æˆ‘ ä½†ä¸€å¥è©±éƒ½ä¸èªªå¯¦åœ¨å¾ˆè²»ç–‘çŒœå•Šå•Šå•Šå•Šå•Šå•Šå•Š #heartbroken,everyone,2013-11-07T14:40:35.000Z,398459972096245762,"{'retweet_count': 0, 'reply_count': 1, 'like_count': 0, 'quote_count': 0}",zh,#heartbroken,,,
Twitter for Android,397722761138667520,837419852,"æˆ‘ä»€ä¹ˆéƒ½ä¸è¦,ä½ çŸ¥ä¸çŸ¥é“? | è‹¥ä½ æ‡‚æˆ‘, è¿™ä¸€ç§’ã€‚| #heartbroken",everyone,2013-11-05T13:51:10.000Z,397722761138667520,"{'retweet_count': 0, 'reply_count': 1, 'like_count': 3, 'quote_count': 0}",zh,#heartbroken,,,
Instagram,392303460504584192,212278189,#paulwishinghewassinginginthektv #heartbroken #longing #paulsday @ æ–°åéƒ½è´­ç‰©ä¸­å¿ƒ http://someurl,everyone,2013-10-21T14:56:48.000Z,392303460504584192,"{'retweet_count': 0, 'reply_count': 0, 'like_count': 0, 'quote_count': 0}",zh,#heartbroken,,,
Twitter for iPhone,389800004120244224,51002140,HAHAHAHA DULAN GIRL ğŸ˜‚ RT â€œ@someuser åŸæ¥åœ¨æˆ‘å§å¦¹çœ¼é‡Œæˆ‘æ˜¯ä¸ªæ¶æ¯’å¥³ã€‚ã€‚ã€‚#heartbrokenâ€,everyone,2013-10-14T17:12:57.000Z,389801010367307776,"{'retweet_count': 0, 'reply_count': 0, 'like_count': 0, 'quote_count': 0}",zh,#heartbroken,,"[{'type': 'replied_to', 'id': '389800004120244224'}]",505890989
Twitter for Android,389800004120244224,505890989,åŸæ¥åœ¨æˆ‘å§å¦¹çœ¼é‡Œæˆ‘æ˜¯ä¸ªæ¶æ¯’å¥³ã€‚ã€‚ã€‚#heartbroken,everyone,2013-10-14T17:08:57.000Z,389800004120244224,"{'retweet_count': 0, 'reply_count': 2, 'like_count': 1, 'quote_count': 0}",zh,#heartbroken,,,
Twitter for iPhone,388808544218517504,851742716,é™¤äº†å­¦ä¹ å’Œå¦ˆå¦ˆï¼Œè¿˜æœ‰ä»€ä¹ˆèƒ½ç»™æˆ‘å®‰å…¨æ„Ÿï¼Ÿ#heartbroken#,everyone,2013-10-11T23:29:15.000Z,388808544218517504,"{'retweet_count': 0, 'reply_count': 0, 'like_count': 0, 'quote_count': 0}",zh,#heartbroken,,,
Instagram,384720167055667200,238869507,ä½ æ€ä¹ˆèˆå¾—æˆ‘éš¾è¿‡... :)| #instanote #instaquote #instamsg #goodnight #world #heartbroken #emo #sadnight... http://someurl,everyone,2013-09-30T16:43:30.000Z,384720167055667200,"{'retweet_count': 0, 'reply_count': 0, 'like_count': 0, 'quote_count': 0}",zh,#heartbroken,,,
Instagram,375310433596743680,1233205201,äº®é»è‡ªå°‹âœ¨| è©±èªªé€™å¥½ä¹…äº†ğŸ‘€| #heartbroken http://someurl,everyone,2013-09-04T17:32:34.000Z,375310433596743680,"{'retweet_count': 0, 'reply_count': 0, 'like_count': 0, 'quote_count': 0}",zh,#heartbroken,,,
Instagram,372929982387200001,125220043,ä¹Ÿè®¸ä¸ç®¡æˆ‘å†æ€ä¹ˆåŠªåŠ›ï¼Œç»“å±€ä¾ç„¶æ˜¯å¦‚æ­¤... #girl #asian #selca #shisha #cool #life #heartbroken #smoke http://someurl,everyone,2013-08-29T03:53:31.000Z,372929982387200001,"{'retweet_count': 0, 'reply_count': 0, 'like_count': 0, 'quote_count': 0}",zh,#heartbroken,,,
Twitter Web Client,371654663344357376,1156654452,@someuser ä»–å¾ˆå¯æ€œ! :( #heartbroken,everyone,2013-08-26T15:19:16.000Z,372015394413756416,"{'retweet_count': 0, 'reply_count': 1, 'like_count': 0, 'quote_count': 0}",zh,#heartbroken,{'place_id': 'ad0583514bf760c4'},"[{'type': 'replied_to', 'id': '371654663344357376'}]",1121016901
Instagram,371246170330632192,125220043,çˆ±èµ°äº†.å¯æƒœğŸ’” #chinese #love #sad #heartbroken #girl #emo #moody #piano #sing #music #song http://someurl,everyone,2013-08-24T12:22:39.000Z,371246170330632192,"{'retweet_count': 0, 'reply_count': 0, 'like_count': 0, 'quote_count': 0}",zh,#heartbroken,,,
Instagram,370578477218824193,537246942,å¤±è´¥ä½œ :( æµªè´¹äº†å¥½å¤šç²’è›‹ Orz æˆ‘å¯¹ä¸èµ·é¸¡å¦ˆå¦ˆ TT #first #fail #cake #heartbroken http://someurl,everyone,2013-08-22T16:09:28.000Z,370578477218824193,"{'retweet_count': 0, 'reply_count': 1, 'like_count': 0, 'quote_count': 0}",zh,#heartbroken,,,
Twitter for Android,370010571040514049,1665951360,è™šæƒ…å‡æ„ã€‚#heartbroken,everyone,2013-08-21T02:32:49.000Z,370010571040514049,"{'retweet_count': 0, 'reply_count': 0, 'like_count': 0, 'quote_count': 0}",zh,#heartbroken,,,
Twitter Web Client,366653112976539648,96750690,å¿ƒç¢äº† !!æ¡†å™¹!! #liar #uglybehavior #HeartBroken,everyone,2013-08-11T20:11:28.000Z,366653112976539648,"{'retweet_count': 0, 'reply_count': 0, 'like_count': 0, 'quote_count': 0}",zh,#heartbroken,,,
Twitter for Android,366610420573806592,356676965,å°±æœ‰å¦‚ç²‰ç¢æœºï¼Œæ¯«æ— å¿§éƒçš„ç›´ç¢å¿ƒè„| #HeartBroken #No #Dust,everyone,2013-08-11T17:21:50.000Z,366610420573806592,"{'retweet_count': 0, 'reply_count': 0, 'like_count': 0, 'quote_count': 0}",zh,#heartbroken,,,
Instagram,358318986083053568,230216777,#sleepless #heartbroken  å½»åº•å½»åº•#å¤±çœ  ï¼Œæ„Ÿè§‰ä¸ä¼šå†çˆ±äº†ã€‚ http://someurl,everyone,2013-07-19T20:14:38.000Z,358318986083053568,"{'retweet_count': 0, 'reply_count': 0, 'like_count': 0, 'quote_count': 0}",zh,#heartbroken,,,
Twitter for iPhone,352336092353146881,182344584,@someuser çœŸå¿ƒçš„çˆ±ä¸€ä¸ªäººä¹Ÿæ˜¯ sampat å—ï¼ŸğŸ˜ª #sad #boy #emo #love #nobody #lonely #heartbroken #asian,everyone,2013-07-08T03:27:35.000Z,354079287374127104,"{'retweet_count': 0, 'reply_count': 0, 'like_count': 0, 'quote_count': 0}",zh,#heartbroken,,"[{'type': 'replied_to', 'id': '354048486557224963'}]",174198683
Instagram,343058890587533313,478310116,"å•æ‹æ˜¯å¾ˆç—›è‹¦çš„ Vivian, é†’é†’å§ åˆ«å†å‘æ¢¦äº†. #TextCutie #Lovelorn #HeartBroken #NoMoreDreaming #WokeUp http://someurl",everyone,2013-06-07T17:36:27.000Z,343058890587533313,"{'retweet_count': 0, 'reply_count': 0, 'like_count': 0, 'quote_count': 0}",zh,#heartbroken,,,
Twitter for iPhone,340988422808276992,271915428,æˆ‘ä»¬å¸¸å¸¸æŠŠå¸Œæœ›æ¡å¾—å¤ªç´§ï¼Œè€Œè¢«å¸Œæœ›å¼„ä¼¤ã€‚å…¶å®åªéœ€è¦ä¸€ä¸ªç†ç”±ï¼Œå»å­¦ä¼šæ”¾æ‰‹ï¼Œé‚£ä¹ˆæˆ‘ä»¬å°±å¯ä»¥æ¯«ä¸çŠ¹è±«åœ°ç»§ç»­å¾€å‰èµ°ã€‚ã€‚ã€‚ğŸ˜ #heartbroken #needasuperglue,everyone,2013-06-02T00:29:09.000Z,340988422808276992,"{'retweet_count': 1, 'reply_count': 0, 'like_count': 0, 'quote_count': 0}",zh,#heartbroken,,,
Silver Bird,338960875933290496,62815053,ç‰¹åœ°å€Ÿäº†ä¸ªandroidæ¥ç”¨è°·æ­Œåœ°å›¾ï¼Œç„¶åå‘ç°è´µæ¿é¸­ä¸æ”¯æŒoffline map...... #heartbroken,everyone,2013-05-27T10:12:25.000Z,338960875933290496,"{'retweet_count': 0, 'reply_count': 1, 'like_count': 0, 'quote_count': 0}",zh,#heartbroken,,,
Instagram,333983157487546368,108933745,ä¸€é» ä¸€é» åå™¬è‘—æˆ‘ | èª°æ•‘å¾—äº†ä½ ï¼Ÿ| #sthblue #pain #darkness #blood #tear #fall #heartbroken #crazy #help http://someurl,everyone,2013-05-13T16:32:44.000Z,333983157487546368,"{'retweet_count': 0, 'reply_count': 0, 'like_count': 0, 'quote_count': 0}",zh,#heartbroken,,,
Twitter for iPhone,328878519885119489,536503488,ä»–å¦ˆçš„ï¼ï¼ï¼ä»Šå¤©ä¸€è¿›åˆ°è€ƒåœºæ‹¿åˆ°è€ƒå·è„‘è¢‹ç«Ÿç„¶ä¸€ç‰‡ç©ºç™½(ï¼´ï¼¿ï¼´)å½“åœºå´©æºƒçš„å’¯ #sadtweet #exams #forgiveness #all the formula #cry #heartbroken,everyone,2013-04-29T14:28:44.000Z,328878519885119489,"{'retweet_count': 0, 'reply_count': 0, 'like_count': 0, 'quote_count': 0}",zh,#heartbroken,,,
Instagram,327835339324538882,204415842,å…¨æ˜¯ä½ ä¸€ç”Ÿè¼•æŒ‘ ç„¡æƒ…åœ°æŠŠæˆ‘ç•¶ç©ç¬‘| è®“é€™é¡†å¿ƒéœéœé€ƒæ‰ æƒ…ä¹ŸæŠ¹æ‰| #sad #heartbroken #finally #hate #liar http://someurl,everyone,2013-04-26T17:23:30.000Z,327835339324538882,"{'retweet_count': 0, 'reply_count': 0, 'like_count': 0, 'quote_count': 0}",zh,#heartbroken,,,
Twitter for Android,326552231233089537,1343787619,åˆ†äº«ä¸€å¥#æ—©æ™šå¿…è¯»çš„è¯#: å¦‚æœæ„Ÿæƒ…å¯ä»¥åˆ†èƒœè´Ÿçš„è¯ï¼Œæˆ‘ä¸çŸ¥é“å¥¹æ˜¯å¦ä¼šèµ¢ï¼Œä½†æ˜¯æˆ‘å¾ˆæ¸…æ¥šï¼Œä»ä¸€å¼€å§‹ï¼Œæˆ‘å°±è¾“äº†ã€‚ #lovelygirl #heartbroken,everyone,2013-04-23T04:24:53.000Z,326552231233089537,"{'retweet_count': 0, 'reply_count': 0, 'like_count': 0, 'quote_count': 0}",zh,#heartbroken,,,
Twitter for iPhone,324379070169247744,229745929,T-T é›£éæ…˜ #heartbroken,everyone,2013-04-17T04:29:31.000Z,324379070169247744,"{'retweet_count': 0, 'reply_count': 0, 'like_count': 0, 'quote_count': 0}",zh,#heartbroken,,,
Twitter for iPhone,318576460455620609,851039970,æˆ‘è¦ºå¾—ä¸Šå¤©å°æˆ‘å¾ˆä¸å…¬å¹³| æˆ‘æœ‰é»é–‹å§‹è¨å­é€™å€‹ä¸–ç•Œ| æˆ‘åœ¨é€™å€‹ä¸–ç•Œä¸Šå·²ç„¡åƒ¹å€¼| å¯å¦è®“æˆ‘å®‰éœåœ°äººé–“æ¶ˆå¤±?| | #hopeless #heartbroken @someuser,everyone,2013-04-01T04:12:01.000Z,318576460455620609,"{'retweet_count': 0, 'reply_count': 0, 'like_count': 0, 'quote_count': 0}",zh,#heartbroken,,,
Instagram,312186254823411713,360478581,ç¼˜åˆ†æ€»æ˜¯å°‘ä¸€äº› #heartbroken #ache #quote #love #sierra #fate #miss #lover http://someurl,everyone,2013-03-14T12:59:37.000Z,312186254823411713,"{'retweet_count': 0, 'reply_count': 0, 'like_count': 0, 'quote_count': 0}",zh,#heartbroken,,,
Twitter for BlackBerryÂ®,312100520326209536,417888703,"ä¸æ‡‚ä¸ºäº†ä»€ä¹ˆ,å¿ƒå°±æ˜¯å¾ˆç—›,ä»¿ä½›barneyé‚£äº‹æƒ…çš„åé—ç—‡ #tearsdroping #heartache #upsett #betray #heartbroken #stalker",everyone,2013-03-14T07:18:57.000Z,312100520326209536,"{'retweet_count': 0, 'reply_count': 0, 'like_count': 0, 'quote_count': 0}",zh,#heartbroken,,,
iOS,311050405238935552,76344778,ä¸ºä½•ä¸¤äººä¹‹é—´çš„çˆ±æƒ…ï¼Œåˆ«äººå›é€‰ç€æ“¦æ‰‹ã€‚ã€‚è¿˜å¾—ä¸¤äººæ— æ³•çš„çˆ±ã€‚ã€‚#heartbroken,everyone,2013-03-11T09:46:10.000Z,311050405238935552,"{'retweet_count': 0, 'reply_count': 0, 'like_count': 0, 'quote_count': 0}",zh,#heartbroken,,,
Twitter for iPhone,301573099592224768,47569929,"â€œ@someuser ä½ å˜äº†... #heartbroken #no #longer #sweet @someuser http://someurl æ¬ æ‰å•Šæ¬ æ‰!! HAHAHAHAH çˆ±ä½ , æˆ‘.",everyone,2013-02-13T06:08:31.000Z,301573549158719490,"{'retweet_count': 0, 'reply_count': 0, 'like_count': 1, 'quote_count': 0}",zh,#heartbroken,,"[{'type': 'replied_to', 'id': '301573099592224768'}]",303925465
Twitter for iPhone,301573099592224768,303925465,ä½ å˜äº†... #heartbroken #no #longer #sweet @someuser http://someurl,everyone,2013-02-13T06:06:44.000Z,301573099592224768,"{'retweet_count': 0, 'reply_count': 2, 'like_count': 0, 'quote_count': 0}",zh,#heartbroken,,,
Instagram,288280739651395584,360478581,è¿œè¡Œæ²¡æœ‰ç›®çš„ è·ç¦»ä¸æ˜¯é—®é¢˜ ä¸çˆ±äº† æ˜¯ä½ çš„è°œåº• ä½ ç¦»å¼€è¿™ä¸€æ‹³ç»™çš„å¤ªé‡ æˆ‘åªèƒ½ä¸åœåœ°é£ ç›´åˆ°æˆ‘å°†ä½ æŒ½å› #love #çˆ±ä½ æ²¡å·® #sierra #lyrics #heartbroken http://someurl,everyone,2013-01-07T13:47:38.000Z,288280739651395584,"{'retweet_count': 0, 'reply_count': 0, 'like_count': 0, 'quote_count': 0}",zh,#heartbroken,,,
Twitter for iPhone,276002869231108096,272991542,ä»€ä¹ˆéƒ½ä¸æƒ³åš ä¸æƒ³æƒ³ ä¸æƒ³æ“å¿ƒäº†ã€‚ğŸ’” #heartbroken,everyone,2012-12-04T16:39:46.000Z,276002869231108096,"{'retweet_count': 0, 'reply_count': 0, 'like_count': 0, 'quote_count': 0}",zh,#heartbroken,,,
Instagram,270959197640880128,332988969,è¦‹åˆ°ä½ æ—¢é‡ å¿ƒç¸½æœƒé…¸é…¸çš„ å¥½æ›ä½ä½  ä¸€åˆ‡éƒ½ä¿‚æˆ‘æ—¢éŒ¯ #I #miss #someone. #Heartbroken #my #fault #hkig #London #eye http://someurl,everyone,2012-11-20T18:38:01.000Z,270959197640880128,"{'retweet_count': 0, 'reply_count': 0, 'like_count': 0, 'quote_count': 0}",zh,#heartbroken,,,
Twitter for iPhone,261826786927726592,222525531,å¥¹çš„å¿ƒé‡Œåªæœ‰ä½ ã€‚è€Œä½ çš„çœ¼é‡Œåªæœ‰å¥¹ã€‚ #heartbroken,everyone,2012-10-26T13:49:05.000Z,261826786927726592,"{'retweet_count': 1, 'reply_count': 0, 'like_count': 0, 'quote_count': 0}",zh,#heartbroken,,,
Instagram,261800691847274496,535462403,æƒ³å¿µä½ ä¸æ˜¯ç½ªï¼Œåªæ˜¯ä¸€ç¨®éŒ¯èª¤ï¼Œæ˜¯æˆ‘ä¸èƒ½ä¸çŠ¯çš„éŒ¯èª¤ :( ç”Ÿæ—¥éå»äº†ï¼Œé¡˜æœ›å†ä¹Ÿä¸å¯èƒ½å¯¦ç¾ </3 #heartbroken #mywishwasntcometrueforever http://someurl,everyone,2012-10-26T12:05:23.000Z,261800691847274496,"{'retweet_count': 0, 'reply_count': 0, 'like_count': 0, 'quote_count': 0}",zh,#heartbroken,,,
Twitter for BlackBerryÂ®,255660204878884864,616381809,"åˆ†æ‰‹å, è¿å¯¹æˆ‘è¯´è¯æ–¹å¼éƒ½ä¸ä¸€æ ·, æœ‰éª¨çš„.. å”‰.. #heartbroken",everyone,2012-10-09T13:25:17.000Z,255660204878884864,"{'retweet_count': 0, 'reply_count': 0, 'like_count': 0, 'quote_count': 0}",zh,#heartbroken,,,
Instagram,247260983876263936,230879929,è¿™æµæ°´æœ¬æ¥å°±ä¸åº”è¯¥æµä¸‹çš„. åˆ«å†æƒ³å¿µäº† ä»–æ ¹æœ¬çœ‹ä¸è§ï¼:) SLWZDHXN  #imy #tears #heartbroken http://someurl,everyone,2012-09-16T09:09:47.000Z,247260983876263936,"{'retweet_count': 0, 'reply_count': 0, 'like_count': 0, 'quote_count': 0}",zh,#heartbroken,,,
Twitter for Android,246636310104793088,791399065,æˆ‘ä»¬è¿˜æ˜¯è¯´äº† . å½“æ—¶è‚¯å®šæ˜¯ #heartbroken http://someurl,everyone,2012-09-14T15:47:33.000Z,246636310104793088,"{'retweet_count': 1, 'reply_count': 0, 'like_count': 1, 'quote_count': 0}",zh,#heartbroken,,,
Twitter for iPhone,243755763254829056,780482604,æˆ‘ä»¬è¿˜æœ‰ä»¥åå—ï¼Ÿ| #heartbroken,everyone,2012-09-06T17:01:17.000Z,243755763254829056,"{'retweet_count': 0, 'reply_count': 1, 'like_count': 0, 'quote_count': 0}",zh,#heartbroken,,,
UberSocial for BlackBerry,236695889425596416,172264717,æˆ‘çŸ¥é“æˆ‘ä»¬å’Œä½ ä»¬ä¸èƒ½æ¯”è¾ƒï¼Œä½†æˆ‘çš„çˆ±å¤šå¼ºæ‚ï¼Œå‡ºä¹ä½ æ„æ–™ #heartbroken #lyrics,everyone,2012-08-18T05:27:52.000Z,236695889425596416,"{'retweet_count': 0, 'reply_count': 0, 'like_count': 0, 'quote_count': 0}",zh,#heartbroken,,,
Twitter for iPhone,236045868422266881,462827797,èªªå¥½çš„ä¸æœƒé€™æ¨£å•Š!! #heartbroken,everyone,2012-08-16T10:24:55.000Z,236045868422266881,"{'retweet_count': 0, 'reply_count': 0, 'like_count': 0, 'quote_count': 0}",zh,#heartbroken,,,
Instagram,232390352156368896,371610000,çœ¼æ³ªæ˜¯å½“æ— æ³•ç”¨è¨€è¯­è¡¨è¾¾ä½ çš„å¿ƒç¢æ—¶ï¼Œçœ¼ç›æœ€çº¯ç²¹çš„è¡¨è¾¾æ–¹å¼ã€‚#tears #cry #heartbroken #chinese #quotes #girl #heartbreak #meaningful #mood #s http://someurl,everyone,2012-08-06T08:19:12.000Z,232390352156368896,"{'retweet_count': 0, 'reply_count': 0, 'like_count': 0, 'quote_count': 0}",zh,#heartbroken,,,
TweetDeck,220192805157478400,6343712,æˆ‘ä¸çŸ¥é“æˆ‘ä»€éº¼è¦ä¸‹è¼‰Spain vs Italyçš„highlightä¾†çœ‹ é€™éº¼æ‚²æƒ…çš„æ¯”è³½æ€éº¼æœ‰è¾¦æ³•çœ‹ç¬¬äºŒæ¬¡??!!!!! #heartbroken #EURO2012 #FrozaAzzurri,everyone,2012-07-03T16:30:30.000Z,220192805157478400,"{'retweet_count': 0, 'reply_count': 0, 'like_count': 0, 'quote_count': 0}",zh,#heartbroken,,,
UberSocial for BlackBerry,202012391477739520,172264717,æˆ‘æ¸æ¸ç»ƒä¹ ï¼Œæ¸æ¸éƒ½ä¼šç†Ÿæ‚‰ï¼Œåœ¨æ²¡æœ‰ä½ çš„åŸå¸‚é‡Œ #heartbroken #lyrics,everyone,2012-05-14T12:28:01.000Z,202012391477739520,"{'retweet_count': 0, 'reply_count': 1, 'like_count': 0, 'quote_count': 0}",zh,#heartbroken,,,
Echofon,197317302251814913,17020369,@someuser æœ‰å¿…è¦æ’‡çš„é‚£éº¼ä¹¾æ·¨å— www  #heartbroken,everyone,2012-05-01T13:34:00.000Z,197317953337831424,"{'retweet_count': 0, 'reply_count': 1, 'like_count': 0, 'quote_count': 0}",zh,#heartbroken,,"[{'type': 'replied_to', 'id': '197317302251814913'}]",136612573
Echofon,197306124637175808,136612573,@someuser æˆ‘å—å‚·æƒ¹ #heartbroken ï¼ˆä¹Ÿå¤ªæ˜“ç¢w,everyone,2012-05-01T12:48:18.000Z,197306450551390208,"{'retweet_count': 0, 'reply_count': 0, 'like_count': 0, 'quote_count': 0}",zh,#heartbroken,,"[{'type': 'replied_to', 'id': '197306124637175808'}]",17020369
Instagram,196491846518718465,385565341,å°±åƒæˆ‘çš„å¿ƒä¸€æ ·ï¼Œå°‘äº†é‚£ä¸€åŠ ğŸ’”  #sad #heartbroken #lonely http://someurl,everyone,2012-04-29T06:51:21.000Z,196491846518718465,"{'retweet_count': 0, 'reply_count': 0, 'like_count': 0, 'quote_count': 0}",zh,#heartbroken,,,
Twitter for iPhone,194095407788339201,396062911,å¦‚æœä½ çœŸçš„åœ¨ä¹å¥¹ï¼ŒåŒæ¨£çš„ä¸€ä»¶äº‹ï¼Œ| ä½ ä¸æœƒçŠ¯äº†åˆçŠ¯ #heartbroken,everyone,2012-04-22T16:08:45.000Z,194095407788339201,"{'retweet_count': 0, 'reply_count': 0, 'like_count': 0, 'quote_count': 0}",zh,#heartbroken,,,
Echofon,191571452405891072,136612573,@someuser åŸä¾†æˆ‘ä¹‹å‰é‚£éº¼èªçœŸæ¶æ’é ­æ‚¨éƒ½æ²’æ„Ÿè¦ºï¼ #heartbroken ï¼ˆå–‚,everyone,2012-04-15T17:00:58.000Z,191571831860371457,"{'retweet_count': 0, 'reply_count': 2, 'like_count': 0, 'quote_count': 0}",zh,#heartbroken,,"[{'type': 'replied_to', 'id': '191571452405891072'}]",17020369
UberSocial for BlackBerry,184614114738454529,172264717,#nowplaying çªç„¶å¥½æƒ³ä½ ï¼æˆ‘ä»¬åƒä¸€åœºæœ€ç¾ä¸½çš„æ­Œæ›²ï¼Œå˜æˆä¸¤éƒ¨æ‚²ä¼¤çš„ç”µå½±ï¼OMGGGGG #heartbroken but Mayday Im comingggg! <3,everyone,2012-03-27T12:13:29.000Z,184614114738454529,"{'retweet_count': 0, 'reply_count': 1, 'like_count': 0, 'quote_count': 0}",zh,#heartbroken,,,
Twitter for Android,183205987208015874,220897648,"å–œæ¬¢ä¸Šé”™çš„äººå¾ˆç—›è‹¦ï¼Œæˆ‘å†ä¹Ÿä¸æ•¢è¸å…¥è¿™ä¸ªé™·é˜±äº†ã€‚æˆ‘è¾“å¾—å¤Ÿå½»åº•äº†ï¼Œ è®¤è¾“äº†ï¼Œå®³æ€•äº†ã€‚ #Love is a losing game, I quit. #HEARTBROKEN",everyone,2012-03-23T14:58:05.000Z,183205987208015874,"{'retweet_count': 0, 'reply_count': 0, 'like_count': 0, 'quote_count': 0}",zh,#heartbroken,,,
UberSocial for BlackBerry,182443913565569024,172264717,æˆ‘æ‰ç»ˆäºæ˜ç™½åŠä¸åˆ°çš„æ‰¿è¯ºå°±æˆäº†æ·é”ï¼Œç°å®ä¸­å¹¸ç¦æ°¸è¿œç¼ºè´§! OMG! What a #heartbroken lyrics @someuser rocks! King of #emo songs!!!,everyone,2012-03-21T12:29:53.000Z,182443913565569024,"{'retweet_count': 0, 'reply_count': 1, 'like_count': 0, 'quote_count': 0}",zh,#heartbroken,,,
TweetDeck,158493298368053249,130906071,#HEARTBROKEN RT @someuser RT @someuser Kyu&YiXiao. exchanging phone numbers?? [cr:Limoæ¾ˆåº•èŒƒè´¤æ—­] http://someurl,everyone,2012-01-15T10:18:41.000Z,158493298368053249,"{'retweet_count': 0, 'reply_count': 0, 'like_count': 0, 'quote_count': 0}",zh,#heartbroken,,,
UberSocial for BlackBerry,155763789806047233,172264717,@someuseræ°¸è¿œæ˜¯è¾“åˆ°æœ€æƒ¨çš„é‚£ä¸ªï¼ My heart broken....... #heartbroken,everyone,2012-01-07T21:32:36.000Z,155763789806047233,"{'retweet_count': 0, 'reply_count': 0, 'like_count': 0, 'quote_count': 0}",zh,#heartbroken,,,251892263
Twitter for iPad,147981503987597312,373847837,æˆ‘è¶Šå¯¹ä½ è¯´è¯ï¼Œæˆ‘çš„çœ¼æ³ªè¶Šä¸çŸ¥ä¸è§‰åœ°åƒæ–­äº†çº¿çš„çç --ä¸€ä¸²ä¸€ä¸²åœ°æµäº†ä¸‹æ¥ã€‚æˆ‘ä¸çŸ¥æˆ‘è¯¥æ€ä¹ˆå¯¹ä½ è¯´è¯ï¼Œ çœŸæ˜¯å¾ˆå¯¹ä¸èµ·ä½ ã€‚ #Heartbroken,everyone,2011-12-17T10:08:34.000Z,147981503987597312,"{'retweet_count': 0, 'reply_count': 0, 'like_count': 0, 'quote_count': 0}",zh,#heartbroken,,,
Instagram,128551572761346048,68360104,éš¾é“ç­‰å¾…çš„çˆ±æ‰æ˜¯æœ€çè´µï¼Ÿ#love #heartbroken #destiny  http://someurl,everyone,2011-10-24T19:20:57.000Z,128551572761346048,"{'retweet_count': 0, 'reply_count': 0, 'like_count': 0, 'quote_count': 0}",zh,#heartbroken,,,
Twitter Web Client,124855460984668161,353804930,æ²¡å…³ç³»ï¼Œä¼šè¿‡å»çš„  #heartbroken,everyone,2011-10-14T14:33:56.000Z,124855460984668161,"{'retweet_count': 0, 'reply_count': 0, 'like_count': 0, 'quote_count': 0}",zh,#heartbroken,,,
