created_at,text,lang,source,id,reply_settings,author_id,conversation_id,public_metrics,search_query,referenced_tweets,in_reply_to_user_id,geo,withheld
2016-11-23T15:16:10.000Z,Woh waqt bhi aaega jb jihalat k qutab minar hamari tweets pe shut up shut up kahenge #Hopeful,hi,Twitter for Android,801444236331778048,everyone,122639809,801444236331778048,"{'retweet_count': 1, 'reply_count': 0, 'like_count': 2, 'quote_count': 0}",#hopeful,,,,
2016-11-12T10:08:52.000Z,@someuser @someuser @someuser @someuser yup dekhte hai irade toh naik hai dekhte hai is ka fal kaisa milega #Hopeful ‚ò∫,hi,Twitter Web App,797380634952040448,everyone,2767043289,797362410009071616,"{'retweet_count': 0, 'reply_count': 0, 'like_count': 2, 'quote_count': 0}",#hopeful,"[{'type': 'replied_to', 'id': '797379568810291200'}]",550937853,,
2016-09-30T12:47:31.000Z,Deshaun Watson or Brad Kaaya to the Dolphins? #Hopeful,hi,Twitter for iPhone,781837882000572416,everyone,411251380,781837882000572416,"{'retweet_count': 0, 'reply_count': 0, 'like_count': 0, 'quote_count': 0}",#hopeful,,,,
2016-08-21T12:19:11.000Z,"‡§à‡§∂‡•ç‡§µ‡§∞ ‡§∏‡§Ç‡§≠‡§≤‡§®‡•á, ‡§∏‡•Å‡§ß‡§∞‡§®‡•á ‡§ï‡§æ ‡§Æ‡•å‡§ï‡§æ ‡§∏‡§¨‡§ï‡•ã ‡§¶‡•á‡§§‡§æ ‡§π‡•à... #Hopeful http://someurl",hi,Facebook,767335236925612032,everyone,1580253613,767335236925612032,"{'retweet_count': 0, 'reply_count': 0, 'like_count': 0, 'quote_count': 0}",#hopeful,,,,
2016-08-05T01:01:20.000Z,Sudhar Jao #dreams #big #hopeful #waheguru #bless #everyone http://someurl,hi,Instagram,761366446194688000,everyone,2204414742,761366446194688000,"{'retweet_count': 0, 'reply_count': 0, 'like_count': 1, 'quote_count': 0}",#hopeful,,,,
2016-06-26T17:15:30.000Z,‡§ï‡§ø‡§∏‡•Ä ‡§ï‡•ã ‡§Æ‡§®‡§æ‡§®‡§æ............  ‡§á‡§ï #‡§Æ‡•à‡§∞‡§æ‡§•‡§® ‡§∏‡•Ä ‡§ï‡•ã‡§∂‡§ø‡§∂ ‡•§ | ‡§ï‡§≠‡•Ä ‡§§‡•ã ‡§Æ‡§æ‡§®‡•ã‡§ó‡•á ‡•§ | | #Hopeful #Agree,hi,Twitter for Android,747116086152159234,everyone,372229802,747116086152159234,"{'retweet_count': 0, 'reply_count': 0, 'like_count': 0, 'quote_count': 0}",#hopeful,,,{'place_id': '2fc44e83f8d00aaa'},
2016-06-26T17:12:04.000Z,‡§ï‡§ø‡§∏‡•Ä ‡§ï‡•ã ‡§Æ‡§®‡§æ‡§®‡§æ............  ‡§á‡§ï #‡§Æ‡•à‡§∞‡§æ‡§•‡§® ‡§∏‡•Ä ‡§ï‡•ã‡§∂‡§ø‡§∂ ‡•§ | ‡§ï‡§≠‡•Ä ‡§§‡•ã ‡§Æ‡§æ‡§®‡•ã‡§ó‡•á ‡•§ | | #Hopeful,hi,Twitter for Android,747115221769031680,everyone,828303644,747115221769031680,"{'retweet_count': 0, 'reply_count': 0, 'like_count': 0, 'quote_count': 0}",#hopeful,,,{'place_id': '2fc44e83f8d00aaa'},
2016-06-02T14:05:22.000Z,Maureen #HIV #Hopeful #Inspirational  #PAD2016 #PositivelyMindful #PositiveAffirmationDay http://someurl http://someurl,hi,Hootsuite,738370930754375680,everyone,3964394656,738370930754375680,"{'retweet_count': 0, 'reply_count': 0, 'like_count': 0, 'quote_count': 0}",#hopeful,,,,
2016-04-28T13:01:28.000Z,#Aslaam_Alaikum| |         Achi Baat| | #Insaan To Har #Ghr May #peda  Hota Hy | magar| #insaniyat Kahee Kahee #Janam Leti Hy.....| | #Hopeful,hi,Twitter for Android,725671271636283392,everyone,724822005309120514,725671271636283392,"{'retweet_count': 0, 'reply_count': 0, 'like_count': 1, 'quote_count': 0}",#hopeful,,,,
2016-04-24T10:24:40.000Z,"@someuser @someuser kadardan toh aapke sabhi jagah hain, khushnaseeb honge wo jinhe aapke darshan mile üòä‚ò∫ #HousefullInPune #hopeful üòáüëå",hi,Twitter for Android,724182262711898112,everyone,54451410,724161145834074112,"{'retweet_count': 0, 'reply_count': 0, 'like_count': 0, 'quote_count': 0}",#hopeful,"[{'type': 'replied_to', 'id': '724161145834074112'}]",31348594,,
2016-03-30T12:32:14.000Z,Taseer jo AMRAT main nahi wo ZEHAR main hi sahi| | Gali se wo kooch kar chlay chalo Shehar main hi sahi. #hopeful,hi,Twitter for iPhone,715154668691857408,everyone,3138794592,715154668691857408,"{'retweet_count': 0, 'reply_count': 0, 'like_count': 1, 'quote_count': 0}",#hopeful,,,,
2016-03-28T10:39:15.000Z,Bas aik aur dost bhabi wali category me shift ho gae hai | | #Hopeful,hi,Twitter for Android,714401459895406592,everyone,2475106968,714401459895406592,"{'retweet_count': 0, 'reply_count': 0, 'like_count': 1, 'quote_count': 0}",#hopeful,,,,
2016-03-26T14:35:26.000Z,"Aaja ma nirasha maa, aasha ko jyoti balna khojdai chhu| Chinnabhinna man mastiska batulera bokdai chu| | #Hopeful #NotGivingUp",hi,Facebook,713736121050603520,everyone,2691756114,713736121050603520,"{'retweet_count': 5, 'reply_count': 0, 'like_count': 6, 'quote_count': 0}",#hopeful,,,,
2016-03-18T17:03:12.000Z,Yeh waqt bhi gujar jaega #Hopeful,hi,Twitter for Android,710874204564926464,everyone,79671443,710874204564926464,"{'retweet_count': 0, 'reply_count': 0, 'like_count': 0, 'quote_count': 0}",#hopeful,,,{'place_id': '64231a922dea526e'},
2016-03-14T19:07:39.000Z,"Jo hota hai, achchhe ke liye hota hai... agar kuchh achchha na ho means bhot achchha hone wala hai...#Hopeful #Optimistic #Life #Winners",hi,Twitter for BlackBerry,709455973379735553,everyone,85331278,709455973379735553,"{'retweet_count': 0, 'reply_count': 0, 'like_count': 1, 'quote_count': 0}",#hopeful,,,,
2016-03-13T21:12:51.000Z,Alhumdulilla! Finally got the topic. | Kisi cheez ki talash mai lag jao tou hasil ho hi jati hai ‚ò∫üìù| #LifeisGood #hopeful,hi,Twitter for Android,709125092119343104,everyone,3619815920,709125092119343104,"{'retweet_count': 0, 'reply_count': 0, 'like_count': 0, 'quote_count': 0}",#hopeful,,,,
2016-03-12T17:10:54.000Z,Suna hai  mohabat main neend urh jati hi | Yr koi hum sy bhe kry mohabat  sali neend bhot ati hai #hopeful,hi,Twitter for Android,708701815735504897,everyone,2768781305,708701815735504897,"{'retweet_count': 0, 'reply_count': 0, 'like_count': 0, 'quote_count': 0}",#hopeful,,,,
2016-03-02T14:44:23.000Z,#PakvBan wese... mere Mutabiq pakistan ko phele batting raas aati hai. Inshallah aj jeet jaenge.| #feeling #Hopeful,hi,Twitter for Android,705041064982355969,everyone,1011833815,705041064982355969,"{'retweet_count': 0, 'reply_count': 0, 'like_count': 0, 'quote_count': 0}",#hopeful,,,,
2016-02-27T17:36:36.000Z,Haar Hmari Qamyaabi Ki traf Pehla Qadam Sabit Hogi | InshaALLAH| #PAKVsIndia | #AsiaCup| #Hopeful| #HamXa_CH,hi,Facebook,703634852713799681,everyone,2782047756,703634852713799681,"{'retweet_count': 0, 'reply_count': 0, 'like_count': 0, 'quote_count': 0}",#hopeful,,,,"{'copyright': False, 'country_codes': ['IN']}"
2016-02-27T15:19:37.000Z,#JNU  ‡§µ‡§æ‡§≤‡•Ä ‡§ï‡•Ä ‡§¨‡§¶‡•Å‡§Ü ‡§≤‡§ó ‡§∞‡§π‡•Ä ‡§π‡•à | ‡§ü‡•Ä‡§Æ ‡§á‡§Ç‡§°‡§ø‡§Ø‡§æ ‡§®‡•á ‡§™‡§æ‡§ï ‡§ï‡•ã ‡§ú‡§≤‡•ç‡§¶‡•Ä ‡§Ü‡§â‡§ü ‡§ï‡§∞ ‡§¶‡§ø‡§Ø‡§æ ‡§•‡§æ ‡§®‡§æ #IndvsPak #hopeful,hi,Twitter for Android,703600380396105728,everyone,4880444435,703600380396105728,"{'retweet_count': 0, 'reply_count': 0, 'like_count': 3, 'quote_count': 0}",#hopeful,,,,
2016-02-27T04:41:45.000Z,‡§ó‡•Å‡§ú‡§∞ ‡§∞‡§π‡•Ä ‡§π‡•à ‡§ú‡§º‡§ø‡§®‡•ç‡§¶‡§ó‡•Ä ‡§Ö‡§Ç‡§ß‡•á‡§∞‡•ã ‡§∏‡•á ‡§§‡•ã ‡§ó‡§º‡§Æ ‡§®‡§æ ‡§ï‡§∞ ‡§ï‡•ç‡§Ø‡•ã‡§ï‡§ø| ‡§ï‡•Å‡§õ ‡§¶‡•á‡§∞ ‡§¨‡§æ‡§¶ ‡§Ö‡§Å‡§ß‡•á‡§∞‡•á ‡§Æ‡•á‡§Ç ‡§≠‡•Ä ‡§∏‡§æ‡§´ ‡§®‡§ú‡§º‡§∞ ‡§Ü‡§®‡•á ‡§≤‡§ó‡§§‡§æ ‡§π‡•à!!!| #positive_attitude #hopeful,hi,Twitter Web Client,703439856836472832,everyone,118282412,703439856836472832,"{'retweet_count': 0, 'reply_count': 0, 'like_count': 0, 'quote_count': 0}",#hopeful,,,,
2016-02-26T04:47:25.000Z,Ane wala kal Humesha behtar hota hai üòâ| #hopeful,hi,Twitter for Android,703078895059226624,everyone,133391167,703078895059226624,"{'retweet_count': 0, 'reply_count': 0, 'like_count': 2, 'quote_count': 0}",#hopeful,,,,
2016-02-21T06:13:31.000Z,@someuser   @someuser @someuser @someuser   chalo ab mere frens n bataa diya tumhe  toh ? #hopeful ‚ò∫üíï http://someurl,hi,Twitter for Android,701288620338970624,everyone,70996927,697876445989883904,"{'retweet_count': 0, 'reply_count': 0, 'like_count': 1, 'quote_count': 0}",#hopeful,"[{'type': 'replied_to', 'id': '701286919813070848'}]",104905203,,
2016-02-19T14:37:19.000Z,"‡§µ‡§ú‡§π ‡§≠‡•Ä ‡§π‡§Æ ‡§π‡•à‡§Ç ‡§´‡§∏‡§æ‡§¶ ‡§≠‡•Ä ‡§π‡§Æ, ‡§ó‡§∞ ‡§ñ‡•Å‡§¶ ‡§™‡§∞ ‡§≠‡§∞‡•ã‡§∏‡§æ ‡§§‡•ã ‡§®‡§ø‡§ú‡§æ‡§§ ‡§≠‡•Ä ‡§π‡§Æ‡•§| #hopeful",hi,Twitter for Android,700690632495407106,everyone,488418582,700690632495407106,"{'retweet_count': 0, 'reply_count': 0, 'like_count': 0, 'quote_count': 0}",#hopeful,,,,
2016-02-01T10:37:07.000Z,Nyunm) w) ko!| #hopeful,hi,Twitter for iPhone,694107203620442112,everyone,282617990,694107203620442112,"{'retweet_count': 0, 'reply_count': 0, 'like_count': 0, 'quote_count': 0}",#hopeful,,,,
2016-01-01T09:13:22.000Z,zindagi ka sb se ghamgeen saall guzar gaya umeed hai age aesa na ho #Hopeful,hi,Twitter Web Client,682852100838191104,everyone,2472867486,682852100838191104,"{'retweet_count': 0, 'reply_count': 0, 'like_count': 0, 'quote_count': 0}",#hopeful,,,,
2015-12-29T17:04:40.000Z,Pollution ‡§ï‡§æ ‡§§‡•ã ‡§™‡§§‡§æ ‡§®‡§π‡•Ä‡§Ç ‡§≤‡•á‡§ï‡§ø‡§® ‡•ß‡•´ ‡§¶‡§ø‡§® ‡§ü‡•ç‡§∞‡•à‡§´‡§º‡§ø‡§ï ‡§ï‡§Ç‡§ü‡•ç‡§∞‡•ã‡§≤ ‡§Æ‡•á‡§Ç ‡§∞‡§π‡•á‡§ó‡§æ #hopeful #OddEvenFormula @someuser @someuser,hi,Twitter for iPhone,681883545904652288,everyone,70612368,681883545904652288,"{'retweet_count': 0, 'reply_count': 0, 'like_count': 0, 'quote_count': 0}",#hopeful,,,,
2015-12-20T01:33:55.000Z,"Dil naumeed to nahi, nakaam hi to hay,| Lambi hay gham ki sham, magar sham hi to hay, #hopeful",hi,Twitter Web Client,678387823683223552,everyone,3304383164,678387823683223552,"{'retweet_count': 0, 'reply_count': 0, 'like_count': 0, 'quote_count': 0}",#hopeful,,,,
2015-12-18T10:35:58.000Z,"‡§Ö‡§™‡§®‡•á ‡§ó‡§Æ‡•ã ‡§ï‡§æ ‡§Ü‡§≤‡§Æ ‡§ï‡•ç‡§Ø‡§æ ‡§¨‡§§‡§æ‡§ä ‡§ê ‡§ó‡§º‡§æ‡§≤‡§ø‡§¨, @someuser ‡§ï‡§æ ‡§Æ‡•ã‡§¨‡§æ‡§á‡§≤ use ‡§ï‡§∞ ‡§∞‡§π‡§æ ‡§π‡•Ç‡§Å ‡§µ‡•ã‡§π ‡§≠‡•Ä @someuser ‡§ï‡•á ‡§ï‡§®‡•á‡§ï‡•ç‡§∂‡§® ‡§ï‡•á ‡§∏‡§æ‡§• #sad #angry #hopeful",hi,Twitter for Android,677799459116322816,everyone,474054473,677799459116322816,"{'retweet_count': 0, 'reply_count': 0, 'like_count': 0, 'quote_count': 0}",#hopeful,,,,
2015-12-13T07:09:08.000Z,Bahut din se kuch outrage nahi hua . #hopeful http://someurl,hi,Twitter for Android,675935468047863808,everyone,72543988,675935468047863808,"{'retweet_count': 0, 'reply_count': 0, 'like_count': 0, 'quote_count': 0}",#hopeful,,,,
2015-12-03T16:44:55.000Z,Abhi Umeed Baqi hai..!! | | #Hopeful,hi,Facebook,672456490331033601,everyone,444390273,672456490331033601,"{'retweet_count': 0, 'reply_count': 0, 'like_count': 0, 'quote_count': 0}",#hopeful,,,,
2015-11-21T13:05:28.000Z,"üå∑‡§¨‡§æ‡§ß‡§æ‡§Ø‡•á ‡§ï‡§¨ ‡§¨‡§æ‡§Ç‡§ß ‡§∏‡§ï‡•Ä ‡§π‡•à|  ‡§Ü‡§ó‡•á ‡§¨‡§¢‡§º‡§®‡•á ‡§µ‡§æ‡§≤‡•ã ‡§ï‡•ã| ‡§µ‡§ø‡§™‡§¶‡§æ‡§Ø‡•á‡§Ç ‡§ï‡§¨ ‡§Æ‡§æ‡§∞ ‡§∏‡§ï‡•Ä ‡§π‡•à, ‡§Æ‡§∞ ‡§ï‡§∞ ‡§ú‡•Ä‡§®‡•á ‡§µ‡§æ‡§≤‡•ã ‡§ï‡•ã...07üö©#hopeful",hi,Twitter for Android,668052610612461568,everyone,3065347550,668052610612461568,"{'retweet_count': 0, 'reply_count': 0, 'like_count': 1, 'quote_count': 0}",#hopeful,,,,
2015-11-15T07:11:02.000Z,#Shri #Dhuk #Nivaran #Sahib #Gurudara #Blessed #HOPEFUL waheguru ji ka khasla waheguru ji ki fateh!!!! üôèüèªüôèüèªüôèüèªüôèüèªüòä,hi,Twitter for Android,665789085810716672,everyone,1830636709,665789085810716672,"{'retweet_count': 0, 'reply_count': 0, 'like_count': 2, 'quote_count': 0}",#hopeful,,,,
2015-10-27T17:43:06.000Z,"Zindagi kis taraf ja rahi ha, kis trhan ja rahi, samjh a hi nahi rahi.| #confused| #hopeful",hi,Twitter for Android,659062779513540608,everyone,272792773,659062779513540608,"{'retweet_count': 0, 'reply_count': 0, 'like_count': 0, 'quote_count': 0}",#hopeful,,,,
2015-10-25T16:38:42.000Z,#closeddoors #waiting #hopeful #anticipationkills @ Vidyaranyapura http://someurl,hi,Instagram,658321796811354113,everyone,40292030,658321796811354113,"{'retweet_count': 0, 'reply_count': 0, 'like_count': 0, 'quote_count': 0}",#hopeful,,,"{'place_id': '1b8680cd52a711cb', 'coordinates': {'type': 'Point', 'coordinates': [77.558, 13.076]}}",
2015-10-24T14:53:03.000Z,Mahatma gandhi.. üçÇ‚òî‚òïüìö #mahatmagandhi #autumn #rain #rainyday #saturday #hope #hopefully #hopeful #sadness #abeautif... http://someurl,hi,IFTTT,657932825170223104,everyone,3756356772,657932825170223104,"{'retweet_count': 0, 'reply_count': 0, 'like_count': 0, 'quote_count': 0}",#hopeful,,,,
2015-09-23T18:07:39.000Z,@someuser Mashup? Mashup? Mashup? #hopeful #YayHamlet,hi,Twitter for Android,646747770834001920,everyone,104005991,646742459557523456,"{'retweet_count': 0, 'reply_count': 0, 'like_count': 0, 'quote_count': 0}",#hopeful,"[{'type': 'replied_to', 'id': '646742459557523456'}]",79923701,,
2015-09-07T17:47:57.000Z,Lokaiüîòüåç #livelokai #MtEverest #BlackSea #hopeful #humble #lokaibracelet http://someurl,hi,Instagram,640944610597072900,everyone,936588931,640944610597072900,"{'retweet_count': 0, 'reply_count': 0, 'like_count': 0, 'quote_count': 0}",#hopeful,,,,
2015-09-02T17:50:58.000Z,khe dhu ye sach ha #hopeful http://someurl,hi,Instagram,639133430274498561,everyone,1683843750,639133430274498561,"{'retweet_count': 0, 'reply_count': 0, 'like_count': 0, 'quote_count': 0}",#hopeful,,,,
2015-08-30T10:21:59.000Z,@someuser  aik to @someuser bhai online ni a rahy...jinho ny mery liye dhair sari duaen ki.. üòä or ALLAH duaen rad ni krta...!! üòá#Hopeful,hi,Twitter Web Client,637933272912297988,everyone,3283138410,637933272912297988,"{'retweet_count': 2, 'reply_count': 1, 'like_count': 2, 'quote_count': 0}",#hopeful,,2325649064,,
2015-08-17T15:24:31.000Z,#WoDinBhiAyega jab paise se zyda insaniyat ko tarjeeh de jye ge üòå| #Hopeful,hi,Twitter for Android,633298368182091777,everyone,1089356995,633298368182091777,"{'retweet_count': 5, 'reply_count': 0, 'like_count': 3, 'quote_count': 0}",#hopeful,,,,
2015-08-15T23:33:24.000Z,#LiveWild #WildLokai #Lokai #LiveLokai #Balance #Humble #Hopeful ‚ö™Ô∏è‚ö´Ô∏è @ wild lokai http://someurl,hi,Instagram,632696624557465601,everyone,2272234850,632696624557465601,"{'retweet_count': 0, 'reply_count': 0, 'like_count': 1, 'quote_count': 0}",#hopeful,,,"{'place_id': '50e41eaa2c0a071f', 'coordinates': {'type': 'Point', 'coordinates': [-80.5737, 41.0721555]}}",
2015-08-14T14:33:01.000Z,#Pakistan #IndepenceDay #Hopeful #Strings #Pakistani #Children | | ‡•®‡•¶‡•ß‡•ß ‡§∏‡§æ‡§≤‡•Ä ‡§∏‡•ç‡§ü‡•ç‡§∞‡§ø‡§Ç‡§ó‡•ç‡§ú‡§ö‡§Ç ‡§Æ‡•à‡§Ç ‡§≠‡•Ä ‡§¶‡•á‡§ñ‡•Ç‡§Å‡§ó‡§æ ‡§∞‡§ø‡§≤‡•Ä‡§ú... http://someurl,hi,Facebook,632198242067869698,everyone,344606563,632198242067869698,"{'retweet_count': 0, 'reply_count': 0, 'like_count': 0, 'quote_count': 0}",#hopeful,,,,
2015-08-13T17:45:32.000Z,"Bhai kabhi agar Kolkata ana pls inform karna, mile tho nahi paunga phir bhi hotel ke bahar dekhne jaunga #Hopeful @someuser",hi,Twitter for Windows Phone,631884302356119553,everyone,635045257,631884302356119553,"{'retweet_count': 0, 'reply_count': 0, 'like_count': 0, 'quote_count': 0}",#hopeful,,,,
2015-08-13T17:31:14.000Z,"@someuser @someuser yes mile bhi sakte hoo, Mumbai jakar mile awo. Mujhe tho uska Kolkata ane ka intezar karna parega,#Hopeful",hi,Twitter for Windows Phone,631880703345430529,everyone,635045257,631879723849682944,"{'retweet_count': 1, 'reply_count': 1, 'like_count': 1, 'quote_count': 0}",#hopeful,"[{'type': 'replied_to', 'id': '631879723849682944'}]",3370285252,,
2015-07-23T16:39:23.000Z,@someuser @someuser Hum honge kaamyaab! Hum honge kaanyaab ek din.... ohooo...blah blah blah! #Hopeful,hi,Mobile Web (M2),624257509482700801,everyone,2537074113,623862419815698432,"{'retweet_count': 0, 'reply_count': 0, 'like_count': 1, 'quote_count': 0}",#hopeful,"[{'type': 'replied_to', 'id': '624247973073948672'}]",113325318,,
2015-07-13T14:45:28.000Z,Live Lokai. #lokai #love #balance #stay #humble #hopeful #positive #grateful #highest #lowest #point... http://someurl,hi,Instagram,620604963429949440,everyone,135075909,620604963429949440,"{'retweet_count': 0, 'reply_count': 0, 'like_count': 1, 'quote_count': 0}",#hopeful,,,,
2015-07-10T15:12:48.000Z,#sad #selfie #missing #love #lonely #broken #hopeful #scaredüòïüò¢üò± @ mohammadabad http://someurl,hi,Instagram,619524679104077825,everyone,1333028029,619524679104077825,"{'retweet_count': 0, 'reply_count': 0, 'like_count': 0, 'quote_count': 0}",#hopeful,,,"{'place_id': '5cc2d2572ae4d7de', 'coordinates': {'type': 'Point', 'coordinates': [79.4361335, 27.3078738]}}",
2015-07-06T11:41:09.000Z,‡§§‡•á‡§∞‡§æ ‡§∏‡§æ‡§• ‡§π‡•ã ‡§§‡•ã ‡§Æ‡•Å‡§ù‡•á ‡§ï‡•ç‡§Ø‡§æ ‡§ï‡§Æ‡§ø ‡§π‡•á | #hopeful,hi,Twitter Web Client,618021865143939073,everyone,1545876187,618021865143939073,"{'retweet_count': 0, 'reply_count': 0, 'like_count': 1, 'quote_count': 0}",#hopeful,,,,
2015-07-05T05:54:11.000Z,#missing #Sonu bhaiya...#love #hopeful #broken #lonely #sad #waiting #comebacküëåüí™üòç @ muhammadabad http://someurl,hi,Instagram,617572161868406784,everyone,1333028029,617572161868406784,"{'retweet_count': 0, 'reply_count': 0, 'like_count': 0, 'quote_count': 0}",#hopeful,,,"{'place_id': '5cc2d2572ae4d7de', 'coordinates': {'type': 'Point', 'coordinates': [79.43863961, 27.30881422]}}",
2015-07-05T04:09:25.000Z,"#‡§á‡§∞‡§æ‡§¶‡•á ‡§Ö‡§™‡§®‡•á ‡§ú‡§ø‡§∏ ‡§¶‡§ø‡§® ‡§∏‡•á ‡§â‡§°‡§º‡§æ‡§® ‡§™‡§∞ ‡§π‡•à‡§Ç| ‡§π‡§ú‡§æ‡§∞‡•ã‡§Ç ‡§§‡•Ä‡§∞ ‡§¶‡•á‡§ñ‡§ø‡§Ø‡•á ,#‡§ï‡§Æ‡§æ‡§® ‡§™‡§∞ ‡§π‡•à‡§Ç!| #hopeful üòâüòçüí™üëΩüëå",hi,Twitter for Android,617545795206656000,everyone,1333028029,617545795206656000,"{'retweet_count': 0, 'reply_count': 0, 'like_count': 0, 'quote_count': 0}",#hopeful,,,,
2015-07-03T17:10:29.000Z,@someuser  ‡§¨‡§ß‡§æ‡§à ‡§π‡•ã ‡§™‡§æ‡§£‡•ç‡§°‡•á ‡§ú‡•Ä ‡§õ‡•ã‡§ü‡•á ‡§≠‡§æ‡§à ‡§ï‡•Ä ‡§§‡§∞‡§´ ‡§∏‡•á.‡§π‡§Æ ‡§§‡•ã IAS ‡§¨‡§®‡§ï‡•á ‡§∞‡•ã‡§ú ‡§Æ‡§ø‡§≤‡§æ ‡§ï‡§∞‡•á‡§Ç‡§ó‡•á‡§Ç PMO‡§Æ‡•á‡§Ç @someuser ‡§ú‡•Ä ‡§∏‡•á :) #hopeful #congratulations,hi,Twitter for Android,617017579203203072,everyone,596114414,617017579203203072,"{'retweet_count': 0, 'reply_count': 0, 'like_count': 1, 'quote_count': 0}",#hopeful,,484522355,,
2015-07-03T07:59:08.000Z,"‡§ê #‡§á‡§∂‡•ç‡•ò.. ‡§¶‡§ø‡§≤ ‡§ï‡•Ä ‡§¨‡§æ‡§§ ‡§ï‡§π‡•Ç‡§Å ‡§§‡•ã ‡§¨‡•Å‡§∞‡§æ ‡§§‡•ã ‡§®‡§π‡•Ä‡§Ç ‡§Æ‡§æ‡§®‡•ã‡§ó‡•á,| ‡§¨‡•ú‡•Ä #Rahat ‡§ï‡•á ‡§¶‡§ø‡§® ‡§•‡•á ‡§§‡•á‡§∞‡•Ä #‡§™‡§π‡§ö‡§æ‡§® ‡§∏‡•á ‡§™‡§π‡§≤‡•á.....| #hopeful #love #missing #waiting...",hi,Twitter for Android,616878830666448896,everyone,1333028029,616878830666448896,"{'retweet_count': 0, 'reply_count': 0, 'like_count': 0, 'quote_count': 0}",#hopeful,,,"{'place_id': '6cb8b3c551777b36', 'coordinates': {'type': 'Point', 'coordinates': [79.4389864, 27.3084106]}}",
2015-07-01T01:56:41.000Z,‡§¶‡•á‡§∞ ‡§≤‡§ó‡•Ä ‡§™‡§∞ ‡§Æ‡•à‡§Å‡§®‡•á ‡§Ö‡§¨ ‡§π‡•à ‡§ú‡•Ä‡§®‡§æ ‡§∏‡•Ä‡§ñ ‡§≤‡§ø‡§Ø‡§æ‡•§| #hopeful #missing #waiting #broken #sad #love #lonely...üòâüòíüí™üíòüíî,hi,Twitter for Android,616062839497756672,everyone,1333028029,616062839497756672,"{'retweet_count': 0, 'reply_count': 0, 'like_count': 0, 'quote_count': 0}",#hopeful,,,,
2015-06-23T09:05:13.000Z,‡§Ø‡§π‡§æ ‡§¢‡•Å‡§°‡•ã ‡§§‡•ã ‡§ñ‡•Å‡§¶‡§æ ‡§≠‡§ø ‡§Æ‡§ø‡§≤ ‡§ú‡§æ‡§§‡§æ ‡§π‡•á‡•§ #hopeful üòä,hi,Twitter for Windows Phone,613271579519115264,everyone,2808528195,613271579519115264,"{'retweet_count': 0, 'reply_count': 0, 'like_count': 0, 'quote_count': 0}",#hopeful,,,,
2015-06-09T14:58:56.000Z,"‡§§‡•Å‡§Æ ‡§™‡•Ç‡§õ‡•ã ‡§î‡§∞ ‡§π‡§Æ ‡§® ‡§¨‡§§‡§æ‡§Ø‡•á,‡§á‡§∏‡•Ä ‡§§‡•ã ‡§π‡§æ‡§≤‡§æ‡§§ ‡§®‡§π‡•Ä ‡§π‡•à| ‡§è‡§ï ‡•õ‡§∞‡§æ ‡§∏‡§æ ‡§¶‡§ø‡§≤ ‡§ü‡•Ç‡§ü, ‡§î‡§∞ ‡§§‡•ã ‡§ï‡•ã‡§à ‡§¨‡§æ‡§§ ‡§®‡§π‡•Ä ‡§π‡•à|-#Yash #hopeful #love #missing #brokenüòïüòµüò¶",hi,Twitter for Android,608287165064224768,everyone,1333028029,608287165064224768,"{'retweet_count': 0, 'reply_count': 0, 'like_count': 0, 'quote_count': 0}",#hopeful,,,,
2015-06-08T09:19:22.000Z,Agar  @someuser @someuser @someuser mera  #college #join kar sake toh kitna #amazing hoga! #hopeful #TappuSenaResults #TMKOC,hi,Twitter Web Client,607839321635196929,everyone,2814622316,607839321635196929,"{'retweet_count': 3, 'reply_count': 2, 'like_count': 10, 'quote_count': 0}",#hopeful,,,,
2015-06-08T06:15:50.000Z,‡§ï‡•Å‡§õ ‡§ï‡§ü‡•Ä ‡§π‡§ø‡§Æ‡•ç‡§Æ‡§§-‡§è-‡§∏‡§µ‡§æ‡§≤ ‡§Æ‡•á‡§Ç ‡§â‡§Æ‡•ç‡§∞| ‡§ï‡•Å‡§õ ‡§â‡§Æ‡•ç‡§Æ‡•Ä‡§¶-‡§ê-‡§ú‡§¨‡§æ‡§¨ ‡§Æ‡•á‡§Ç ‡§ó‡•Å‡§ú‡§∞‡•Ä‡•§ -#‡§Ø‡§∂| #Yash #love #missing #waiting #hopeful üò¢üòïüë•,hi,Twitter for Android,607793136677429248,everyone,1333028029,607793136677429248,"{'retweet_count': 0, 'reply_count': 0, 'like_count': 0, 'quote_count': 0}",#hopeful,,,,
2015-06-04T02:36:45.000Z,"‡§â‡§®‡•ç‡§π‡•á ‡§¶‡•á‡§ñ‡§®‡•á ‡§∏‡•á ‡§ú‡•ã ‡§Ü ‡§ú‡§æ‡§§‡•Ä ‡§π‡•à ‡§ö‡•á‡§π‡§∞‡•á ‡§™‡•á ‡§∞‡•å‡§®‡§ï,| ‡§µ‡•ã ‡§∏‡§Æ‡§ù‡§§‡•á ‡§π‡•à ‡§ï‡•Ä ‡§¨‡•Ä‡§Æ‡§æ‡§∞ ‡§ï‡§æ ‡§π‡§æ‡§≤ ‡§Ö‡§ö‡•ç‡§õ‡§æ ‡§π‡•à‡•§ #‡§Ø‡§∂ #Yash #hopeful #love #waiting #missing‚ò∫üòçüòò",hi,Twitter for Android,606288449600000000,everyone,1333028029,606288449600000000,"{'retweet_count': 0, 'reply_count': 0, 'like_count': 0, 'quote_count': 0}",#hopeful,,,,
2015-06-02T15:17:35.000Z,‡§ú‡§π‡§æ‡§Å ‡§∞‡§π‡•á‡§ó‡§æ ‡§µ‡§π‡•Ä‡§Å ‡§∞‡•ã‡§∂‡§®‡•Ä ‡§≤‡•Å‡§ü‡§æ‡§è‡§ó‡§æ| .| .| .| ‡§ï‡§ø‡§∏‡•Ä ‡§ö‡§ø‡§∞‡§æ‡§ó ‡§ï‡§æ ‡§Ö‡§™‡§®‡§æ ‡§Æ‡§ï‡§æ‡§Ç ‡§®‡§π‡•Ä‡§Ç ‡§π‡•ã‡§§‡§æ‡•§-#‡§Ø‡§∂| #hopeful,hi,Twitter for Android,605755144341319680,everyone,1333028029,605755144341319680,"{'retweet_count': 1, 'reply_count': 0, 'like_count': 2, 'quote_count': 0}",#hopeful,,,,
2015-06-02T15:14:21.000Z,‡§â‡§∏‡•Ç‡§≤‡•ã‡§Ç ‡§™‡§∞ ‡§ú‡•ã ‡§Ü‡§Ç‡§ö ‡§Ü‡§Ø‡•á ‡§ü‡§ï‡§∞‡§æ‡§®‡§æ ‡§ú‡§∞‡•Ç‡§∞‡•Ä ‡§π‡•à | ‡§ú‡•ã ‡§ú‡§ø‡§®‡•ç‡§¶‡§æ ‡§π‡•ã ‡§§‡•ã ‡§´‡§ø‡§∞ ‡§ú‡§ø‡§®‡•ç‡§¶‡§æ ‡§®‡§ú‡§∞ ‡§Ü‡§®‡§æ ‡§ú‡§∞‡•Å‡§∞‡•Ä ‡§π‡•à‡•§ #‡§Ø‡§∂| #YAsh #hopeful,hi,Twitter for Android,605754331715895297,everyone,1333028029,605754331715895297,"{'retweet_count': 0, 'reply_count': 0, 'like_count': 0, 'quote_count': 0}",#hopeful,,,,
2015-06-02T15:07:25.000Z,‡§§‡•Å‡§Æ ‡§®‡§æ ‡§≤‡§ó‡§æ ‡§™‡§æ‡§ì‡§ó‡•á ‡§Ö‡§Ç‡§¶‡§æ‡§ú‡§æ ‡§Æ‡•á‡§∞‡•Ä ‡§§‡§¨‡§æ‡§π‡•Ä ‡§ï‡§æ .. .| ‡§§‡•Å‡§Æ‡§®‡•á ‡§¶‡•á‡§ñ‡§æ ‡§π‡•Ä ‡§ï‡§π‡§æ‡§Å ‡§π‡•à‡§Ç ‡§Æ‡•Å‡§ù‡§ï‡•ã ‡§∂‡§æ‡§Æ ‡§π‡•ã‡§®‡•á ‡§ï‡•á ‡§¨‡§æ‡§¶| #love #WaitingForLove #hopeful...üòï,hi,Twitter for Android,605752587652993024,everyone,1333028029,605752587652993024,"{'retweet_count': 0, 'reply_count': 0, 'like_count': 0, 'quote_count': 0}",#hopeful,,,,
2015-05-06T19:23:26.000Z,Ya #Allah behtri or Asani wala rasta naseeb farma #AMEEN #Hopeful .. ;),hi,Twitter Web Client,596032541594755072,everyone,2729161765,596032541594755072,"{'retweet_count': 0, 'reply_count': 0, 'like_count': 0, 'quote_count': 0}",#hopeful,,,,
2015-05-06T08:45:40.000Z,"‡§ó‡§≤‡§§ ‡§π‡•Å‡§Ü ‡§•‡§æ ‡§Æ‡§ø‡§≤ ‡§ó‡§à ‡§∏‡§ú‡§æ,‡§¶‡•á‡§ñ‡§®‡•á ‡§µ‡§æ‡§≤‡•Ä ‡§¨‡§æ‡§§ ‡§Ø‡•á ‡§π‡•ã‡§ó‡•Ä‡§Ç | ‡§ú‡§¨ ‡§Ö‡§¨ ‡§∞‡§Ç‡§ó ‡§â‡§∏‡§ï‡§æ ‡§Ö‡§ö‡•ç‡§õ‡§æ ‡§ï‡§ø‡§Ø‡§æ ‡§≤‡§æ‡§Ø‡•á‡§ó‡§æ..  #Hopeful #Love @someuser",hi,Twitter for Android,595872043108675584,everyone,129783971,595872043108675584,"{'retweet_count': 0, 'reply_count': 0, 'like_count': 0, 'quote_count': 0}",#hopeful,,,,
2015-04-14T11:03:45.000Z,@someuser oh! Koi na. Shayad baad mai mil jaye!| #hopeful,hi,Mobile Web (M2),587934258288820225,everyone,2184597726,587927269810671616,"{'retweet_count': 0, 'reply_count': 0, 'like_count': 0, 'quote_count': 0}",#hopeful,"[{'type': 'replied_to', 'id': '587933379347087360'}]",2217680821,,
2015-04-11T00:32:38.000Z,Live lokai #Lokai #LiveLokai üíô‚ö™Ô∏è‚ö´Ô∏è #DeadSea #MtEverest #Humble #Hopeful http://someurl,hi,Instagram,586688268873371648,everyone,2272234850,586688268873371648,"{'retweet_count': 0, 'reply_count': 0, 'like_count': 0, 'quote_count': 0}",#hopeful,,,,
2015-04-03T20:56:52.000Z,Live Lokai #Humble #Hopeful,hi,Twitter for iPhone,584097254845198336,everyone,355507933,584097254845198336,"{'retweet_count': 0, 'reply_count': 0, 'like_count': 0, 'quote_count': 0}",#hopeful,,,"{'place_id': 'de599025180e2ee7', 'coordinates': {'type': 'Point', 'coordinates': [-84.50143154, 40.20475485]}}",
2015-03-29T14:22:57.000Z,@someuser ‡§á‡§∏ ‡§∏‡§æ‡§ó‡§∞ ‡§Æ‡§Ç‡§•‡§® ‡§∏‡•á ‡§π‡•Ä ‡§Ö‡§Æ‡•É‡§§ ‡§®‡§ø‡§ï‡§≤‡•á‡§ó‡§æ #WarInAap #Hopeful,hi,Mobile Web (M2),582186183687430144,everyone,434787007,582151213698793472,"{'retweet_count': 0, 'reply_count': 0, 'like_count': 0, 'quote_count': 0}",#hopeful,"[{'type': 'replied_to', 'id': '582151213698793472'}]",135092917,,
2015-03-13T16:53:45.000Z,Maloom ha k Mushkil ha buht| Magar| Yakeenan ye waqt b guzar e jaye ga | | -Feeling #Hopeful,hi,Twitter for Android,576425927250329600,everyone,2909303827,576425927250329600,"{'retweet_count': 0, 'reply_count': 0, 'like_count': 0, 'quote_count': 0}",#hopeful,,,,
2015-03-08T04:24:37.000Z,"‡§ú‡•ã ‡§π‡•ã‡§§‡§æ ‡§π‡•à ‡§π‡•ã‡§®‡•á ‡§¶‡•ã, ‡§Ø‡§π ‡§™‡•å‡§∞‡•Å‡§∑‡§π‡•Ä‡§® ‡§ï‡§•‡§® ‡§π‡•à‡•§| ‡§ú‡•ã ‡§π‡§Æ ‡§ö‡§æ‡§π‡•á‡§Ç‡§ó‡•á ‡§π‡•ã‡§ó‡§æ, ‡§á‡§® ‡§∂‡§¨‡•ç‡§¶‡•ã‡§Ç ‡§Æ‡•á‡§Ç ‡§ú‡•Ä‡§µ‡§® ‡§π‡•à‡•§‡•§üòâüí™‚úå| | Feeling #hopeful...",hi,Twitter for Android,574425462585171968,everyone,1333028029,574425462585171968,"{'retweet_count': 0, 'reply_count': 0, 'like_count': 0, 'quote_count': 0}",#hopeful,,,,
2015-03-07T08:03:56.000Z,‡§ú‡§ø‡§§‡•á‡§ó‡§æ ‡§§‡•ã ‡§Ö‡§´‡•ç‡§∞‡§ø‡§ï‡§æ ‡§π‡•Ä :) #Hopeful #PakVsSA !! #CWC15 @someuser go...,hi,Twitter for Android,574118267402330112,everyone,2826486811,574118267402330112,"{'retweet_count': 0, 'reply_count': 0, 'like_count': 0, 'quote_count': 0}",#hopeful,,,,
2015-03-07T03:56:51.000Z,‡§Ö‡§™‡§®‡•á ‡§π‡§æ‡§•‡•ã‡§Ç ‡§π‡§æ‡§∞‡§æ ‡§π‡•Ç‡§Å| ‡§µ‡§∞‡§®‡§æ ‡§ï‡§ø‡§∏‡§ï‡•á ‡§¨‡§∏ ‡§ï‡§æ ‡§π‡•Ç‡§Å| | ‡§ñ‡§º‡•Å‡§¶ ‡§ï‡•ã ‡§π‡•Ä ‡§ñ‡•ã ‡§¨‡•à‡§†‡§æ ‡§π‡•Ç‡§Å| ‡§Æ‡•à‡§Ç ‡§Ö‡§¨ ‡§ï‡•ç‡§Ø‡§æ ‡§ñ‡•ã ‡§∏‡§ï‡§§‡§æ ‡§π‡•Ç‡§Å| ‡§Ü‡§Æ‡§æ‡§¶‡§æ ‡§π‡•Ç‡§Å ‡§ú‡•Ä‡§®‡•á ‡§™‡§∞| ‡§î‡§∞ ‡§Ö‡§≠‡•Ä ‡§§‡§ï ‡§ú‡§º‡§ø‡§Ç‡§¶‡§æ ‡§π‡•Ç‡§Å..!| #hopeful,hi,Twitter Web Client,574056086874910720,everyone,972120283,574053938401411072,"{'retweet_count': 2, 'reply_count': 0, 'like_count': 4, 'quote_count': 0}",#hopeful,"[{'type': 'replied_to', 'id': '574053938401411072'}]",972120283,,
2015-03-05T05:57:37.000Z,Socheko jasto kei ta bhaidye Hunthyo #hopeful,hi,Twitter for Android,573361705746501633,everyone,333998858,573361705746501633,"{'retweet_count': 0, 'reply_count': 0, 'like_count': 1, 'quote_count': 0}",#hopeful,,,,
2015-03-03T13:23:24.000Z,‡§¨‡•Å‡§∞‡•á ‡§µ‡§ï‡•ç‡§§ ‡§ï‡§æ ‡§∏‡§¨‡§∏‡•á ‡§Ö‡§ö‡•ç‡§õ‡§æ ‡§¨‡§æ‡§§ ‡§Ø‡•á ‡§π‡•ã‡§§‡§æ ‡§π‡•à ‡§ï‡•Ä ‡§Ø‡•á ‡§ó‡•Å‡§ú‡§∞ ‡§∞‡§π‡§æ ‡§π‡•ã‡§§‡§æ ‡§π‡•à ..!!| #hopeful #UnitedAAP | @someuser @someuser,hi,Twitter for Android,572749112593932288,everyone,2826486811,572749112593932288,"{'retweet_count': 3, 'reply_count': 0, 'like_count': 3, 'quote_count': 0}",#hopeful,,,,
2015-03-01T15:28:15.000Z,Aj achanak he| Phir se #GameUthaDain acha lagny lag gaya... | #Hopeful ‚úå| #CWC15 #pakistanjeetega I.A üòä,hi,Twitter for Android,572055758755385344,everyone,2932698241,572055758755385344,"{'retweet_count': 0, 'reply_count': 0, 'like_count': 0, 'quote_count': 0}",#hopeful,,,,
2015-02-04T16:48:38.000Z,Mahabbathin...üòò| #hopeful,hi,Twitter for Android,563016288776495104,everyone,2187677827,563016288776495104,"{'retweet_count': 0, 'reply_count': 0, 'like_count': 0, 'quote_count': 0}",#hopeful,,,,
2015-01-27T16:32:52.000Z,9 months of Modi govt...Vikas ab kabhi bhi aa sakta hai! ;)| | #Hopeful,hi,Twitter Web Client,560113218127794176,everyone,98898972,560113218127794176,"{'retweet_count': 2, 'reply_count': 0, 'like_count': 2, 'quote_count': 0}",#hopeful,,,,
2015-01-13T10:47:08.000Z,‡§™‡§ï‡•ç‡§ï‡§æ ‡§è‡§ï ‡§î‡§∞ ‡§≠‡§æ‡§ú‡§™‡§æ‡§à ‡§Ü‡§è‡§ó‡§æ ‡§î‡§∞ ‡§ï‡§π‡•á‡§ó‡§æ  ‡§π‡§ø‡§®‡•ç‡§¶‡•Å‡§ì ‡§ï‡•ã 6 ‡§¨‡§ö‡•ç‡§ö‡•á ‡§™‡•à‡§¶‡§æ ‡§ï‡§∞‡§®‡•á ‡§ö‡§æ‡§π‡§ø‡§è .#hopeful,hi,Twitter Web Client,554952781241405440,everyone,338118668,554952781241405440,"{'retweet_count': 0, 'reply_count': 0, 'like_count': 0, 'quote_count': 0}",#hopeful,,,,
2015-01-07T10:53:23.000Z,Kehte Hai Humko Pyaar Se ... INDIA WAALE  #songoftheyear2014 #hopeful,hi,Twitter for Android,552780029005139968,everyone,24809044,552780029005139968,"{'retweet_count': 1, 'reply_count': 0, 'like_count': 0, 'quote_count': 0}",#hopeful,,,,
2015-01-06T20:23:16.000Z,Imran ko Reham Mil Gai| Tum Bhi Kisi Sham Mil Jao :)| #Hopeful,hi,Twitter for Android,552561055495225344,everyone,2762995781,552561055495225344,"{'retweet_count': 0, 'reply_count': 0, 'like_count': 1, 'quote_count': 0}",#hopeful,,,,
2015-01-05T19:31:53.000Z,Mujhy meray sabar ka meetha phal zaroor millay ga. InshaAllah feeling #Hopeful,hi,Twitter for Android,552185735999012864,everyone,146034805,552185735999012864,"{'retweet_count': 0, 'reply_count': 0, 'like_count': 1, 'quote_count': 0}",#hopeful,,,,
2015-01-01T20:03:50.000Z,Pewasta reh shajar se....Umeed-e-Bahar rakh... #Hopeful,hi,Twitter for Android,550744227530162176,everyone,1519383626,550744227530162176,"{'retweet_count': 0, 'reply_count': 0, 'like_count': 0, 'quote_count': 0}",#hopeful,,,,
2015-01-01T10:47:26.000Z,Oyee #2015 apni kismat peeche Khade bandey Ki tarah hit kara de Varnaa..üî´!! #Hopeful #Positive #BenedictCumberbatch http://someurl,hi,Twitter for iPhone,550604203421229056,everyone,117732057,550604203421229056,"{'retweet_count': 1, 'reply_count': 1, 'like_count': 2, 'quote_count': 0}",#hopeful,,,,
2014-12-19T19:42:58.000Z,@someuser Nahi.. Shyd iss dafa kuch change ho ra hai.. #Hopeful,hi,Twitter Web Client,546027933786071040,everyone,422071378,546003079342989312,"{'retweet_count': 0, 'reply_count': 0, 'like_count': 1, 'quote_count': 0}",#hopeful,"[{'type': 'replied_to', 'id': '546003079342989312'}]",298959564,,
2014-11-27T08:28:26.000Z,Raat dhalni tou hai..aanay ujaalay tou hain| Waiting for the much anticipated #dawn| #Hopeful #DreamBig,hi,Twitter Web Client,537885647928045568,everyone,152661602,537885647928045568,"{'retweet_count': 0, 'reply_count': 0, 'like_count': 0, 'quote_count': 0}",#hopeful,,,,
2014-11-06T15:11:21.000Z,Mei Jab Bhi Leekhu Tujhe Leekhu| | Bas Shabdo Ka Mohtaaz Hu Mei| | #hopeful#shayar#love,hi,Twitter for Android,530376898421870592,everyone,103591141,530376898421870592,"{'retweet_count': 0, 'reply_count': 0, 'like_count': 0, 'quote_count': 0}",#hopeful,,,,
2014-11-04T21:36:26.000Z,Beyshak mushkil kay sath asaani hai. #QuranQuotes #Hopeful http://someurl,hi,Twitter for iPhone,529749035192942592,everyone,322597103,529749035192942592,"{'retweet_count': 2, 'reply_count': 0, 'like_count': 1, 'quote_count': 0}",#hopeful,,,,
2014-11-04T16:53:26.000Z,Kehte hain| Khuda ne iss jahaan mein| Sabhi ke liye kisi na kisi ko hai banaaya| har kisi ke liye #hopeful :D,hi,Twitter Web Client,529677815734476800,everyone,537423069,529677815734476800,"{'retweet_count': 0, 'reply_count': 0, 'like_count': 0, 'quote_count': 0}",#hopeful,,,,
2014-10-29T17:40:53.000Z, ‡§∏‡§∞‡§≤ ‡§π‡•ã‡§®‡§æ ‡§è‡§ï ‡§∏‡§æ‡§ß‡§®‡§æ ‡§π‡•à | | #hopeful #positive,hi,Twitter for BlackBerry,527515427639808000,everyone,812612881,527515427639808000,"{'retweet_count': 0, 'reply_count': 0, 'like_count': 1, 'quote_count': 0}",#hopeful,,,,
2014-10-23T12:58:40.000Z,kal barish hoi hai #hopeful,hi,Twitter for Android,525270078078480386,everyone,115645273,525270078078480386,"{'retweet_count': 0, 'reply_count': 0, 'like_count': 0, 'quote_count': 0}",#hopeful,,,,
2014-10-23T10:08:09.000Z,@someuser Ab ja ke jaan mein jaan aayi!!!! #hopeful üòÖ,hi,Twitter for Windows Phone,525227166280474624,everyone,726744680,525184788546609152,"{'retweet_count': 0, 'reply_count': 0, 'like_count': 1, 'quote_count': 0}",#hopeful,"[{'type': 'replied_to', 'id': '525226794958331905'}]",2834696018,,
2014-10-18T18:29:13.000Z,@someuser @someuser @someuser tumhare mooh me poori Mithai ki dukaan Shilpa!!! #hopeful,hi,Twitter for iPad,523541323261804544,everyone,2462619006,523538712777740288,"{'retweet_count': 1, 'reply_count': 3, 'like_count': 1, 'quote_count': 0}",#hopeful,"[{'type': 'replied_to', 'id': '523538712777740288'}]",514757525,,
2014-10-17T10:24:39.000Z,"Din Tho Sabke Aate Hain,| Hamara Tho Zamana Aayega.| #hopeful #thoughtful #wish",hi,Twitter for Android,523056992064008192,everyone,118833746,523056992064008192,"{'retweet_count': 0, 'reply_count': 0, 'like_count': 0, 'quote_count': 0}",#hopeful,,,"{'place_id': 'e3e9c55876b99760', 'coordinates': {'type': 'Point', 'coordinates': [50.5675969, 26.1228119]}}",
2014-10-10T18:21:42.000Z,Kya dil ko samjaho k umeed na kar.. ya dimag ko k dil ki sun.. akhir umeed pe hi duniya kayam hai.. AUR TUM PHELI TU NAHI.. #Hope #Hopeful,hi,Twitter SMS,520640329276731392,everyone,81411989,520640329276731392,"{'retweet_count': 0, 'reply_count': 0, 'like_count': 0, 'quote_count': 0}",#hopeful,,,,
2014-10-10T18:14:16.000Z,Kisi ko kuch pata nahi k agay kia hai aur kya hoga? laykin ye eik umeed bohot taklif de rahi hai jo dil ko hai.. #Hope #Hopeless #Hopeful,hi,Twitter SMS,520638460374552577,everyone,81411989,520638460374552577,"{'retweet_count': 0, 'reply_count': 0, 'like_count': 0, 'quote_count': 0}",#hopeful,,,,
2014-09-26T02:53:43.000Z,"Bharat mein banao , vishwa mein chha jao. http://someurl #MakeInIndia #hopeful",hi,Twitter Web Client,515333365663162368,everyone,121496675,515333365663162368,"{'retweet_count': 0, 'reply_count': 0, 'like_count': 0, 'quote_count': 0}",#hopeful,,,,
2014-09-22T14:25:18.000Z,Ek din... apni bhi hogi ek love story...#hopeful,hi,Twitter for Android,514057854945198082,everyone,60878786,514057854945198082,"{'retweet_count': 0, 'reply_count': 0, 'like_count': 0, 'quote_count': 0}",#hopeful,,,"{'place_id': '7929cea6bd5b32bd', 'coordinates': {'type': 'Point', 'coordinates': [72.9132394, 19.1229062]}}",
2014-09-09T11:02:28.000Z,"sawaal ban Gaya Hun sawaal puch kar, kyun tanha Hun bheed mein bhi reh kar #hopeful",hi,Twitter for iPhone,509295768675819520,everyone,236910373,509295768675819520,"{'retweet_count': 0, 'reply_count': 0, 'like_count': 0, 'quote_count': 0}",#hopeful,,,,
2014-09-02T15:03:51.000Z,Yeh #Fanaah k link ka bada hi pangaa ha... @someuser @someuser @someuser Koi toh aage aao... Bchche ki madad karo... Dua milegi..#Hopeful,hi,Twitter Web Client,506819800778035200,everyone,2425786212,506819800778035200,"{'retweet_count': 0, 'reply_count': 1, 'like_count': 0, 'quote_count': 0}",#hopeful,,,,
2014-09-02T07:26:01.000Z,Jab rang barangay Jhanday aik Parcham main ghul jayeingay aur idher udher jatay rastay aik mor per mil jayeingay #Strings #hopeful #Pakistan,hi,Twitter Web Client,506704583368785920,everyone,43285192,506704583368785920,"{'retweet_count': 0, 'reply_count': 0, 'like_count': 1, 'quote_count': 0}",#hopeful,,,,
2014-08-26T12:52:37.000Z,Hona yehi hai k #PML reh jaye gi aur N nikal jaye ga!!! #daydreams #hopeful #PTI #PTIAzadiMarch,hi,Twitter for Android Tablets,504250060452802561,everyone,14432317,504250060452802561,"{'retweet_count': 0, 'reply_count': 0, 'like_count': 0, 'quote_count': 0}",#hopeful,,,,
2014-08-22T14:15:48.000Z,#zindagi main abhi imtehan or bhi baki hai...#hopeful,hi,Twitter for Android,502821441926987776,everyone,120790828,502821441926987776,"{'retweet_count': 0, 'reply_count': 0, 'like_count': 0, 'quote_count': 0}",#hopeful,,,,
2014-08-20T15:08:03.000Z,@someuser Sub taj uchaly jaen gay| Sub takht girae jaen gay..| #hopeful #AzadiMarchPTI  #mightwork,hi,Twitter for Android,502109817062703105,everyone,2582814018,502109251406266368,"{'retweet_count': 0, 'reply_count': 0, 'like_count': 0, 'quote_count': 0}",#hopeful,"[{'type': 'replied_to', 'id': '502109251406266368'}]",32849980,,
2014-08-19T14:13:51.000Z,Kabhi na kabhi to milogy kahin pe hum ko yakeen h :)  #Hopeful,hi,Twitter Web Client,501733787781562368,everyone,2325257778,501733787781562368,"{'retweet_count': 0, 'reply_count': 0, 'like_count': 1, 'quote_count': 0}",#hopeful,,,{'place_id': '4797714c95971ac1'},
2014-07-28T13:11:10.000Z,@someuser @someuser Pakistan ki jaan he ye yahoodi agent.| Ek baar power main aya to dekhna yahoodion ka kya haal krta he...| #Hopeful,hi,Twitter for Android,493745481491959808,everyone,2537047958,493735743194660864,"{'retweet_count': 0, 'reply_count': 0, 'like_count': 0, 'quote_count': 0}",#hopeful,"[{'type': 'replied_to', 'id': '493735743194660864'}]",2168473495,,
2014-07-19T21:06:39.000Z,"Na Kuch Tha Tau Khuda Tha, Kuch Na Hota Tau Khuda Hotaa #hopeful",hi,Twitter Web Client,490603646967484416,everyone,2651645570,490603646967484416,"{'retweet_count': 0, 'reply_count': 0, 'like_count': 0, 'quote_count': 0}",#hopeful,,,,
2014-07-11T13:58:11.000Z,#salamatpoAma #blessed #hopeful üòÑüòÑüòÑ @ Holy Rosary Parish Boracay http://someurl,hi,Instagram,487596720490946561,everyone,31678574,487596720490946561,"{'retweet_count': 0, 'reply_count': 0, 'like_count': 0, 'quote_count': 0}",#hopeful,,,,
2014-06-18T16:38:22.000Z,@someuser kash mujhe bhi milta #Hopeful,hi,Twitter for Android,479302109108527104,everyone,2325307692,478145888469012481,"{'retweet_count': 0, 'reply_count': 1, 'like_count': 0, 'quote_count': 0}",#hopeful,"[{'type': 'replied_to', 'id': '479293784992518145'}]",1607769787,,
2014-06-16T21:06:00.000Z,Ghana.....#hopeful,hi,Mobile Web (M2),478644687100997632,everyone,1041093348,478644687100997632,"{'retweet_count': 0, 'reply_count': 0, 'like_count': 0, 'quote_count': 0}",#hopeful,,,,
2014-06-10T19:21:57.000Z,India khelega. Ek din zaroor khelega #hopeful #worldcup,hi,Twitter for Android,476444173701099520,everyone,224290830,476444173701099520,"{'retweet_count': 1, 'reply_count': 0, 'like_count': 0, 'quote_count': 0}",#hopeful,,,,
2014-06-10T01:35:23.000Z,#beautiful #flowers #nature #lovely #hopeful (pic from Bhayander Khadi) #jessalpark #Mumbai üòäüëåüëçüåÖüåÑ http://someurl,hi,Instagram,476175763989745665,everyone,426709527,476175763989745665,"{'retweet_count': 0, 'reply_count': 0, 'like_count': 0, 'quote_count': 0}",#hopeful,,,,
2014-06-08T19:55:21.000Z,‡§Ö‡§™‡§®‡•á ‡§Ü‡§™ ‡§ï‡•á ‡§≤‡§ø‡§è ‡§Æ‡•à‡§Ç ‡§è‡§ï ‡§Ü‡§∂‡§æ‡§µ‡§æ‡§¶‡•Ä ‡§π‡•Ç‡§Å- ‡§á‡§∏‡§ï‡•á ‡§Ö‡§≤‡§æ‡§µ‡§æ ‡§ï‡•Å‡§õ ‡§î‡§∞ ‡§π‡•ã‡§®‡§æ ‡§ñ‡§º‡§æ‡§∏ ‡§Æ‡§æ‡§Ø‡§®‡•á ‡§®‡§π‡•Ä‡§Ç ‡§∞‡§ñ‡§§‡§æ. ...! #Hopeful,hi,Mobile Web (M2),475727802956668928,everyone,20588336,475727802956668928,"{'retweet_count': 0, 'reply_count': 0, 'like_count': 0, 'quote_count': 0}",#hopeful,,,,
2014-05-30T03:17:45.000Z,‡§™‡•Ä‡§è‡§Æ ‡§ï‡•á ‡§Æ‡•Å‡§Ü‡§Ø‡§®‡•á ‡§™‡§∞ ‡§ö‡•å‡§Ç‡§ï‡§æ ‡§∏‡§æ‡§â‡§• ‡§¨‡•ç‡§≤‡•â‡§ï|  http://someurl| Source:Dainik Jagran #Hopeful #GoldenBirdIndia #YuvaUdghosh,hi,Twitter for Android,472215258157694976,everyone,73895002,472215258157694976,"{'retweet_count': 0, 'reply_count': 0, 'like_count': 0, 'quote_count': 0}",#hopeful,,,"{'place_id': '4d51b7ea67b6f64b', 'coordinates': {'type': 'Point', 'coordinates': [77.379515, 28.6673567]}}",
2014-05-27T07:42:47.000Z,‡§Æ‡•ã‡§¶‡•Ä ‡§Æ‡§Ç‡§§‡•ç‡§∞‡§ø‡§Æ‡§Ç‡§°‡§≤ ‡§Æ‡•á‡§Ç 23 ‡§ï‡•à‡§¨‡§ø‡§®‡•á‡§ü ‡§Æ‡§Ç‡§§‡•ç‡§∞‡•Ä ‡§î‡§∞ 22 ‡§∞‡§æ‡§ú‡•ç‡§Ø‡§Æ‡§Ç‡§§‡•ç‡§∞‡•Ä ‡§∂‡§æ‡§Æ‡§ø‡§≤ ‡§π‡•à‡§Ç. ‡§á‡§®‡§Æ‡•á‡§Ç ‡§∏‡§æ‡§§ ‡§Æ‡§π‡§ø‡§≤‡§æ‡§è‡§Ç ‡§π‡•à‡§Ç. #hopeful #ModiCabinet,hi,Twitter Web Client,471194790134956033,everyone,61471722,471194790134956033,"{'retweet_count': 0, 'reply_count': 0, 'like_count': 0, 'quote_count': 0}",#hopeful,,,,
2014-05-26T19:10:37.000Z,@someuser Salam #lala ek rep humare liye b kr den ... chote se dil ko bht khushi hogy :) #Hopeful,hi,Twitter Web Client,471005502487293953,everyone,2325257778,471005502487293953,"{'retweet_count': 0, 'reply_count': 0, 'like_count': 0, 'quote_count': 0}",#hopeful,,1133920393,,
2014-05-26T18:58:26.000Z,Salam #lala ek rep humare liye b kr den ... chote se dil ko bht khushi hogy :) #Hopeful,hi,Twitter Web Client,471002435230515200,everyone,2325257778,471002435230515200,"{'retweet_count': 0, 'reply_count': 0, 'like_count': 0, 'quote_count': 0}",#hopeful,,,,
2014-05-26T05:42:33.000Z,"@someuser garv ko salmaan khan chaiyo, mantri lai thegaan laauna laai #hopeful",hi,Twitter Web Client,470802146254782465,everyone,278919227,470796178838147073,"{'retweet_count': 0, 'reply_count': 0, 'like_count': 1, 'quote_count': 0}",#hopeful,"[{'type': 'replied_to', 'id': '470801869481066497'}]",1131623190,,
2014-05-20T18:10:29.000Z,"hum chale ya na chale, desh chal pada| hai ...!!! #NaMo #firstspeech #sansadbhavan #hopeful #betterIndia #future #MODIfied",hi,Mobile Web (M2),468816044438482945,everyone,2150674632,468816044438482945,"{'retweet_count': 0, 'reply_count': 0, 'like_count': 0, 'quote_count': 0}",#hopeful,,,,
2014-05-17T15:31:40.000Z,@someuser @someuser Dear Modiji Aapne 300kamal mange humne 335kamal diye Bharat ko apne acche dino ka intejaar hai #hopeful | #Indian,hi,Twitter for  Android,467688913855733760,everyone,1063282256,467688913855733760,"{'retweet_count': 0, 'reply_count': 0, 'like_count': 1, 'quote_count': 0}",#hopeful,,18839785,"{'place_id': '5c0761bdffa0cb64', 'coordinates': {'type': 'Point', 'coordinates': [73.834133, 18.5228035]}}",
2014-05-17T15:13:08.000Z,"Nayi reet chalaakar tum, yeh reet amar kar do.. #NaMo #hopeful ‚ò∫ ‚ò∫",hi,Twitter Web Client,467684249210875906,everyone,176695292,467684249210875906,"{'retweet_count': 0, 'reply_count': 0, 'like_count': 0, 'quote_count': 0}",#hopeful,,,,
2014-05-16T16:19:33.000Z,... ‡§§‡•ã ‡§Ö‡§¨ ‡§ó‡•Å‡§ú‡§∞‡§æ‡§§ ‡§ï‡•Ä ‡§§‡§∞‡§π ‡§™‡•Å‡§∞‡•á ‡§¶‡•á‡§∂ ‡§Æ‡•á‡§Ç ‡§∂‡§∞‡§æ‡§¨ ‡§¨‡§Ç‡§¶ ‡§π‡•ã‡§ó‡•Ä ‡§ï‡•ç‡§Ø‡§æ ? #Hopeful,hi,Twitter Web Client,467338575793496065,everyone,1671335666,467338575793496065,"{'retweet_count': 0, 'reply_count': 0, 'like_count': 0, 'quote_count': 0}",#hopeful,,,,
2014-05-16T14:10:59.000Z,"Ab ban hi gya Modi Sarkaar , dekhte h kya rang lata h ye abhi baar !!! B-) #hopeful #betterindia #brightindia #developedindia :) :D",hi,Twitter Web Client,467306219879673856,everyone,76605208,467306219879673856,"{'retweet_count': 0, 'reply_count': 0, 'like_count': 0, 'quote_count': 0}",#hopeful,,,,
2014-05-16T08:07:24.000Z,India has won! ‡§≠‡§æ‡§∞‡§§ ‡§ï‡•Ä ‡§µ‡§ø‡§ú‡§Ø‡•§ ‡§Ö‡§ö‡•ç‡§õ‡•á ‡§¶‡§ø‡§® ‡§Ü‡§®‡•á ‡§µ‡§æ‡§≤‡•á ‡§π‡•à‡§Ç‡•§ - @someuser #India #hopeful #Raceto272 #BJP #Successful #Jai #Hindutva #JaiHindutva,hi,Twitter for Android,467214720588464130,everyone,69410158,467214720588464130,"{'retweet_count': 0, 'reply_count': 1, 'like_count': 0, 'quote_count': 0}",#hopeful,,,,
2014-05-16T05:32:11.000Z,Kya ache din aane wale hai...#hopeful #skeptical #Elections2014 #IndiaDecides2014,hi,Twitter for Android,467175660557844480,everyone,113959501,467175660557844480,"{'retweet_count': 0, 'reply_count': 0, 'like_count': 0, 'quote_count': 0}",#hopeful,,,,
2014-05-13T19:03:16.000Z,2004-14- ‡§™‡§®‡•ç‡§ú‡•á ‡§ï‡•á ‡§¶‡§∏ ‡§∏‡§æ‡§≤ ‡§Æ‡•á‡§Ç ‡§¨‡§æ‡§∞‡§æ ‡§¨‡§ú ‡§ó‡§è‡•§ #PollOfPolls #hopeful #congressmuktbharat,hi,Twitter for Android,466292609334669313,everyone,1336922455,466292609334669313,"{'retweet_count': 0, 'reply_count': 0, 'like_count': 0, 'quote_count': 0}",#hopeful,,,,
2014-05-13T18:47:44.000Z,"@someuser Aayegi aayegi, bahut jaldi aayegi... jahan itna sabr kiya waha 2-3 din aur sahi. Bharat ka bhavishya ab wakai badlega. #Hopeful",hi,Twitter for Android,466288702885347328,everyone,112643970,466287920244989952,"{'retweet_count': 0, 'reply_count': 0, 'like_count': 1, 'quote_count': 0}",#hopeful,"[{'type': 'replied_to', 'id': '466287920244989952'}]",117041743,,
2014-05-02T19:58:43.000Z,Digvijay itne harami nhi h to kya hua? Hame bhi kabhi na kabhi Aish krne ka mauka milega #hopeful,hi,Twitter Web Client,462320300835618816,everyone,2303084906,462320300835618816,"{'retweet_count': 0, 'reply_count': 0, 'like_count': 0, 'quote_count': 0}",#hopeful,,,,
2014-05-01T14:26:35.000Z,@someuser @someuser  I am sure shaadi ke hai din koi mast twist hone wala hai I hope #Hopeful,hi,Twitter Web Client,461874327416500224,everyone,2467578145,461862946142814208,"{'retweet_count': 0, 'reply_count': 1, 'like_count': 1, 'quote_count': 0}",#hopeful,"[{'type': 'replied_to', 'id': '461869702340304897'}]",865342249,,
2014-05-01T14:09:26.000Z,batti chai najaanu ni paani pareko bhaera :) #hopeful #group4,hi,Twitter Web Client,461870009388527616,everyone,55787436,461870009388527616,"{'retweet_count': 0, 'reply_count': 2, 'like_count': 0, 'quote_count': 0}",#hopeful,,,,
2014-04-16T14:47:33.000Z,Aaj Pandey Ji century maarenge #Hopeful,hi,TweetCaster for Android,456443784037818368,everyone,2374054142,456443784037818368,"{'retweet_count': 0, 'reply_count': 0, 'like_count': 0, 'quote_count': 0}",#hopeful,,,,
2014-04-12T18:51:41.000Z,Karne ke sapne bahut hai bannr ka sapna ek bhi nahi #hopeful #NaMo4PM,hi,Twitter for iPhone,455055673655451649,everyone,1292370546,455055673655451649,"{'retweet_count': 0, 'reply_count': 0, 'like_count': 0, 'quote_count': 0}",#hopeful,,,"{'place_id': '3f63906fc8aa5a7d', 'coordinates': {'type': 'Point', 'coordinates': [54.37234906, 24.47134497]}}",
2014-04-10T10:25:10.000Z,"Ham Modiji ko laane wale hai, ache din aanewale haii.. #hopeful",hi,Twitter for iPhone,454203428223201280,everyone,797903600,454203428223201280,"{'retweet_count': 0, 'reply_count': 0, 'like_count': 0, 'quote_count': 0}",#hopeful,,,,
2014-04-04T17:02:19.000Z,Bhajpa agar janta ki umeedon par khadi nai utri to janta maf nai karegi. #hopeful citizen,hi,Twitter for  Android,452129048542466049,everyone,1271791382,452129048542466049,"{'retweet_count': 0, 'reply_count': 0, 'like_count': 0, 'quote_count': 0}",#hopeful,,,,
2014-04-01T15:16:59.000Z,Abhi @someuser baki hai dost ;-) :-D #hopeful #PakvWI,hi,Twitter for Android,451015375279652865,everyone,71508350,451015375279652865,"{'retweet_count': 0, 'reply_count': 0, 'like_count': 0, 'quote_count': 0}",#hopeful,,,,
2014-03-16T06:27:48.000Z,Is baar bhi #holi ka pehla laal rang toh tumhe hi lagana padega ;-) ;-) | #Hopeful,hi,Twitter for  Android,445083994187509760,everyone,830416063,445083994187509760,"{'retweet_count': 0, 'reply_count': 0, 'like_count': 0, 'quote_count': 0}",#hopeful,,,,
2014-03-12T22:48:41.000Z,97 rupay ka dollar...oh bhains!!! #hopeful #Pakistan,hi,Twitter for Android,443881292623806464,everyone,136325321,443881292623806464,"{'retweet_count': 0, 'reply_count': 0, 'like_count': 0, 'quote_count': 0}",#hopeful,,,,
2014-03-02T15:33:18.000Z,‡§¶‡•Å‡§®‡§ø‡§Ø‡§æ ‡§¨‡§¶‡§≤‡•á‡§ó‡•Ä ‡§∏‡§ø‡§∞‡•ç‡§´ ‡§è‡§ï ‡§ì‡§≠‡§∞‡•ç‡§Æ‡•á ..! #hopeful,hi,Twitter Web Client,440147843710349312,everyone,603840882,440147843710349312,"{'retweet_count': 0, 'reply_count': 0, 'like_count': 0, 'quote_count': 0}",#hopeful,,,,
2014-02-27T14:34:47.000Z,Aaj raat  ho sakta hay pahli dafa jail ho jaay mujhay #hopeful üòú,hi,Twitter for iPhone,439045956852809728,everyone,2148102600,439045956852809728,"{'retweet_count': 0, 'reply_count': 0, 'like_count': 1, 'quote_count': 0}",#hopeful,,,,
2014-02-23T08:06:32.000Z,"@someuser @someuser @someuser hum hongey kamyaab, ek din! #hopeful",hi,Twitter Web Client,437498699086704640,everyone,286717990,437462738801946624,"{'retweet_count': 0, 'reply_count': 0, 'like_count': 0, 'quote_count': 0}",#hopeful,"[{'type': 'replied_to', 'id': '437498166925983744'}]",487744850,,
2014-02-13T20:56:29.000Z,balotelli ki shadi kim karadshian se karwaonga ! #hopeful,hi,Twitter Web Client,434068584474484738,everyone,1530144624,434068584474484738,"{'retweet_count': 0, 'reply_count': 0, 'like_count': 0, 'quote_count': 0}",#hopeful,,,,
2014-02-13T03:37:58.000Z,Hai hai. #selfie #makeup #goodlucktome #hope #hopeful #haveaniceafternoon http://someurl,hi,Instagram,433807230950178816,everyone,832120074,433807230950178816,"{'retweet_count': 0, 'reply_count': 0, 'like_count': 0, 'quote_count': 0}",#hopeful,,,,
2014-02-01T19:38:08.000Z,@someuser life hi to hai yaar... up down sab chaltaa rehtaa hai... InshaAllah sab theek ho jaega.. #hopeful,hi,Twitter for Android,429700209338114048,everyone,61533959,429697226320150528,"{'retweet_count': 0, 'reply_count': 0, 'like_count': 0, 'quote_count': 0}",#hopeful,"[{'type': 'replied_to', 'id': '429699812444078081'}]",613713757,,
2014-01-03T10:52:03.000Z,"Abhi mujh me kahin, baki thodi si hai zindegi... #pensive but #hopeful",hi,Twitter for BlackBerry¬Æ,419058568751755264,everyone,144507823,419058568751755264,"{'retweet_count': 0, 'reply_count': 1, 'like_count': 0, 'quote_count': 0}",#hopeful,,,,
2014-01-01T16:38:29.000Z,ek barhman ne kaha hay k yeh saal acha hay #Hopeful,hi,Twitter Web Client,418420978192879616,everyone,194600288,418420978192879616,"{'retweet_count': 0, 'reply_count': 0, 'like_count': 0, 'quote_count': 0}",#hopeful,,,,
2013-12-31T09:18:27.000Z,"umeedon wali dhoop, sunshine wali asha ...!!! #lastdayof2013 #hopeful #newyear #2014 :)",hi,Mobile Web (M2),417947852455682048,everyone,2150674632,417947852455682048,"{'retweet_count': 1, 'reply_count': 1, 'like_count': 0, 'quote_count': 0}",#hopeful,,,,
2013-12-31T03:35:30.000Z,@someuser abhi theek hojai ga... #hopeful,hi,Twitter for Android,417861543473459200,everyone,88404985,417860617459220480,"{'retweet_count': 0, 'reply_count': 0, 'like_count': 1, 'quote_count': 0}",#hopeful,"[{'type': 'replied_to', 'id': '417861023043837952'}]",532133236,,
2013-12-23T12:39:13.000Z,@someuser 1st day mai ni :p....lane vae sathi gaedinchu kyare ta #hopeful :D,hi,Mobile Web (M2),415099271675785217,everyone,319915573,415089375819493376,"{'retweet_count': 0, 'reply_count': 1, 'like_count': 0, 'quote_count': 0}",#hopeful,"[{'type': 'replied_to', 'id': '415096743772950528'}]",102426321,,
2013-12-14T03:59:27.000Z,Bhagwan kare inke saath sab accha ho.. #hopeful http://someurl,hi,Facebook,411706977522577408,everyone,142254404,411706977522577408,"{'retweet_count': 0, 'reply_count': 0, 'like_count': 0, 'quote_count': 0}",#hopeful,,,,
2013-12-11T05:14:19.000Z,"Aisa koi zindagi me aaye, jo zindagi ko zindagi banaye... ~ Feeling #HOPEFUL",hi,Twitter Web Client,410638656529895426,everyone,171405409,410638656529895426,"{'retweet_count': 0, 'reply_count': 0, 'like_count': 1, 'quote_count': 0}",#hopeful,,,,
2013-11-20T11:44:28.000Z,@someuser aaja paras dai lai k vo hey pravu kehi ta gara na ho #sad #hopeful #love #Nepalcricket,hi,Mobile Web (M2),403126694845747200,everyone,2194245001,403126694845747200,"{'retweet_count': 0, 'reply_count': 0, 'like_count': 0, 'quote_count': 0}",#hopeful,,1351242829,,
2013-11-14T14:27:50.000Z,@someuser achha besh!  :) #hopeful,hi,Twitter Web Client,400993480928808961,everyone,1091749807,400989780579586049,"{'retweet_count': 0, 'reply_count': 0, 'like_count': 0, 'quote_count': 0}",#hopeful,"[{'type': 'replied_to', 'id': '400992593716056064'}]",176734297,,
2013-11-01T17:05:15.000Z,Bismillahirohman nirohim #hopeful,hi,Twitter Web Client,396322054951030784,everyone,86496366,396322054951030784,"{'retweet_count': 0, 'reply_count': 0, 'like_count': 0, 'quote_count': 0}",#hopeful,,,,
2013-10-24T03:02:39.000Z,Oshkosh sloshkosh>>> #applied #hopeful üòç,hi,Twitter for iPhone,393210904734474241,everyone,466028564,393210904734474241,"{'retweet_count': 0, 'reply_count': 0, 'like_count': 3, 'quote_count': 0}",#hopeful,,,"{'place_id': 'ad0436429464cf18', 'coordinates': {'type': 'Point', 'coordinates': [-88.15223115, 44.72465737]}}",
2013-10-17T15:22:36.000Z,@someuser Sriti Jha? #Hopeful,hi,Twitter for Android,390860401556324353,everyone,144476788,390860401556324353,"{'retweet_count': 0, 'reply_count': 2, 'like_count': 1, 'quote_count': 0}",#hopeful,,1658285298,,
2013-10-13T01:00:28.000Z,Rabbi yasir walatu assair Ya Kareem.. #hopeful,hi,Twitter Web Client,389193890189692928,everyone,988351399,389193890189692928,"{'retweet_count': 1, 'reply_count': 0, 'like_count': 0, 'quote_count': 0}",#hopeful,,,,
2013-09-01T12:34:06.000Z,Rabba aur saha na jaye kuch to bol bol bol .... Rabba kismat k darwaze ab to khol khol khol .... #feeling #hopeful #godbless,hi,Twitter for Android,374148158030217216,everyone,310985979,374148158030217216,"{'retweet_count': 0, 'reply_count': 0, 'like_count': 0, 'quote_count': 0}",#hopeful,,,,
2013-08-26T06:23:07.000Z,Only one song is playing in my mind. Bhaiya mere rakhi ke bandhan ko nibhana. #happy #relax #hopeful,hi,Twitter for Android,371880466464260096,everyone,1421395458,371880466464260096,"{'retweet_count': 0, 'reply_count': 0, 'like_count': 0, 'quote_count': 0}",#hopeful,,,,
2013-08-22T15:03:19.000Z,"‡§Ö‡§¨ ‡§π‡§Æ‡§®‡•á ‡§§‡•ã ‡§Ø‡•á ‡§Æ‡§æ‡§®‡§æ ‡§π‡•à, ‡§¨‡§∏ ‡§∏‡§ö‡•ç‡§ö‡§æ ‡§è‡§ï ‡§§‡§∞‡§æ‡§®‡§æ ‡§π‡•à, ‡§Æ‡§Ç‡§¶‡§ø‡§∞ ‡§Æ‡§∏‡•ç‡§ú‡§ø‡§¶ ‡§§‡•ã ‡§ï‡§æ‡§´‡•Ä ‡§π‡•à‡§Ç, ‡§è‡§ï ‡§¶‡•á‡§∂ ‡§π‡•à ‡§â‡§∏‡•á ‡§¨‡§ö‡§æ‡§®‡§æ ‡§π‡•à.. #Swaraj #Vote4AAP #Hopeful| Courtesy : FB",hi,Twitter Web Client,370561827911897089,everyone,22031163,370561827911897089,"{'retweet_count': 8, 'reply_count': 0, 'like_count': 2, 'quote_count': 0}",#hopeful,,,,
2013-08-13T19:08:52.000Z,"Mauj barhay ya aandhi aye, diya jalaye rakhna hai. Ghar ki khaatir sau dukh jhelay, ghar tou aakhir apna hai. #Hopeful #14August #Pakistan",hi,Twitter for Android,367362135133011968,everyone,86267902,367362135133011968,"{'retweet_count': 0, 'reply_count': 0, 'like_count': 0, 'quote_count': 0}",#hopeful,,,,
2013-08-13T12:29:26.000Z,"aaj bhi all alone!! abhi tym hai, achh tym aane me... #hopeful :)",hi,Twitter Web Client,367261610957471745,everyone,111309495,367261610957471745,"{'retweet_count': 0, 'reply_count': 0, 'like_count': 0, 'quote_count': 0}",#hopeful,,,,
2013-08-12T16:24:07.000Z,And I hope Humera ko sab yaad aajaye like jaldi! #Hopeful,hi,Mobile Web (M2),366958284353187841,everyone,488348445,366958284353187841,"{'retweet_count': 0, 'reply_count': 1, 'like_count': 1, 'quote_count': 0}",#hopeful,,,,
2013-07-19T20:09:39.000Z,@someuser tum se hi Mohabbat thi..tumse hi mohabbat hai #feeling #hopeful,hi,Twitter for Windows Phone,358317732804046848,everyone,296201150,358293153507323905,"{'retweet_count': 0, 'reply_count': 1, 'like_count': 0, 'quote_count': 0}",#hopeful,"[{'type': 'replied_to', 'id': '358317376648921090'}]",1503579002,,
2013-07-17T05:14:27.000Z,kheta hai khuda ne ise| jaha me sabhi k liye| kisi na kisi ko h banaya har kise k liye :D #hopeful,hi,Mobile Web (M2),357367674109562881,everyone,537423069,357367674109562881,"{'retweet_count': 0, 'reply_count': 0, 'like_count': 1, 'quote_count': 0}",#hopeful,,,,
2013-07-10T16:06:56.000Z,Bholi banda nabhai diye kati jati hunthio.. :D #Hopeful #NoBandha,hi,Twitter Web Client,354995162461650945,everyone,148289179,354995162461650945,"{'retweet_count': 0, 'reply_count': 3, 'like_count': 0, 'quote_count': 0}",#hopeful,,,,
2013-07-02T15:56:49.000Z,Chalo Asad ne Zoya ka ring to dekha! #Hopeful,hi,Mobile Web (M2),352093511505559553,everyone,488348445,352093511505559553,"{'retweet_count': 0, 'reply_count': 0, 'like_count': 0, 'quote_count': 0}",#hopeful,,,,
2013-06-23T15:07:12.000Z,Chashme badoor alaa movie hogi #hopeful :~),hi,Twitter Web Client,348819533307457536,everyone,1420786826,348819533307457536,"{'retweet_count': 0, 'reply_count': 0, 'like_count': 0, 'quote_count': 0}",#hopeful,,,,
2013-06-22T11:57:23.000Z,@someuser Bilkul. Aaj ji mennu apni saare samasya-on ka samadhan milna si. #Hopeful,hi,Twitter Web Client,348409379571240961,everyone,772269108,347203385914699778,"{'retweet_count': 0, 'reply_count': 1, 'like_count': 1, 'quote_count': 0}",#hopeful,"[{'type': 'replied_to', 'id': '348406601876664321'}]",951447878,,
2013-06-11T16:35:54.000Z,yar koi scene on hoye aur Dhawan ki century na ho #Hopeful,hi,Twitter Web Client,344493202113429505,everyone,99703383,344493202113429505,"{'retweet_count': 0, 'reply_count': 7, 'like_count': 2, 'quote_count': 0}",#hopeful,,,,
2013-06-03T15:28:10.000Z,@someuser @someuser Haha zaroor yaar! Aur kabhi milenge bhi!! #Hopeful‚ô•‚ô•‚ô•‚ô•,hi,Twitter Web App,341577052371181569,everyone,488348445,341577052371181569,"{'retweet_count': 0, 'reply_count': 0, 'like_count': 0, 'quote_count': 0}",#hopeful,,,,
2013-05-28T20:41:09.000Z,@someuser cast th alag hi level ka laya hai prakash jha agr adhi achi bhi film ban gayi yeh log wil knock tht for a 6 #hopeful #Excited,hi,Twitter Web Client,339481492570918912,everyone,101781462,339476114130993152,"{'retweet_count': 0, 'reply_count': 2, 'like_count': 0, 'quote_count': 0}",#hopeful,"[{'type': 'replied_to', 'id': '339480878214434816'}]",578848309,,
2013-05-25T11:40:09.000Z,"Nahi hai naa umeed Iqbal apne kasht-e-veeran se, zara nam ho tu ye matti barhi zarkhaiz hai saaqi.‚Ä©#hopeful#positiveaggression",hi,Nimbuzz Mobile,338258181295837186,everyone,376789234,338258181295837186,"{'retweet_count': 0, 'reply_count': 0, 'like_count': 0, 'quote_count': 0}",#hopeful,,,,
2013-05-13T10:12:39.000Z,DwiKewarganegaraan ! #HOPEFUL,hi,TweetDeck,333887507181731840,everyone,277379157,333887507181731840,"{'retweet_count': 0, 'reply_count': 0, 'like_count': 0, 'quote_count': 0}",#hopeful,,,,
2013-05-07T08:48:37.000Z,. @someuser Mann Ka Radio Bajne De Zara Gham Ko Bhul Kar Jee Le Tu Zara #optimistic #hopeful #positive #inspiring http://someurl,hi,Twitter Web Client,331692033163026432,everyone,530961208,331683194116136960,"{'retweet_count': 1, 'reply_count': 0, 'like_count': 0, 'quote_count': 0}",#hopeful,"[{'type': 'replied_to', 'id': '331683194116136960'}]",204273895,,
2013-04-28T15:52:25.000Z,aaja paras khadka le chhakkai chhakka padkauchha. baal bho ra jati thulai target diyeni. Gorkhali ko ragat po bagchha hau haamima. #hopeful,hi,Twitter for iPhone,328537193763196928,everyone,94045481,328537193763196928,"{'retweet_count': 0, 'reply_count': 0, 'like_count': 0, 'quote_count': 0}",#hopeful,,,,
2013-02-13T23:12:02.000Z,#desparate or #hopeful venigajy http://someurl,hi,Instagram,301831125834280960,everyone,122917608,301831125834280960,"{'retweet_count': 0, 'reply_count': 0, 'like_count': 0, 'quote_count': 0}",#hopeful,,,,
2013-02-13T21:04:30.000Z,Is varane english? #hopeful,hi,Echofon,301799030369959937,everyone,252583887,301799030369959937,"{'retweet_count': 0, 'reply_count': 0, 'like_count': 0, 'quote_count': 0}",#hopeful,,,,
2013-02-05T21:08:03.000Z,Chuuch...... #thankful #grateful #hopeful #instafun #instagood #instagram #instagrammers #igers #igdaily... http://someurl,hi,Instagram,298900820890624000,everyone,166786265,298900820890624000,"{'retweet_count': 0, 'reply_count': 0, 'like_count': 0, 'quote_count': 0}",#hopeful,,,,
2013-01-04T23:55:04.000Z,Sushi in Blaine?  #Hopeful (@ Hajime Sushi) http://someurl,hi,Foursquare,287346438717976577,everyone,22782254,287346438717976577,"{'retweet_count': 0, 'reply_count': 0, 'like_count': 0, 'quote_count': 0}",#hopeful,,,,
2012-12-28T14:10:00.000Z,Bht mushkil hai yaar. Still #Hopeful #PakVsInd,hi,TweetCaster for Android,284662487448698880,everyone,84526597,284662487448698880,"{'retweet_count': 0, 'reply_count': 0, 'like_count': 1, 'quote_count': 0}",#hopeful,,,,
2012-12-19T11:30:31.000Z,Hilom kaayo ko today. #Hopeful,hi,UberSocial for BlackBerry,281360863363997696,everyone,77683915,281360863363997696,"{'retweet_count': 0, 'reply_count': 1, 'like_count': 0, 'quote_count': 0}",#hopeful,,,,
2012-11-12T03:13:22.000Z,FIFA 2013 with Joshua #learning #hopeful üëç‚ù§,hi,Twitter for iPhone,267827399058669568,everyone,74058211,267827399058669568,"{'retweet_count': 0, 'reply_count': 0, 'like_count': 0, 'quote_count': 0}",#hopeful,,,,
2012-10-02T12:38:45.000Z,@someuser pray kariye pakistan 111 ke under restrict kare aus ko .. fir india SA ko haraye .. yahi best hai abhi apne liye #Hopeful,hi,Twitter Web Client,253111779490672640,everyone,107352820,253111189616349184,"{'retweet_count': 0, 'reply_count': 0, 'like_count': 0, 'quote_count': 0}",#hopeful,"[{'type': 'replied_to', 'id': '253111189616349184'}]",138387944,,
2012-10-01T22:37:28.000Z,iwishiwishiwish #hopeful,hi,Twitter Web Client,252900064643653632,everyone,116212239,252900064643653632,"{'retweet_count': 0, 'reply_count': 0, 'like_count': 0, 'quote_count': 0}",#hopeful,,,,
2012-08-31T20:06:35.000Z,@someuser hahahah Abbu nay bhi KAM nahee kee becharay k saath :-D i hope ab Jaydaad se AAAAQ karnay ke Nobat aa he jaye :p :p #Hopeful,hi,Twitter Web Client,241628068211470337,everyone,310659011,241624775447945216,"{'retweet_count': 0, 'reply_count': 0, 'like_count': 0, 'quote_count': 0}",#hopeful,"[{'type': 'replied_to', 'id': '241627749658284033'}]",428583478,,
2012-08-03T10:19:59.000Z,@someuser bronze mil sakta hai yaar #hopeful,hi,Twitter for Android,231333586383544320,everyone,590964259,231329713128341504,"{'retweet_count': 0, 'reply_count': 1, 'like_count': 0, 'quote_count': 0}",#hopeful,"[{'type': 'replied_to', 'id': '231329713128341504'}]",59770385,,
2012-07-25T12:21:26.000Z,sanaa.sanaa.sanaa #Hopeful :D,hi,Twitter Web Client,228102660467867650,everyone,147484551,228102660467867650,"{'retweet_count': 0, 'reply_count': 0, 'like_count': 0, 'quote_count': 0}",#hopeful,,,,
2012-07-04T19:39:25.000Z,Dar lagta hai ki ap muje is theen mainoh mey bhul jaogey. Phir bhi vishwass hai ki ap bhulonge nahi. #hopeful #fingerscrossed,hi,Echofon,220602737778376704,everyone,67565235,220602737778376704,"{'retweet_count': 0, 'reply_count': 0, 'like_count': 0, 'quote_count': 0}",#hopeful,,,,
2012-06-08T15:26:34.000Z,Dubai 2012 @someuser #hopeful #euromillions,hi,Twitter for BlackBerry¬Æ,211117020438200320,everyone,427687614,211117020438200320,"{'retweet_count': 0, 'reply_count': 0, 'like_count': 0, 'quote_count': 0}",#hopeful,,,,
2012-05-26T06:56:24.000Z,@someuser okaay #hopeful or saunddaay!,hi,Twitter SMS,206277591127179266,everyone,36261868,206277591127179266,"{'retweet_count': 0, 'reply_count': 1, 'like_count': 0, 'quote_count': 0}",#hopeful,,518676398,,
2012-05-12T19:29:22.000Z,"Ek din ayega jab @someuser mujhe follow karegi,auR wo din twitter ke itihas mein swarn aksharo se likha jayega #optimistic #hopeful",hi,Twitter for BlackBerry¬Æ,201393650314395648,everyone,77144749,201393650314395648,"{'retweet_count': 1, 'reply_count': 2, 'like_count': 0, 'quote_count': 0}",#hopeful,,,,
2012-05-10T00:46:34.000Z,IwishIwishIwishIwisshhh #hopeful,hi,Twitter for Android,200386312526766081,everyone,422027261,200386312526766081,"{'retweet_count': 0, 'reply_count': 0, 'like_count': 0, 'quote_count': 0}",#hopeful,,,,
2012-04-22T16:42:22.000Z,@someuser gola is spanish?? #Hopeful #NotToSure,hi,Twitter for BlackBerry¬Æ,194103864901906433,everyone,473744283,194103405189414913,"{'retweet_count': 0, 'reply_count': 1, 'like_count': 0, 'quote_count': 0}",#hopeful,"[{'type': 'replied_to', 'id': '194103405189414913'}]",527932479,,
2012-04-14T20:42:47.000Z,Yaaraab anam badri alyoum #hopeful,hi,UberSocial for BlackBerry,191265263981830145,everyone,524557858,191265263981830145,"{'retweet_count': 0, 'reply_count': 0, 'like_count': 0, 'quote_count': 0}",#hopeful,,,,
2012-04-10T00:17:45.000Z,Ashayee khile dil ki.. #Hopeful morning.. :),hi,Twitter for BlackBerry¬Æ,189507423248195587,everyone,239874708,189507423248195587,"{'retweet_count': 0, 'reply_count': 0, 'like_count': 0, 'quote_count': 0}",#hopeful,,,,
2012-04-09T06:13:04.000Z,@someuser dilli ab duur nahi....| #hopeful #WaitForWeekend,hi,Twitter for Android,189234455959973888,everyone,116733091,189233323695030272,"{'retweet_count': 0, 'reply_count': 0, 'like_count': 0, 'quote_count': 0}",#hopeful,"[{'type': 'replied_to', 'id': '189233323695030272'}]",70062305,,
2012-02-05T05:05:45.000Z,@someuser aaidiye ta huinthyo .. #hopeful,hi,Twitter Web Client,166024691935481857,everyone,66906499,166023631082754048,"{'retweet_count': 0, 'reply_count': 0, 'like_count': 0, 'quote_count': 0}",#hopeful,"[{'type': 'replied_to', 'id': '166023631082754048'}]",66892799,,
2011-11-25T05:21:33.000Z,@someuser Koi baat nahi yaar abhi 5 match ODI series bhi hai WI se toh ODIs main zaroor lagega @someuser ka 100th ton #hopeful,hi,Dabr,139936739602083840,everyone,117056546,139935700735893505,"{'retweet_count': 0, 'reply_count': 1, 'like_count': 0, 'quote_count': 0}",#hopeful,"[{'type': 'replied_to', 'id': '139935700735893505'}]",226492862,,
2011-10-30T17:30:43.000Z,@someuser kal vaaat hai #hopeful !!!,hi,Twitter Web Client,130698156986994688,everyone,294619851,130682990459240448,"{'retweet_count': 0, 'reply_count': 0, 'like_count': 0, 'quote_count': 0}",#hopeful,"[{'type': 'replied_to', 'id': '130682990459240448'}]",358153065,,
2011-08-31T14:07:21.000Z,Kya altaf bhai aik pakistani shehri ko london main apnay haath ka tabahi khana khilayein gay?. Big fan... Of his comedy #wondering #hopeful,hi,Twitter for Android,108903705658667008,everyone,19126379,108903705658667008,"{'retweet_count': 0, 'reply_count': 0, 'like_count': 0, 'quote_count': 0}",#hopeful,,,,
2011-08-30T15:42:45.000Z,@someuser Maa Ka Raaj? #Hopeful,hi,Silver Bird,108565326463111170,everyone,321234458,108565176302829568,"{'retweet_count': 0, 'reply_count': 1, 'like_count': 0, 'quote_count': 0}",#hopeful,"[{'type': 'replied_to', 'id': '108565176302829568'}]",89591130,,
2011-07-23T12:57:54.000Z,Phonephonephonephonephone...... #hopeful #soearly #ugh...,hi,Twitter SMS,94753101101273088,everyone,36008042,94753101101273088,"{'retweet_count': 0, 'reply_count': 0, 'like_count': 0, 'quote_count': 0}",#hopeful,,,,
2011-05-30T16:38:58.000Z,@someuser yaayayayayayayaayayay! see youuu soon #hopeful <3,hi,Twitter Web Client,75239790492123137,everyone,164568001,75238056860463104,"{'retweet_count': 0, 'reply_count': 0, 'like_count': 0, 'quote_count': 0}",#hopeful,"[{'type': 'replied_to', 'id': '75238056860463104'}]",155298608,,
2011-05-20T18:46:18.000Z,@someuser bahut makha rhi hai be aaj kal :P lets b #hopeful tho...waise tereko to pta hi hai main table topper ko support karta hoon ;),hi,Twitter Web Client,71647954687107072,everyone,102358549,71647292381347841,"{'retweet_count': 0, 'reply_count': 0, 'like_count': 0, 'quote_count': 0}",#hopeful,"[{'type': 'replied_to', 'id': '71647292381347841'}]",57553384,,
2011-04-30T08:31:12.000Z,@someuser :-)...sanasana nitaambiwa soon #hopeful,hi,Snaptu,64245404908265472,everyone,127814764,64241066391502848,"{'retweet_count': 0, 'reply_count': 0, 'like_count': 0, 'quote_count': 0}",#hopeful,"[{'type': 'replied_to', 'id': '64241066391502848'}]",34893459,,
2011-04-10T11:02:47.000Z,Practise match gula khele ami khub-ee shontushto!! er cheye valo prostuti grohon shomvob noy. ekhon dekhi main match gulay ki hoy. #Hopeful,hi,Seesmic Web,57035795277688832,everyone,74975367,57035795277688832,"{'retweet_count': 0, 'reply_count': 0, 'like_count': 0, 'quote_count': 0}",#hopeful,,,,
2011-03-11T01:31:59.000Z,jis plain #hopeful,hi,yoono,46020510093545472,everyone,227762350,46020510093545472,"{'retweet_count': 0, 'reply_count': 0, 'like_count': 0, 'quote_count': 0}",#hopeful,,,,
2011-02-27T11:12:04.000Z,Yuvi ! #hopeful,hi,Twitter for BlackBerry¬Æ,41817839245602816,everyone,22629059,41817839245602816,"{'retweet_count': 0, 'reply_count': 0, 'like_count': 0, 'quote_count': 0}",#hopeful,,,,
2011-01-28T06:22:56.000Z,"boutta KO game tomaro .. tomaro shuud bee a guud day,, pleasee.. #prayerthyme #hopeful #ballertillidie #chopinitup",hi,Twitter for iPhone,30873438654570496,everyone,225306730,30873438654570496,"{'retweet_count': 0, 'reply_count': 0, 'like_count': 0, 'quote_count': 0}",#hopeful,,,,
2010-01-12T12:33:56.000Z,@someuser  maine sam sir ko bheja hai.. waise toh unki taraf se bhi nahi aya but still #hopeful,hi,Twitter Web Client,7667258068,everyone,82935882,7667258068,"{'retweet_count': 0, 'reply_count': 0, 'like_count': 0, 'quote_count': 0}",#hopeful,,92913584,,
