created_at,source,public_metrics,text,conversation_id,author_id,id,reply_settings,lang,search_query,referenced_tweets,in_reply_to_user_id,geo
2016-11-24T21:40:17.000Z,MEGAPO.ST,"{'retweet_count': 0, 'reply_count': 0, 'like_count': 1, 'quote_count': 0}",Pammi http://someurl im #lookbook #labor #emotional #pissed #kalimantan #blacktie,801903287419236352,2801632425,801903287419236352,everyone,hi,#pissed,,,
2016-11-13T20:20:58.000Z,Twitter for Android,"{'retweet_count': 0, 'reply_count': 0, 'like_count': 0, 'quote_count': 0}","Humare gali me ek baccha tha aksar logo ki cheez todta rehta tha,or fir pitne k darr se phle hi jor jor se rone lgta tha.#pissed #notmypm",797897061941116928,743205328574001152,797897061941116928,everyone,hi,#pissed,,,
2016-11-08T19:01:12.000Z,Twitter for iPhone,"{'retweet_count': 0, 'reply_count': 1, 'like_count': 1, 'quote_count': 0}","Khana na khao tu BHOOK sy parha ni jata , Or kha lo Tu NEEND sy -_-| #pissed",796065050897301504,2760915677,796065050897301504,everyone,hi,#pissed,,,
2016-10-12T08:01:54.000Z,Facebook,"{'retweet_count': 0, 'reply_count': 0, 'like_count': 0, 'quote_count': 0}",Le strike skhamba naba Loyi phakathi....| #Pissed!!!,786114657614528512,4874457982,786114657614528512,everyone,hi,#pissed,,,
2016-08-11T14:54:33.000Z,Twitter for iPhone,"{'retweet_count': 0, 'reply_count': 0, 'like_count': 0, 'quote_count': 0}",@someuser haha! Ok sirf aap k kehnay par! Lekin jo bhi hai; man they are moody skunks! Ajeeb moun sooja kar bethi hoti hain! #Pissed,763748380896002049,108572619,763750455818280960,everyone,hi,#pissed,"[{'type': 'replied_to', 'id': '763750120764612608'}]",79412223,
2016-03-29T19:02:14.000Z,Twitter for Windows Phone,"{'retweet_count': 0, 'reply_count': 0, 'like_count': 0, 'quote_count': 0}",@someuser @someuser this Gabuza hai yikaka kodwa #pissed,714885123385204736,710195157996597248,714890425782239232,everyone,hi,#pissed,"[{'type': 'replied_to', 'id': '714885123385204736'}]",2382362052,
2016-01-30T05:04:58.000Z,Twitter for iPhone,"{'retweet_count': 0, 'reply_count': 0, 'like_count': 0, 'quote_count': 0}",Kia hua taira waada kha gaya aur bhe Ziada eik mota #Sher #PMLN lootlo baich day sub kuch baghairt #PPP #PTI #PISSED http://someurl,693298840020111360,164622414,693298840020111360,everyone,hi,#pissed,"[{'type': 'quoted', 'id': '693280810695262208'}]",,
2016-01-17T17:28:23.000Z,Twitter for iPhone,"{'retweet_count': 0, 'reply_count': 0, 'like_count': 0, 'quote_count': 0}",Zara sa game kaya khela battery ki batti gul ho gai| #pissed,688774881207517189,25476008,688774881207517189,everyone,hi,#pissed,,,
2015-12-13T18:40:02.000Z,Mobile Web (M2),"{'retweet_count': 2, 'reply_count': 0, 'like_count': 0, 'quote_count': 0}",2015 khatam hone ko hai | or me pehle garib thi or abhi bhi garib hi hunn....:( | | #pissed,676109339850121216,3803011812,676109339850121216,everyone,hi,#pissed,,,
2015-10-21T19:30:26.000Z,Twitter for Android,"{'retweet_count': 0, 'reply_count': 0, 'like_count': 0, 'quote_count': 0}",Pirate yashawa #Pissed,656915466947006464,3494031022,656915466947006464,everyone,hi,#pissed,,,
2015-10-20T13:27:37.000Z,Twitter for Android,"{'retweet_count': 0, 'reply_count': 0, 'like_count': 0, 'quote_count': 0}",Naukar ki tay nakhra ki...#pissed,656461773478961152,145543551,656461773478961152,everyone,hi,#pissed,,,
2015-09-21T16:32:59.000Z,Twitter for Android,"{'retweet_count': 0, 'reply_count': 0, 'like_count': 0, 'quote_count': 0}",BC garmi ka mausam na hua lord of the rings ho gayi. Khatam hee ni ho rahi. #heat #jaipur #india #pissed,645999172437475328,66433531,645999172437475328,everyone,hi,#pissed,,,
2015-08-27T10:13:39.000Z,Instagram,"{'retweet_count': 0, 'reply_count': 0, 'like_count': 0, 'quote_count': 0}",Nabanna abhijaan... road blocked #pissed #santragachi #atyachar @ Santragachhi http://someurl,636844011806924800,31471031,636844011806924800,everyone,hi,#pissed,,,"{'coordinates': {'type': 'Point', 'coordinates': [88.26963, 22.58017]}, 'place_id': '3135579c0c859cee'}"
2015-08-21T15:36:12.000Z,Twitter for Android,"{'retweet_count': 0, 'reply_count': 1, 'like_count': 0, 'quote_count': 0}",@someuser other two ka toh poocho bhi mat!! #pissed,634748786997391360,2283496621,634750859155533824,everyone,hi,#pissed,"[{'type': 'replied_to', 'id': '634750598844448768'}]",89715346,
2015-08-10T00:07:57.000Z,Facebook,"{'retweet_count': 0, 'reply_count': 0, 'like_count': 0, 'quote_count': 0}","Every time it rains, #WAPDA be like qudarti pankhay ka faeda uthayen! #pissed #powercuts #Allahpoochayga #pakistan",630530989597564928,888041131,630530989597564928,everyone,hi,#pissed,,,
2015-07-09T16:57:57.000Z,Twitter for BlackBerryÂ®,"{'retweet_count': 0, 'reply_count': 0, 'like_count': 0, 'quote_count': 0}",cela ningiphe number yombhali weskeemsam #pissed,619188753559625729,869941285,619188753559625729,everyone,hi,#pissed,,,
2015-07-07T16:01:12.000Z,Twitter Web App,"{'retweet_count': 0, 'reply_count': 0, 'like_count': 0, 'quote_count': 0}",Kaha kaha se ajate hai ye log #pissed,618449694415548416,1395366636,618449694415548416,everyone,hi,#pissed,,,
2015-07-03T09:43:16.000Z,Instagram,"{'retweet_count': 0, 'reply_count': 0, 'like_count': 0, 'quote_count': 0}",Ab toh Dog Days bhi aa gaye ðŸ˜ðŸ˜| ICAI ye btado Humaare kab ayenge ðŸ˜­ðŸ˜¥ðŸ˜±| | #pissed | #ICAI http://someurl,616905035885232128,1450545006,616905035885232128,everyone,hi,#pissed,,,
2015-06-25T14:39:32.000Z,Twitter for iPhone,"{'retweet_count': 0, 'reply_count': 0, 'like_count': 2, 'quote_count': 0}",Literally Na Mard kism ky larky zyada hain aj kal :/ Sab ky sab diva bany phir rhy hain. Koi aik kaam nai hota in sey #Pissed,614080489729560577,270393224,614080489729560577,everyone,hi,#pissed,,,
2015-06-12T22:09:25.000Z,Instagram,"{'retweet_count': 0, 'reply_count': 0, 'like_count': 0, 'quote_count': 0}","beware.. #thatlook #pissed #serious @ Doha, State of Qatar http://someurl",609482665323024385,871370905,609482665323024385,everyone,hi,#pissed,,,"{'coordinates': {'type': 'Point', 'coordinates': [51.53163514, 25.27227411]}, 'place_id': '0181f32937df0de8'}"
2015-06-01T12:51:36.000Z,Twitter for Windows Phone,"{'retweet_count': 0, 'reply_count': 0, 'like_count': 0, 'quote_count': 0}",Tawan Chu pivomut Kasheeri ðŸ˜£ #Pissed,605356018344689664,35179221,605356018344689664,everyone,hi,#pissed,,,
2015-05-31T08:46:53.000Z,Twitter for Android,"{'retweet_count': 0, 'reply_count': 0, 'like_count': 0, 'quote_count': 0}",@someuser IPL khatam to Sooryavansham shuru? #pissed ðŸ™,604932044678766592,728928529,604932044678766592,everyone,hi,#pissed,,114671033,
2015-05-18T07:12:04.000Z,Twitter Web Client,"{'retweet_count': 0, 'reply_count': 0, 'like_count': 0, 'quote_count': 0}",saala ye numbersne dimakh kharab kar rakha hai!!!#pissed,600197143811330048,1007970235,600197143811330048,everyone,hi,#pissed,,,{'place_id': '317fcc4b21a604d5'}
2015-05-05T17:08:38.000Z,Mobile Web (M2),"{'retweet_count': 0, 'reply_count': 0, 'like_count': 0, 'quote_count': 0}",Boko Haram se gaat #pissed,595636229762351105,296382406,595636229762351105,everyone,hi,#pissed,,,
2015-04-29T09:29:37.000Z,TweetDeck,"{'retweet_count': 3, 'reply_count': 3, 'like_count': 9, 'quote_count': 0}","Dekho,kaise bhaag kar aaye jab inhone suna k inhe beti nahin,beta hua hai!#pissed #veryangry #SaveTheGirlChild #TMKOC http://someurl",593346388290891776,2799357187,593346388290891776,everyone,hi,#pissed,,,
2015-04-26T15:12:56.000Z,Twitter for Android,"{'retweet_count': 0, 'reply_count': 0, 'like_count': 0, 'quote_count': 0}",@someuser yaar kya dikkat hai kyun itne call karte ho?  #pissed #off,592345624516788224,1911530719,592345624516788224,everyone,hi,#pissed,,61180382,
2015-03-29T05:55:35.000Z,Twitter for iPhone,"{'retweet_count': 0, 'reply_count': 0, 'like_count': 0, 'quote_count': 0}",@someuser @someuser hashtag #notfair hashtag #pissed  hashtag #liamisbae hashtag #thisiswhyidonthavefriends hashtag #bye,582058228780912640,2332919864,582058502681600000,everyone,hi,#pissed,"[{'type': 'replied_to', 'id': '582058228780912640'}]",2332919864,
2015-03-18T11:24:57.000Z,Twitter for iPad,"{'retweet_count': 0, 'reply_count': 1, 'like_count': 0, 'quote_count': 0}",@someuser vehle log kuch bhi bakwass karte hain yaha ... #pissed,578153327659130880,81323251,578155124222132224,everyone,hi,#pissed,"[{'type': 'replied_to', 'id': '578153501357793280'}]",2301225744,
2015-03-10T19:45:15.000Z,IFTTT,"{'retweet_count': 0, 'reply_count': 0, 'like_count': 0, 'quote_count': 0}",#KCA #VoteJKT48ID vishalguptalife: #Puncture #Tire #Tyre #Car #Breakdown #Irritated #Pissed @ Lokhandwala Andheri west,575381923519938561,3063747169,575381923519938561,everyone,hi,#pissed,,,
2015-03-05T16:58:51.000Z,Twitter for BlackBerryÂ®,"{'retweet_count': 0, 'reply_count': 0, 'like_count': 0, 'quote_count': 0}",Ah skeemsaam sa bhora maan!!! #pissed,573528108076261376,568935264,573528108076261376,everyone,hi,#pissed,,,
2015-02-24T17:22:41.000Z,Facebook,"{'retweet_count': 0, 'reply_count': 0, 'like_count': 0, 'quote_count': 0}",No more ke reka ka skhambane late #pissed!!!,570272615727800320,1365496801,570272615727800320,everyone,hi,#pissed,,,
2015-02-08T02:28:09.000Z,Twitter for Android,"{'retweet_count': 0, 'reply_count': 0, 'like_count': 0, 'quote_count': 0}","Jo log aapke saath dhoka karjaatey hain, kisne kehdiya woh iss thhokar se khud bach jaenggey? #Whatgoesaroundcomesaround #Pissed",564249294501199872,2149659360,564249294501199872,everyone,hi,#pissed,,,
2015-02-03T08:27:20.000Z,Twitter for Android,"{'retweet_count': 1, 'reply_count': 0, 'like_count': 4, 'quote_count': 0}",Hum #Pakistan team kay liey kheltay hain...hum world cup kay liey jarahey hain...YEYYYY... wahan jakar kuch karna bhi hoga jinaab #Pissed,562527746832609281,929374758,562527746832609281,everyone,hi,#pissed,,,
2015-01-29T16:25:00.000Z,Microsoft Connect,"{'retweet_count': 0, 'reply_count': 0, 'like_count': 0, 'quote_count': 0}","Baap, Maa ke nijer chokher samne bhenge jete dekhe kon sontaner bhalo lagey?? How do I retrieve my mental strength?? #pissed",560836015599124480,262513025,560836015599124480,everyone,hi,#pissed,,,
2014-12-18T19:39:12.000Z,Twitter for Android Tablets,"{'retweet_count': 0, 'reply_count': 0, 'like_count': 0, 'quote_count': 0}",Ho kya raha hai ye? #pissed,545664598418788353,222869500,545664598418788353,everyone,hi,#pissed,,,
2014-12-04T09:55:37.000Z,Facebook,"{'retweet_count': 0, 'reply_count': 0, 'like_count': 0, 'quote_count': 0}","No Sehwag,No Zaheer,No Bhajji,No Gambhir,No Yuvraj, No World cup2015 #sad #pissed #NoXp #Nowc :(",540444305002102784,112697363,540444305002102784,everyone,hi,#pissed,,,
2014-12-02T11:19:48.000Z,Twitter for Android,"{'retweet_count': 0, 'reply_count': 2, 'like_count': 0, 'quote_count': 0}",Modi ke swachch state ne bimaar kiya mujhe! #pissed,539740713391366144,142556993,539740713391366144,everyone,hi,#pissed,,,
2014-12-02T00:59:52.000Z,Instagram,"{'retweet_count': 0, 'reply_count': 0, 'like_count': 0, 'quote_count': 0}",Me annd jim #pissed #corp http://someurl,539584699614892033,228500990,539584699614892033,everyone,hi,#pissed,,,
2014-11-16T16:58:06.000Z,Twitter Web Client,"{'retweet_count': 0, 'reply_count': 1, 'like_count': 0, 'quote_count': 0}","Khaasi, zukham, sardi!!! #Pissed",534027641779544064,185124442,534027641779544064,everyone,hi,#pissed,,,
2014-11-10T23:20:02.000Z,Instagram,"{'retweet_count': 0, 'reply_count': 0, 'like_count': 0, 'quote_count': 0}",Am Han yaem #pissed http://someurl,531949432242069504,307224994,531949432242069504,everyone,hi,#pissed,,,
2014-10-21T13:50:14.000Z,Twitter for BlackBerryÂ®,"{'retweet_count': 0, 'reply_count': 1, 'like_count': 0, 'quote_count': 0}",YAh kahisa vanhooo jhiiiii #pissed,524558280409239553,559410523,524558280409239553,everyone,hi,#pissed,,,
2014-10-04T13:59:22.000Z,Twitter for Android,"{'retweet_count': 0, 'reply_count': 0, 'like_count': 0, 'quote_count': 0}",Jaipur me jaam itna toh maharana partab ki ladai me bhi nahi laga hoga #pissed peh hotel come soon,518399987080626176,765403188,518399987080626176,everyone,hi,#pissed,,,
2014-10-02T05:18:31.000Z,Twitter for iPhone,"{'retweet_count': 0, 'reply_count': 1, 'like_count': 0, 'quote_count': 0}",Ye jo duniya hai na kuttay logon se bhari hoe hai #PISSED,517544133658169344,2779842035,517544133658169344,everyone,hi,#pissed,,,
2014-09-21T14:30:57.000Z,Twitter for Android,"{'retweet_count': 0, 'reply_count': 0, 'like_count': 0, 'quote_count': 0}",Manchester United - apna muh mein lelo sabh ke sabh!  Di Maria ko substitute karoge toh yahi hoga.| #Pissed,513696890508935169,1362301801,513696890508935169,everyone,hi,#pissed,,,
2014-09-17T13:22:11.000Z,Twitter for BlackBerryÂ®,"{'retweet_count': 0, 'reply_count': 0, 'like_count': 0, 'quote_count': 0}",Yaar apne time ki kadar nahi kar sakte doosre ke time ki to kadar karo.......high time ppl learn this.....#pissed,512230035634552832,356381253,512230035634552832,everyone,hi,#pissed,,,
2014-09-13T21:34:15.000Z,Twitter for Android,"{'retweet_count': 0, 'reply_count': 0, 'like_count': 0, 'quote_count': 0}",Phew... Ndizolala kudala shame apha. #Pissed,510904314320388096,259806008,510904314320388096,everyone,hi,#pissed,,,"{'coordinates': {'type': 'Point', 'coordinates': [31.0617363, -29.7597556]}, 'place_id': '9d7cae88ff6a29f5'}"
2014-09-03T12:04:06.000Z,Instagram,"{'retweet_count': 0, 'reply_count': 0, 'like_count': 0, 'quote_count': 0}",Hum taa waapas bambaii jaawath hai bhaiyaa.. #airindia #pissed #delay #abuse http://someurl,507136952630398977,82128996,507136952630398977,everyone,hi,#pissed,,,
2014-08-08T07:57:44.000Z,Twitter for Android,"{'retweet_count': 0, 'reply_count': 0, 'like_count': 1, 'quote_count': 0}",Jara si bharish ni hoti #delhi mei aur traffic jam hojata hai #pissed,497652870464819200,242334518,497652870464819200,everyone,hi,#pissed,,,
2014-07-20T10:59:51.000Z,Twitter for iPad,"{'retweet_count': 0, 'reply_count': 0, 'like_count': 1, 'quote_count': 0}",â€œ@someuser Koi mujhay Itna Yaad nahi karta hoga jitna Mobilink ! HaR 3 min baad message ! #pissedâ€ðŸ™ˆðŸ™ˆðŸ˜¡,490813211416203264,146825026,490813331494551552,everyone,hi,#pissed,"[{'type': 'replied_to', 'id': '490813211416203264'}]",2287726175,
2014-07-13T14:20:15.000Z,Twitter for  Android,"{'retweet_count': 0, 'reply_count': 0, 'like_count': 0, 'quote_count': 0}",kal se cake ki dhamki de de deke ab mai bhi thak gayi hun!!! #pissed,488327049623244802,155508213,488327049623244802,everyone,hi,#pissed,,,
2014-07-10T14:45:22.000Z,Facebook,"{'retweet_count': 0, 'reply_count': 0, 'like_count': 0, 'quote_count': 0}",#pissed so ubheke ukuth uthin kimi,487246203730399232,590026543,487246203730399232,everyone,hi,#pissed,,,
2014-07-09T22:22:59.000Z,Twitter Web Client,"{'retweet_count': 0, 'reply_count': 0, 'like_count': 1, 'quote_count': 0}",Koi meri bheno ko adopt kare ga please :( | #Argh #Pissed #BC,486998979914133505,170702152,486998979914133505,everyone,hi,#pissed,,,
2014-07-09T18:56:21.000Z,Mobile Web (M2),"{'retweet_count': 0, 'reply_count': 0, 'like_count': 0, 'quote_count': 0}","Aaj kal..Sabsee Badaa Rog ,  Kyaa Kahengee Log| #pissed",486946980405313536,2596079948,486946980405313536,everyone,hi,#pissed,,,
2014-07-03T14:57:17.000Z,Twitter for Android,"{'retweet_count': 0, 'reply_count': 1, 'like_count': 2, 'quote_count': 0}",@someuser dekh li? :/ #pissed,484705821326995456,1435299098,484712486948458496,everyone,hi,#pissed,"[{'type': 'replied_to', 'id': '484705821326995456'}]",1434820832,
2014-06-24T12:34:22.000Z,Instagram,"{'retweet_count': 0, 'reply_count': 0, 'like_count': 0, 'quote_count': 0}",#disgruntled #pissed #ModiSarkaar #lineMeMarao @ Bhayandar Railway Station http://someurl,481415030026813441,276827759,481415030026813441,everyone,hi,#pissed,,,"{'coordinates': {'type': 'Point', 'coordinates': [72.85240173, 19.31035359]}, 'place_id': '7929cea6bd5b32bd'}"
2014-06-19T15:56:43.000Z,Mobile Web (M2),"{'retweet_count': 0, 'reply_count': 0, 'like_count': 0, 'quote_count': 0}",Ek toh paper acha nhi huye. upar se result ki tension. uske upar relatives paper ke baare me pooch pooch kr attyachar krte h. #pissed,479654016209547264,45174946,479654016209547264,everyone,hi,#pissed,,,
2014-06-05T09:56:42.000Z,Twitter for  Android,"{'retweet_count': 0, 'reply_count': 0, 'like_count': 0, 'quote_count': 0}",à¤¬à¤¹à¥à¤¤ à¤¤à¥‡à¤œ à¤—à¤°à¤¿à¤¯à¤¾à¤¨à¥‡ à¤•à¤¾ à¤®à¤¨ à¤•à¤° à¤°à¤¹à¤¾ à¤¹à¥ˆ... #Pissed,474489985702174721,141495859,474489985702174721,everyone,hi,#pissed,,,
2014-05-27T06:01:19.000Z,Twitter Web Client,"{'retweet_count': 0, 'reply_count': 0, 'like_count': 0, 'quote_count': 0}","LOL :P Agreed! ;) RT @someuser @someuser Aur kuch ho na ho, sab photographers zaroor hote hain. :| #pissed",471162543356911616,259675246,471169257665863680,everyone,hi,#pissed,"[{'type': 'replied_to', 'id': '471162543356911616'}]",575985592,
2014-05-20T07:19:35.000Z,Twitter Web Client,"{'retweet_count': 0, 'reply_count': 1, 'like_count': 0, 'quote_count': 0}",@someuser @someuser @someuser @someuser bas kuch nahi..!! #tensed #pissed @someuser,468409943981178881,1272131970,468652239301525504,everyone,hi,#pissed,"[{'type': 'replied_to', 'id': '468651594167238657'}]",1740703274,
2014-05-12T17:18:18.000Z,Twitter for Windows Phone,"{'retweet_count': 0, 'reply_count': 0, 'like_count': 1, 'quote_count': 0}",Problem yeh hai ki Dil chutiya hai saala. Jitna bhi samjha lo #Bhenchod manta hi nahin.. #Pissed!  ðŸ˜ ðŸ˜ ,465903808992649216,2430224982,465903808992649216,everyone,hi,#pissed,,,
2014-05-09T07:09:37.000Z,Twitter for Windows Phone,"{'retweet_count': 1, 'reply_count': 0, 'like_count': 0, 'quote_count': 0}",Only 140 characters!? Bhenchod sab maa ke pet se shorthand seekh ke nahi aaye hai..  #Pissed..  ðŸ˜ ðŸ˜ ,464663465538252800,2430224982,464663465538252800,everyone,hi,#pissed,,,
2014-04-23T10:42:09.000Z,Twitter for BlackBerryÂ®,"{'retweet_count': 0, 'reply_count': 2, 'like_count': 0, 'quote_count': 0}",Hate leliwashi elindiza fonini yam #pissed,458918743528439808,2340953733,458918743528439808,everyone,hi,#pissed,,,
2014-04-18T08:23:39.000Z,Instagram,"{'retweet_count': 0, 'reply_count': 0, 'like_count': 0, 'quote_count': 0}",#pissed #back2worknextweek #fuming #vex #dontwantto http://someurl,457071951543291904,346010286,457071951543291904,everyone,hi,#pissed,,,
2014-04-16T14:34:58.000Z,Twitter for  Android,"{'retweet_count': 0, 'reply_count': 0, 'like_count': 0, 'quote_count': 0}",51/- taka khete dichhe aar sara shohorer lok bhor-sondhe bela gilte boshe gache..ekta boshar jayga nei. #pissed,456440617732554753,185081438,456440617732554753,everyone,hi,#pissed,,,
2014-04-06T15:14:08.000Z,Facebook,"{'retweet_count': 0, 'reply_count': 0, 'like_count': 0, 'quote_count': 0}",hum nikalenge yuvraj ko bahar ...... ab ki baar modi sarkaar -_- #pissed,452826597624528898,473675608,452826597624528898,everyone,hi,#pissed,,,
2014-04-04T01:03:08.000Z,Twitter for Android,"{'retweet_count': 0, 'reply_count': 0, 'like_count': 0, 'quote_count': 0}",Samok...shetams!!! #pissed,451887660177432576,1271978322,451887660177432576,everyone,hi,#pissed,,,
2014-04-03T21:08:10.000Z,Twitter for Windows Phone,"{'retweet_count': 1, 'reply_count': 1, 'like_count': 1, 'quote_count': 0}",Battery kyu marti hai...Ye bhagwan! Hume hi mar de no! #Pissed,451828527650705408,2298313814,451828527650705408,everyone,hi,#pissed,,,
2014-03-15T20:29:05.000Z,Twitter for iPhone,"{'retweet_count': 0, 'reply_count': 0, 'like_count': 0, 'quote_count': 0}","Wapda walon ko khudda barbaad kare, unke pait mein keeray parein.. Hamara jeena haraam kardiya hai. | #12 hours #loadshedding #pissed #nation",444933324747079681,268948388,444933324747079681,everyone,hi,#pissed,,,
2014-03-11T15:22:26.000Z,Mobile Web (M2),"{'retweet_count': 0, 'reply_count': 0, 'like_count': 0, 'quote_count': 0}",and this lilpiyampee spank me ka le pampiri...#pissed,443406603338141696,395211824,443406603338141696,everyone,hi,#pissed,,,
2014-03-09T11:46:40.000Z,Twitter for BlackBerry,"{'retweet_count': 0, 'reply_count': 6, 'like_count': 7, 'quote_count': 0}",Kuch logoun per shadeed tabbara kernay ko dil kerta hai.... #Pissed #TryingHardToControl,442627526951972864,135820654,442627526951972864,everyone,hi,#pissed,,,
2014-03-08T12:27:51.000Z,Twitter for iPhone,"{'retweet_count': 0, 'reply_count': 0, 'like_count': 1, 'quote_count': 0}",Haan haan fielding tou karni nahein hai chalo aaj mufte ke 4s dedete hain. #pissed #PakistanCricketTeam #AsiaCupFinal #PakvSL,442275503865880576,513529615,442275503865880576,everyone,hi,#pissed,,,
2014-02-28T17:05:07.000Z,Twitter for BlackBerryÂ®,"{'retweet_count': 0, 'reply_count': 0, 'like_count': 0, 'quote_count': 0}",Vhanwe vhathu vha bikisa matope #pissed,439446175092342784,464096028,439446175092342784,everyone,hi,#pissed,,,
2014-02-28T14:59:15.000Z,Twitter for BlackBerryÂ®,"{'retweet_count': 0, 'reply_count': 0, 'like_count': 0, 'quote_count': 0}",Bhenchoo is Ramiz raja ko koi chup kerwa do... #pissed,439414499314270208,313198967,439414499314270208,everyone,hi,#pissed,,,
2014-02-28T13:32:13.000Z,Mobile Web (M2),"{'retweet_count': 0, 'reply_count': 0, 'like_count': 0, 'quote_count': 0}",@someuser ab toh aas hi chor di hain! #pissed,439391334135111680,1036959235,439392599468945409,everyone,hi,#pissed,"[{'type': 'replied_to', 'id': '439391334135111680'}]",740409126,
2014-02-19T16:09:46.000Z,Twitter for Windows Phone,"{'retweet_count': 0, 'reply_count': 0, 'like_count': 0, 'quote_count': 0}",Arey mai likhtee bohoth acha hoo...saala koi samajtha hi nai..ðŸ˜’ #pissed,436170754774663168,2299420310,436170754774663168,everyone,hi,#pissed,,,
2014-02-15T16:51:17.000Z,Twitter for Android,"{'retweet_count': 0, 'reply_count': 0, 'like_count': 0, 'quote_count': 0}",Tune maari entriyaan re bajne lagi dimag ki ghantiyaan re !  Tang Tang Tang #Pissed #Bye,434731650241425408,784959745,434731650241425408,everyone,hi,#pissed,,,
2014-02-11T21:58:28.000Z,Mobile Web (M2),"{'retweet_count': 0, 'reply_count': 0, 'like_count': 0, 'quote_count': 0}",Bhosdi K. Dimaag kharab ho gaya. #pissed,433359407355678721,307712650,433359407355678721,everyone,hi,#pissed,,,
2014-02-09T07:50:37.000Z,Mobile Web (M2),"{'retweet_count': 0, 'reply_count': 0, 'like_count': 0, 'quote_count': 0}",BaSkosana Sha..#Pissed,432421262879903744,456447576,432421262879903744,everyone,hi,#pissed,,,
2014-02-08T15:40:20.000Z,Facebook,"{'retweet_count': 0, 'reply_count': 0, 'like_count': 0, 'quote_count': 0}",Vhathu vhaita vhufevhi nga khole mara richinivhudza uri nichifevhi ni kwata badi| | #pissed linwe kha whatsap linwe... http://someurl,432177080587919363,517929250,432177080587919363,everyone,hi,#pissed,,,
2014-02-04T16:27:51.000Z,Instagram,"{'retweet_count': 0, 'reply_count': 0, 'like_count': 0, 'quote_count': 0}",End up with this... Grrrr ayoko na!!! Kaazaarrrrrrr! #bad3p #pissed http://someurl,430739487334080512,59964574,430739487334080512,everyone,hi,#pissed,,,
2014-01-25T23:47:53.000Z,Twitter for iPhone,"{'retweet_count': 0, 'reply_count': 0, 'like_count': 0, 'quote_count': 0}",Sheesh #pissed,427226349322129409,1009914590,427226349322129409,everyone,hi,#pissed,,,
2014-01-25T15:33:55.000Z,Mobile Web (M2),"{'retweet_count': 0, 'reply_count': 0, 'like_count': 0, 'quote_count': 0}","Inaam ghar chal raha hai mere room mein, mere tv pe aur mere aankhon k samne.. Is se bura time aur kia ho sakta hai...... #pissed",427102039047290880,1071574434,427102039047290880,everyone,hi,#pissed,,,
2014-01-17T10:04:51.000Z,Twitter for Android,"{'retweet_count': 0, 'reply_count': 0, 'like_count': 0, 'quote_count': 0}",Jab se larkiyoun k sath jana shuru kiya hai sar mein khujli ho rae hai. Gandi joowein bhari :@ #pissed,424120120412483584,146400428,424120120412483584,everyone,hi,#pissed,,,
2014-01-08T20:39:18.000Z,Twitter Web Client,"{'retweet_count': 0, 'reply_count': 0, 'like_count': 0, 'quote_count': 0}",BC sardi na aaye par sardi lag zaroor jaaye.. #cold #pissed,421018297388118016,198448613,421018297388118016,everyone,hi,#pissed,,,
2013-12-18T11:17:53.000Z,Tweetbot for iOS,"{'retweet_count': 0, 'reply_count': 4, 'like_count': 2, 'quote_count': 0}",Mi bodu kameh :/ dhen nudhaanan male waawaru kameh noon mi -.- #pissed,413266865465466880,126897514,413266865465466880,everyone,hi,#pissed,,,"{'coordinates': {'type': 'Point', 'coordinates': [79.88630534, 7.17399289]}}"
2013-12-15T13:40:04.000Z,Instagram,"{'retweet_count': 0, 'reply_count': 0, 'like_count': 0, 'quote_count': 0}",JulieðŸ’• #sherwood #pissed #pout #love http://someurl,412215484491513856,549376643,412215484491513856,everyone,hi,#pissed,,,
2013-12-13T15:30:04.000Z,Twitter Web Client,"{'retweet_count': 0, 'reply_count': 1, 'like_count': 0, 'quote_count': 0}",#Bugged #pissed| #ihatebooks| Mujhe koiiii bachhhhhhhhhhhhhhhhhhaaaaaaooooo!!!!| >_<| :/,411518389400510464,1344513373,411518389400510464,everyone,hi,#pissed,,,
2013-12-05T20:35:33.000Z,Twitter Web Client,"{'retweet_count': 0, 'reply_count': 0, 'like_count': 0, 'quote_count': 0}",Log itni gandi gandi pick up lines kaise maar lete hain? kaha se laate hain? #Annoyed #Amused #Pissed,408696166633586688,81388913,408696166633586688,everyone,hi,#pissed,,,
2013-11-23T17:00:36.000Z,Mobile Web (M2),"{'retweet_count': 0, 'reply_count': 0, 'like_count': 1, 'quote_count': 0}","What the hell!!!!! jab bhi aati ho, trending tweets ke alava kuch nai dikhti..#pissed..",404293415057494016,738090296,404293415057494016,everyone,hi,#pissed,,,
2013-11-19T12:45:08.000Z,Mobile Web (M2),"{'retweet_count': 0, 'reply_count': 0, 'like_count': 0, 'quote_count': 0}",yaar kitni baar likhoge ki kushal is entering tomorrow tumhara kal to kabho ata hi nahi #pissed #wewantkushalback #bb7,402779576192884736,264927055,402779576192884736,everyone,hi,#pissed,,,
2013-11-17T16:46:25.000Z,Twitter for BlackBerryÂ®,"{'retweet_count': 0, 'reply_count': 1, 'like_count': 0, 'quote_count': 0}",@someuser ku shota ku se vahi byela swak vavasati vahina vale dwarsloop kudya mani na mani!#pissed,402111477416755200,1305231283,402115519639461888,everyone,hi,#pissed,"[{'type': 'replied_to', 'id': '402114883451641856'}]",1835063258,
2013-11-15T08:57:49.000Z,Twitter for Android,"{'retweet_count': 0, 'reply_count': 1, 'like_count': 0, 'quote_count': 0}",@someuser naseeb naseeb ki baat nai h.. ye chutiyapa h :( :@ #pissed,401272816047099904,1203560444,401272816047099904,everyone,hi,#pissed,,220628778,
2013-11-09T16:26:21.000Z,Twitter Web Client,"{'retweet_count': 0, 'reply_count': 0, 'like_count': 0, 'quote_count': 0}",Kash ke ek katal jaiz hota ISLAM main ! -.- | #Fucking #PISSED !,399211366587715584,170702152,399211366587715584,everyone,hi,#pissed,,,
2013-11-08T18:48:10.000Z,Twitter for iPhone,"{'retweet_count': 1, 'reply_count': 0, 'like_count': 0, 'quote_count': 0}",Imran tahir kanjar ko dekho..zabardasti galay milta ha yakar #harami #pissed #PAKvSA,398884669158350848,192800804,398884669158350848,everyone,hi,#pissed,,,
2013-11-08T17:44:38.000Z,Twitter for BlackBerryÂ®,"{'retweet_count': 0, 'reply_count': 0, 'like_count': 0, 'quote_count': 0}",Yerrr akho manzi apha #pissed,398868679817199616,1172421258,398868679817199616,everyone,hi,#pissed,,,
2013-11-02T12:31:46.000Z,Twitter for BlackBerryÂ®,"{'retweet_count': 0, 'reply_count': 0, 'like_count': 0, 'quote_count': 0}",Angkwazi lokho #pissed#,396615617257951232,1288525962,396615617257951232,everyone,hi,#pissed,,,
2013-10-29T17:29:25.000Z,Twitter for BlackBerry,"{'retweet_count': 0, 'reply_count': 0, 'like_count': 0, 'quote_count': 0}",Meine pehle he kaha tha itne shokhay mat ho Inki larrai mein. #LantiGeo #Pissed :@,395240970234896384,129851840,395240970234896384,everyone,hi,#pissed,,,
2013-10-25T14:42:35.000Z,Twitter Web Client,"{'retweet_count': 4, 'reply_count': 5, 'like_count': 0, 'quote_count': 0}",MAHIRA KHAN bhuddon kay sath aur FAWAD KHAN bhuddion kay sath ata hai.. Wah kiya reward mila hai HUMSAFAR ki success ka -_-  | | #PISSED,393749436007862273,419336983,393749436007862273,everyone,hi,#pissed,,,
2013-10-13T14:53:16.000Z,Twitter for iPhone,"{'retweet_count': 0, 'reply_count': 1, 'like_count': 0, 'quote_count': 0}",Dussehra ko bhi Sunday ko anaa tha  ?! #pissed,389403469041266688,307703138,389403469041266688,everyone,hi,#pissed,,,
2013-10-13T12:45:40.000Z,Twitter Web Client,"{'retweet_count': 1, 'reply_count': 1, 'like_count': 0, 'quote_count': 0}",@someuser Uth jaennnnnn!!!!! Kitna sote haiiiiiiinnnnnnnn!!! -___- #Pissed,389371357206544384,506007605,389371357206544384,everyone,hi,#pissed,,780972727,
2013-10-09T00:20:48.000Z,Twitter for iPhone,"{'retweet_count': 0, 'reply_count': 0, 'like_count': 0, 'quote_count': 0}",handd shakiingg ! | #pissed ! ðŸ˜¡,387734354149261312,715342993,387734354149261312,everyone,hi,#pissed,,,
2013-10-06T15:58:37.000Z,Twitter for iPhone,"{'retweet_count': 0, 'reply_count': 0, 'like_count': 0, 'quote_count': 0}",Yar koi to hoga #Ig user ??| ##Pissed##,386883199285989376,88160777,386883199285989376,everyone,hi,#pissed,,,
2013-10-06T12:33:31.000Z,Mobile Web (M2),"{'retweet_count': 0, 'reply_count': 0, 'like_count': 0, 'quote_count': 0}",agar mujhe wo insaan mil jaye jisne assignment submit karne ki last date banai main usse gattar me dubba dubba kar mar dunga. #pissed,386831585552904192,45174946,386831585552904192,everyone,hi,#pissed,,,
2013-10-02T07:44:39.000Z,Mobile Web (M2),"{'retweet_count': 0, 'reply_count': 0, 'like_count': 0, 'quote_count': 0}",bholi pheri strike! #pissed,385309335947329536,77690413,385309335947329536,everyone,hi,#pissed,,,
2013-09-26T18:10:40.000Z,Twitter for Android,"{'retweet_count': 0, 'reply_count': 0, 'like_count': 1, 'quote_count': 0}",Keep calm n keep kaam se kaam! #Pissed,383292554013200384,1464008508,383292554013200384,everyone,hi,#pissed,,,
2013-09-23T11:45:24.000Z,Instagram,"{'retweet_count': 0, 'reply_count': 0, 'like_count': 0, 'quote_count': 0}",#Redskins #pissed #dobetter #getyourlifetogether @ Beechtree http://someurl,382108435544043520,69723904,382108435544043520,everyone,hi,#pissed,,,
2013-09-19T21:59:37.000Z,Twitter Web App,"{'retweet_count': 0, 'reply_count': 0, 'like_count': 1, 'quote_count': 0}",Aaj kal mera paarah high hora hai. #pissed ðŸ˜‚ðŸ˜‚ðŸ˜‚ðŸ˜‚,380813456053506049,264018507,380813456053506049,everyone,hi,#pissed,,,
2013-09-16T19:53:26.000Z,Twitter for iPhone,"{'retweet_count': 0, 'reply_count': 0, 'like_count': 1, 'quote_count': 0}",Bhejo...aur players bhejo loan pe...!!!! | #pissed,379694537700282368,558275425,379694537700282368,everyone,hi,#pissed,,,
2013-09-14T08:00:01.000Z,Instagram,"{'retweet_count': 0, 'reply_count': 0, 'like_count': 0, 'quote_count': 0}",azaaarrr!! #insane #crazy #pissed @ Bur Dubai http://someurl,378790221787439104,1147751041,378790221787439104,everyone,hi,#pissed,,,"{'coordinates': {'type': 'Point', 'coordinates': [55.2996542, 25.25596608]}}"
2013-09-10T23:28:18.000Z,Twitter for iPhone,"{'retweet_count': 0, 'reply_count': 0, 'like_count': 2, 'quote_count': 0}",HI IM #PISSED,377574283054022657,150538715,377574283054022657,everyone,hi,#pissed,,,
2013-09-03T13:52:07.000Z,Twitter for BlackBerryÂ®,"{'retweet_count': 0, 'reply_count': 2, 'like_count': 0, 'quote_count': 0}",Ta gaji ne!@someuser Yazaayi ina girki kanwata na bacchi.......#pissed,374892566313185280,265910292,374892566313185280,everyone,hi,#pissed,,,
2013-09-03T13:48:48.000Z,Twitter for Android,"{'retweet_count': 2, 'reply_count': 0, 'like_count': 1, 'quote_count': 0}",Yazaayi ina girki kanwata na bacchi.......#pissed,374891730686181376,611565593,374891730686181376,everyone,hi,#pissed,,,
2013-09-02T10:57:00.000Z,Twitter Web Client,"{'retweet_count': 0, 'reply_count': 0, 'like_count': 0, 'quote_count': 0}",Self esteem ki to dhajjiya udha di hain Woodward aur Moyes ne! Yak Thu! #Pissed,374486107473199104,31191772,374486107473199104,everyone,hi,#pissed,,,
2013-08-31T11:09:52.000Z,Twitter for iPhone,"{'retweet_count': 0, 'reply_count': 0, 'like_count': 0, 'quote_count': 0}",@someuser are tab to  punishment hoga hang till death abhi uska kya jata hai wo uski kuch thodi lagti hai #pissed of wid law n order,373763772705304576,628369634,373764570734534656,everyone,hi,#pissed,"[{'type': 'replied_to', 'id': '373763772705304576'}]",82827102,
2013-08-23T09:27:15.000Z,Twitter for iPhone,"{'retweet_count': 0, 'reply_count': 1, 'like_count': 1, 'quote_count': 0}",@someuser @someuser mujhse to poocha bhi nahin #feelingleftout #pissed,370836087662735360,46917611,370839643912409088,everyone,hi,#pissed,"[{'type': 'replied_to', 'id': '370836577720606722'}]",74947226,
2013-08-19T05:51:14.000Z,Twitter for Windows Phone,"{'retweet_count': 0, 'reply_count': 0, 'like_count': 0, 'quote_count': 0}",Bhenchod sare aakal ke dushman yahan par he paida hue the. #Pissed,369335729366638592,321858802,369335729366638592,everyone,hi,#pissed,,,
2013-08-15T15:41:45.000Z,Facebook,"{'retweet_count': 0, 'reply_count': 0, 'like_count': 0, 'quote_count': 0}",Sikandars wife: Abay koi tw pakro ise jaldi aa k !! | Mai ne Ishq-e-mamno bhi dekhna hey ghar ja k..| #behlool #pissed,368034785601810432,160952642,368034785601810432,everyone,hi,#pissed,,,
2013-08-11T13:28:01.000Z,Twitter Web Client,"{'retweet_count': 0, 'reply_count': 0, 'like_count': 0, 'quote_count': 0}",ANTI-HADDADI| >:(| #PISSED,366551579358277634,148064173,366551579358277634,everyone,hi,#pissed,,,
2013-08-07T18:25:21.000Z,TweetCaster for Android,"{'retweet_count': 0, 'reply_count': 0, 'like_count': 0, 'quote_count': 0}","Uska sadaa sa phone,| Jisme Whatsapp bhi nahi chalta. #pissed",365176854677692416,798951662,365176854677692416,everyone,hi,#pissed,,,
2013-08-07T10:44:45.000Z,Twitter for iPad,"{'retweet_count': 0, 'reply_count': 0, 'like_count': 0, 'quote_count': 0}","Shaadi ki baat meri Chal rahi hai, tension poori duniya ko hai :(:(:( #pissed off with nosey relatives >_<",365060942209355776,91616076,365060942209355776,everyone,hi,#pissed,,,
2013-07-22T04:04:59.000Z,Twitter for Android,"{'retweet_count': 0, 'reply_count': 1, 'like_count': 0, 'quote_count': 0}",@someuser @someuser isha prontheee u ne te gal e khu ch sutt ti. #pissed,359152873386422274,345462476,359162131679150080,everyone,hi,#pissed,"[{'type': 'replied_to', 'id': '359161529263865856'}]",1368958314,
2013-07-21T16:14:48.000Z,Twitter Web Client,"{'retweet_count': 0, 'reply_count': 0, 'like_count': 0, 'quote_count': 0}",Chai nahi aa ke de rahi aik to. #Pissed,358983407469998080,377353972,358983407469998080,everyone,hi,#pissed,,,
2013-07-21T14:54:25.000Z,Twitter for BlackBerryÂ®,"{'retweet_count': 0, 'reply_count': 0, 'like_count': 0, 'quote_count': 0}",Hoyo muthu udo vunda vhana vha vhathu maa ...#Pissed@someuser: Katsande ke skero aowa!!!!,358963176529858561,331742097,358963176529858561,everyone,hi,#pissed,,,
2013-07-21T14:16:55.000Z,Twitter for BlackBerryÂ®,"{'retweet_count': 0, 'reply_count': 0, 'like_count': 0, 'quote_count': 0}",Ai ai ai...#pissed,358953739169701888,595811759,358953739169701888,everyone,hi,#pissed,,,
2013-07-18T19:24:36.000Z,Twitter for Android,"{'retweet_count': 0, 'reply_count': 0, 'like_count': 0, 'quote_count': 0}",Wana watch Bhaag Milka Bhagg .. :-( #planfailures #pissed,357944006279299073,244998497,357944006279299073,everyone,hi,#pissed,,,
2013-07-13T17:08:39.000Z,UberSocial for BlackBerry,"{'retweet_count': 0, 'reply_count': 0, 'like_count': 0, 'quote_count': 0}",Hulle se ek hom my WIND GAT.| | Ek se ek hal VIND 8 my GAT| | #pissed,356097854483341312,511461218,356097854483341312,everyone,hi,#pissed,,,
2013-07-13T10:38:39.000Z,Twitter Web Client,"{'retweet_count': 0, 'reply_count': 1, 'like_count': 0, 'quote_count': 0}",@someuser To sab ki kahani mujhe kyun bata rahi ho?? Mein sab se different hun! #Pissed,355997358321963010,1423937250,355999710600892416,everyone,hi,#pissed,"[{'type': 'replied_to', 'id': '355999292554612736'}]",1079933622,
2013-07-10T03:58:16.000Z,Twitter for Android,"{'retweet_count': 0, 'reply_count': 0, 'like_count': 1, 'quote_count': 0}",Kal to uthna v late aa jide layi jaldi utheya unu neend aandi aa te bhane hor e mari jandi a #pissed,354811784554749952,345462476,354811784554749952,everyone,hi,#pissed,,,"{'coordinates': {'type': 'Point', 'coordinates': [75.52207558, 32.24960089]}}"
2013-07-08T00:51:51.000Z,Mobile Web (M2),"{'retweet_count': 0, 'reply_count': 1, 'like_count': 0, 'quote_count': 0}",@someuser Kal bi baat hui thi or wo bi del. Ho gae ! :-@ #pissed,353631809478721536,307712650,354040095575261184,everyone,hi,#pissed,"[{'type': 'replied_to', 'id': '353973079074021377'}]",38734639,
2013-07-07T11:27:14.000Z,Mobile Web (M2),"{'retweet_count': 0, 'reply_count': 0, 'like_count': 0, 'quote_count': 0}",chutiya samajha hai Kya #pissed,353837608389971968,232661413,353837608389971968,everyone,hi,#pissed,,,
2013-07-05T13:36:32.000Z,Twitter Web Client,"{'retweet_count': 0, 'reply_count': 0, 'like_count': 0, 'quote_count': 0}",argh ewan #pissed,353145370483752960,291129534,353145370483752960,everyone,hi,#pissed,,,
2013-07-02T19:39:29.000Z,Vine - Make a Scene,"{'retweet_count': 0, 'reply_count': 0, 'like_count': 0, 'quote_count': 0}",#howto #bother #your #brother #remake #selfie #magic #lmfao #yolo #hes #pissed Ray Ligaya http://someurl,352149549273452544,965416704,352149549273452544,everyone,hi,#pissed,,,
2013-07-02T17:25:02.000Z,Mobile Web (M2),"{'retweet_count': 0, 'reply_count': 1, 'like_count': 0, 'quote_count': 0}",@someuser Insta. Upload!!?????| Kyun bhadak bithave hai??? #pissed,351729305564356611,307712650,352115713726615552,everyone,hi,#pissed,"[{'type': 'replied_to', 'id': '352109669751336960'}]",38734639,
2013-06-30T20:17:22.000Z,Twitter for Android,"{'retweet_count': 1, 'reply_count': 0, 'like_count': 0, 'quote_count': 0}",#Pakistan se Zinda Bhaag #shiagenocide #pissed,351434304645107712,33877562,351434304645107712,everyone,hi,#pissed,,,
2013-06-29T20:08:44.000Z,Twitter for Android,"{'retweet_count': 0, 'reply_count': 1, 'like_count': 1, 'quote_count': 0}",@someuser Ab bas bhi karo insist karna @someuser isne to meray dimag ki dahi kardi hai ye keh keh kar ke eye to eye sun lo #pissed!!,351069743433789443,239003718,351069743433789443,everyone,hi,#pissed,,1474576236,
2013-06-27T12:14:25.000Z,Instagram,"{'retweet_count': 0, 'reply_count': 0, 'like_count': 0, 'quote_count': 0}",dhin :)) #skate #drink #shot #hot #hotskate #skatedrunk #drunk #fucked #pissed #heineken #coors #drop http://someurl,350225603670192130,923907638,350225603670192130,everyone,hi,#pissed,,,
2013-06-23T03:26:19.000Z,Twitter for iPad,"{'retweet_count': 0, 'reply_count': 0, 'like_count': 0, 'quote_count': 0}",Jheez #pissed,348643153642926081,192617075,348643153642926081,everyone,hi,#pissed,,,
2013-06-19T19:25:57.000Z,Twitter for Android,"{'retweet_count': 0, 'reply_count': 0, 'like_count': 0, 'quote_count': 0}",Acha khasa so gae thi. Beens kharab karde meri #pissed,347435099907833856,82543845,347435099907833856,everyone,hi,#pissed,,,
2013-06-19T18:42:08.000Z,Twitter for BlackBerryÂ®,"{'retweet_count': 0, 'reply_count': 1, 'like_count': 0, 'quote_count': 0}",@someuser go away! Jhoti jhoti baate you people do! Jab tak bolo nahi dekhta nahi kuch : / #Pissed,347417480295239680,545970935,347424074575781888,everyone,hi,#pissed,"[{'type': 'replied_to', 'id': '347423060984475648'}]",159366261,
2013-06-17T07:25:02.000Z,Twitter for Android,"{'retweet_count': 0, 'reply_count': 1, 'like_count': 0, 'quote_count': 0}",@someuser and the girls egolon la e76 3alaich ! Sektai .. #pissed,346528142594285568,48415301,346528897694846977,everyone,hi,#pissed,"[{'type': 'replied_to', 'id': '346528302397259777'}]",96430763,
2013-06-15T13:40:01.000Z,Twitter for Android,"{'retweet_count': 0, 'reply_count': 0, 'like_count': 1, 'quote_count': 0}","Match gaya bhaar mein aur larkiyan gaii jahannum mein ... Nara e takbeer ... Islam Zindabaad, Taalibaan paindabaad!! #pissed #quetta",345898492830552065,33877562,345898492830552065,everyone,hi,#pissed,,,
2013-06-07T05:10:12.000Z,Twitter for BlackBerryÂ®,"{'retweet_count': 0, 'reply_count': 0, 'like_count': 0, 'quote_count': 0}","Mumbaikars praising Mumbai, Delhiites praising Delhi.. BC kabhi desh ko ek samjha he?? #pissed",342871087480180737,66625580,342871087480180737,everyone,hi,#pissed,,,
2013-05-28T07:43:41.000Z,TweetCaster for Android,"{'retweet_count': 1, 'reply_count': 0, 'like_count': 1, 'quote_count': 0}",Baee walkedd INN.| | #PISSED,339285836505960449,1439413586,339285836505960449,everyone,hi,#pissed,,,
2013-05-28T01:20:52.000Z,Instagram,"{'retweet_count': 0, 'reply_count': 0, 'like_count': 0, 'quote_count': 0}",@someuser ash123aa #pissed #broken #bike #light #asshole #jokes http://someurl,339189496140668928,906911821,339189496140668928,everyone,hi,#pissed,,252295837,
2013-05-24T23:04:59.000Z,Twitter Web Client,"{'retweet_count': 0, 'reply_count': 0, 'like_count': 1, 'quote_count': 0}",Pooray GHAR main #GreenTea ka daur chala aur kisi ne mujhe KHABAR TAK nahi hone di! :@ #Pissed #KuttayWaliZindagi,338068137071222784,377353972,338068137071222784,everyone,hi,#pissed,,,
2013-05-24T13:43:13.000Z,UberSocial for BlackBerry,"{'retweet_count': 0, 'reply_count': 0, 'like_count': 0, 'quote_count': 0}",Shuthi yimi islima lana...#pissed!!,337926764997267456,1295403745,337926764997267456,everyone,hi,#pissed,,,
2013-05-23T14:59:12.000Z,Twitter Web Client,"{'retweet_count': 0, 'reply_count': 1, 'like_count': 0, 'quote_count': 0}",hw i hate ghetto gals #pissed,337583496006623232,494075225,337583496006623232,everyone,hi,#pissed,,,
2013-05-23T04:36:54.000Z,Twitter for Android,"{'retweet_count': 0, 'reply_count': 0, 'like_count': 1, 'quote_count': 0}",10 min. se ek bhi bus nhi aayi is taraf. kya saare transformers the ? duniya ko bchane chale gye ? #pissed #delhi #transport #office,337426892179267584,49274051,337426892179267584,everyone,hi,#pissed,,,
2013-05-21T12:55:52.000Z,Twitter for BlackBerryÂ®,"{'retweet_count': 0, 'reply_count': 0, 'like_count': 0, 'quote_count': 0}",Wah moshele skutsam #Pissed,336827685118550016,1433471166,336827685118550016,everyone,hi,#pissed,,,
2013-05-10T15:46:02.000Z,TweetCaster for Android,"{'retweet_count': 1, 'reply_count': 0, 'like_count': 0, 'quote_count': 0}","Gaand maarlo meri ache se, kahin koi kasar na reh jaaye.. #pissed",332884239634812928,197798249,332884239634812928,everyone,hi,#pissed,,,
2013-05-10T08:48:50.000Z,Twitter for iPhone,"{'retweet_count': 1, 'reply_count': 0, 'like_count': 0, 'quote_count': 0}",Log itne munafik ku hotey hai!! #pissed,332779248504930304,535080700,332779248504930304,everyone,hi,#pissed,,,
2013-05-01T20:22:40.000Z,Twitter for Android,"{'retweet_count': 0, 'reply_count': 0, 'like_count': 0, 'quote_count': 0}",Ungli pakarwa ke daaman khenchwaa rehee hoon. #pissed,329692368347492352,242651047,329692368347492352,everyone,hi,#pissed,,,
2013-04-30T03:51:10.000Z,Twitter for Android,"{'retweet_count': 0, 'reply_count': 0, 'like_count': 0, 'quote_count': 0}",Durantula is gettin #pissed,329080462091907073,758384292,329080462091907073,everyone,hi,#pissed,,,
2013-04-28T01:51:15.000Z,Twitter for iPhone,"{'retweet_count': 0, 'reply_count': 0, 'like_count': 0, 'quote_count': 0}",Sheesh... ðŸ˜’ #pissed,328325508649598976,375329558,328325508649598976,everyone,hi,#pissed,,,
2013-04-20T21:09:32.000Z,Instagram,"{'retweet_count': 0, 'reply_count': 0, 'like_count': 0, 'quote_count': 0}",#me #i #sam #bestfriends #brunette #redhead #drunk #pissed #town #out #yey #saturday samanthalatta http://someurl,325717895785111552,42421008,325717895785111552,everyone,hi,#pissed,,,
2013-03-31T16:29:41.000Z,iOS,"{'retweet_count': 1, 'reply_count': 1, 'like_count': 0, 'quote_count': 0}",Kar Bhala Ban Gadha! #Pissed,318399713609150464,31436493,318399713609150464,everyone,hi,#pissed,,,
2013-03-25T10:57:01.000Z,Twitter for iPhone,"{'retweet_count': 1, 'reply_count': 0, 'like_count': 0, 'quote_count': 0}","Iska ye #farmville, iska ye laptop, iski ye chai ka cup, iska ye #BBM aur iska mooh! Sab tod doon bc? #Pissed",316141664597078017,31436493,316141664597078017,everyone,hi,#pissed,,,
2013-03-23T11:59:23.000Z,UberSocial for BlackBerry,"{'retweet_count': 0, 'reply_count': 0, 'like_count': 0, 'quote_count': 0}",Baray bhai ko charge karou gey!!! #Pissed@someuser @someuser,315432586375733248,191252401,315432586375733248,everyone,hi,#pissed,,,
2013-03-22T13:00:37.000Z,Twitter Web Client,"{'retweet_count': 0, 'reply_count': 0, 'like_count': 0, 'quote_count': 0}",epal neto aa #pissed,315085608521445376,40496786,315085608521445376,everyone,hi,#pissed,,,
2013-03-22T03:51:16.000Z,Instagram,"{'retweet_count': 0, 'reply_count': 0, 'like_count': 0, 'quote_count': 0}",Pyarrrr late nite iced buns hetalhathiwala #snack #munch #drunk #food #greedy #hungry #pissed #instatwats http://someurl,314947359010328577,43916726,314947359010328577,everyone,hi,#pissed,,,
2013-03-16T16:09:35.000Z,Twitter Web Client,"{'retweet_count': 0, 'reply_count': 0, 'like_count': 2, 'quote_count': 0}",a beggar  at  a signal at  kolkata   told  me  aap   mast  ho ashmit  bhaiya  #pissed,312958835872653312,1272195744,312958835872653312,everyone,hi,#pissed,,,
2013-03-12T13:15:04.000Z,Twitter Web Client,"{'retweet_count': 0, 'reply_count': 2, 'like_count': 0, 'quote_count': 0}",Pai @someuser Yehi tou seyaapa hai. Humaray Legend retire hounay k baad apne app ko (Na Auzobillah) Khuda samjhne lagtey hain! #Pissed,311457169277059073,191252401,311465365043544065,everyone,hi,#pissed,"[{'type': 'replied_to', 'id': '311464347962589184'}]",173890260,
2013-03-12T02:53:44.000Z,Twitter for Android,"{'retweet_count': 0, 'reply_count': 0, 'like_count': 0, 'quote_count': 0}","Mane , Im #Pissed",311309000216047617,714621228,311309000216047617,everyone,hi,#pissed,,,
2013-03-09T01:28:48.000Z,Twitter for iPhone,"{'retweet_count': 0, 'reply_count': 1, 'like_count': 0, 'quote_count': 0}",Smokin Sheesha @someuser @someuser #pissed,310200465491111936,56459824,310200465491111936,everyone,hi,#pissed,,,
2013-03-03T10:26:05.000Z,Twitter for Android,"{'retweet_count': 1, 'reply_count': 0, 'like_count': 0, 'quote_count': 0}",@someuser ye sab WO police waley they jin ke waldiyat ke khaaney mein bhi namaloom afrad likha huta hey!!!! #pissed,308161348804681728,33877562,308161348804681728,everyone,hi,#pissed,,198746310,
2013-02-20T01:37:55.000Z,Twitter for Android,"{'retweet_count': 0, 'reply_count': 0, 'like_count': 0, 'quote_count': 0}",Tha Shit Jaydaa Toldd mee <<<< #pissed !,304042165493981187,285398244,304042165493981187,everyone,hi,#pissed,,,
2013-02-17T12:56:18.000Z,Twitter for BlackBerryÂ®,"{'retweet_count': 0, 'reply_count': 0, 'like_count': 0, 'quote_count': 0}",Yeh kiya bakwaas hai? #Pissed -.-,303125721352634368,112390418,303125721352634368,everyone,hi,#pissed,,,
2013-02-17T11:31:02.000Z,Twitter for iPhone,"{'retweet_count': 0, 'reply_count': 0, 'like_count': 0, 'quote_count': 0}",Bole chudiyaaaannn! #pissed,303104264752988160,503060972,303104264752988160,everyone,hi,#pissed,,,
2013-02-15T18:56:37.000Z,Twitter for Android,"{'retweet_count': 0, 'reply_count': 0, 'like_count': 0, 'quote_count': 0}",Hashtag #pissed... Again -_-,302491621931511808,290312005,302491621931511808,everyone,hi,#pissed,,,
2013-02-07T03:10:28.000Z,Twitter Web Client,"{'retweet_count': 0, 'reply_count': 0, 'like_count': 0, 'quote_count': 0}",MANE IM #PISSED,299354414269992960,714621228,299354414269992960,everyone,hi,#pissed,,,
2013-02-02T22:13:03.000Z,Instagram,"{'retweet_count': 0, 'reply_count': 0, 'like_count': 0, 'quote_count': 0}",Badboiii haa #pissed #readytoparty #goingoff http://someurl,297830013636587521,389940384,297830013636587521,everyone,hi,#pissed,,,
2013-01-31T06:02:54.000Z,Twitter Web Client,"{'retweet_count': 0, 'reply_count': 0, 'like_count': 0, 'quote_count': 0}",chutiyaaaa warid -_- :@ #pissed,296861090481074179,485167323,296861090481074179,everyone,hi,#pissed,,,
2013-01-30T16:47:52.000Z,Twitter for iPhone,"{'retweet_count': 0, 'reply_count': 1, 'like_count': 0, 'quote_count': 0}",@someuser shutt itt #pissed haha,296615282930241536,758040930,296661015968493568,everyone,hi,#pissed,"[{'type': 'replied_to', 'id': '296660849148436481'}]",509282299,
2013-01-29T03:26:17.000Z,Twitter SMS,"{'retweet_count': 0, 'reply_count': 0, 'like_count': 0, 'quote_count': 0}",Im 38 hot laawwwdd #Pissed,296096901349113856,232552255,296096901349113856,everyone,hi,#pissed,,,
2013-01-27T07:00:08.000Z,Twitter for iPhone,"{'retweet_count': 1, 'reply_count': 1, 'like_count': 3, 'quote_count': 0}",@someuser geesh #pissed #tagher:),295425386760785920,838686379,295425942434750464,everyone,hi,#pissed,"[{'type': 'replied_to', 'id': '295425386760785920'}]",561267347,
2013-01-17T10:51:24.000Z,Facebook,"{'retweet_count': 0, 'reply_count': 1, 'like_count': 0, 'quote_count': 0}",God Bless Karachi ... Allah reham karay! Kasam say kaha rehtay hai yaar hum log salaa rozana koi na koi adventure hota hai #Pissed,291860265086095361,51139360,291860265086095361,everyone,hi,#pissed,,,
2013-01-13T01:01:58.000Z,Twitter for iPhone,"{'retweet_count': 0, 'reply_count': 0, 'like_count': 0, 'quote_count': 0}",Rahim Moore is garbage #pissed,290262380527632384,493727866,290262380527632384,everyone,hi,#pissed,,,
2013-01-04T22:20:20.000Z,Twitter for BlackBerryÂ®,"{'retweet_count': 0, 'reply_count': 0, 'like_count': 0, 'quote_count': 0}",Kwenziwan ke makunje #Pissed,287322599367782400,155868952,287322599367782400,everyone,hi,#pissed,,,
2013-01-03T11:27:27.000Z,Twitter for Windows Phone,"{'retweet_count': 0, 'reply_count': 0, 'like_count': 0, 'quote_count': 0}",GhuddMornin #Pissed,286795906454548480,553231998,286795906454548480,everyone,hi,#pissed,,,
2013-01-02T13:42:31.000Z,Twitter for Android,"{'retweet_count': 1, 'reply_count': 1, 'like_count': 0, 'quote_count': 0}",Duniya mein Chutiyo ki kami nahi hai...| | #Pissed,286467508712640512,102008188,286467508712640512,everyone,hi,#pissed,,,
2012-12-31T21:29:35.000Z,Twitter for iPhone,"{'retweet_count': 0, 'reply_count': 0, 'like_count': 0, 'quote_count': 0}",@someuser Hee Hee Hee! #Pissed,285859812649074688,79017086,285860277667385344,everyone,hi,#pissed,"[{'type': 'replied_to', 'id': '285860142950539264'}]",79289845,
2012-12-30T08:28:49.000Z,Twitter for iPhone,"{'retweet_count': 0, 'reply_count': 0, 'like_count': 0, 'quote_count': 0}",sheesh..... #pissed,285301402950066177,332991221,285301402950066177,everyone,hi,#pissed,,,
2012-12-19T01:07:41.000Z,Twitter Web Client,"{'retweet_count': 0, 'reply_count': 0, 'like_count': 0, 'quote_count': 0}",@someuser Mai Mr.Heh ko ek thapad maronge......... #pissed,281204119925035008,271213221,281204119925035008,everyone,hi,#pissed,,622498703,
2012-12-16T22:24:34.000Z,Twitter for Android,"{'retweet_count': 0, 'reply_count': 1, 'like_count': 0, 'quote_count': 0}",RAHEESAH BROKE MY NAIL #PISSED #sillygirl,280438294662238208,554630976,280438294662238208,everyone,hi,#pissed,,,
2012-12-16T18:22:28.000Z,Mobile Web (M2),"{'retweet_count': 0, 'reply_count': 0, 'like_count': 0, 'quote_count': 0}",Eh havha mufumakadzi vhaya phapha vha mueni avhadi fare #pissed,280377368168763392,499582600,280377368168763392,everyone,hi,#pissed,,,
2012-12-16T00:37:22.000Z,Twitter Web Client,"{'retweet_count': 0, 'reply_count': 0, 'like_count': 0, 'quote_count': 0}",samokaaa baa oyyy! >.< #pissed,280109327476469760,155842410,280109327476469760,everyone,hi,#pissed,,,
2012-12-13T19:30:29.000Z,TweetDeck,"{'retweet_count': 0, 'reply_count': 1, 'like_count': 0, 'quote_count': 0}",eeyah...sowie RT @someuser #pissed,279307321325260801,146867527,279307321325260801,everyone,hi,#pissed,,,
2012-12-09T08:12:33.000Z,PlumeÂ forÂ Android,"{'retweet_count': 0, 'reply_count': 0, 'like_count': 0, 'quote_count': 0}",- tf kinndaa shit is that ? #pissed,277687164492472320,391415591,277687164492472320,everyone,hi,#pissed,,,
2012-12-08T13:06:15.000Z,Twitter for BlackBerryÂ®,"{'retweet_count': 0, 'reply_count': 0, 'like_count': 0, 'quote_count': 0}",Vaahiyaad !! Saraasar Vahiyaad !! #Pissed,277398687028760578,123951866,277398687028760578,everyone,hi,#pissed,,,
2012-12-08T07:17:35.000Z,Mobile Web (M2),"{'retweet_count': 0, 'reply_count': 0, 'like_count': 0, 'quote_count': 0}",Arey yaar Ye kya bakwas hai? #IndvsEng #pissed,277310944030363648,223775530,277310944030363648,everyone,hi,#pissed,,,
2012-12-08T05:19:01.000Z,Twitter for BlackBerryÂ®,"{'retweet_count': 0, 'reply_count': 0, 'like_count': 0, 'quote_count': 0}",Cha asheshile ukufika ama visitor layikhaya this year #pissed,277281103335813120,309887943,277281103335813120,everyone,hi,#pissed,,,
2012-12-08T05:04:12.000Z,Twitter for iPhone,"{'retweet_count': 0, 'reply_count': 0, 'like_count': 0, 'quote_count': 0}",greeaatt. #pissed,277277377296482305,313415295,277277377296482305,everyone,hi,#pissed,,,
2012-12-06T19:09:21.000Z,Twitter for iPhone,"{'retweet_count': 0, 'reply_count': 0, 'like_count': 0, 'quote_count': 0}",Suuu puutaa madree...! ðŸ˜£ #Pissed,276765287569829888,394361450,276765287569829888,everyone,hi,#pissed,,,
2012-12-03T07:18:38.000Z,Instagram,"{'retweet_count': 0, 'reply_count': 0, 'like_count': 0, 'quote_count': 0}",Yuup #FML #Pissed http://someurl,275499267496505346,168414662,275499267496505346,everyone,hi,#pissed,,,
2012-11-28T12:03:00.000Z,Twitter Web Client,"{'retweet_count': 0, 'reply_count': 2, 'like_count': 0, 'quote_count': 0}",Kis ekhtoo #Pissed,273758889474940928,348763497,273758889474940928,everyone,hi,#pissed,,,
2012-11-25T18:58:21.000Z,Twitter for iPhone,"{'retweet_count': 0, 'reply_count': 1, 'like_count': 0, 'quote_count': 0}",Sharam naam ki tou cheez hi nahi hai na is zamane mein. #pissed,272776254409818112,220746043,272776254409818112,everyone,hi,#pissed,,,
2012-11-24T08:37:58.000Z,Twitter for Android,"{'retweet_count': 2, 'reply_count': 0, 'like_count': 1, 'quote_count': 0}",Samantha #pissed,272257742654287872,517127206,272257742654287872,everyone,hi,#pissed,,,
2012-11-23T18:55:09.000Z,Twitter for iPhone,"{'retweet_count': 0, 'reply_count': 0, 'like_count': 0, 'quote_count': 0}",Jab mujhay koi kaam ho ussi waqt 100 maslay aur kaam aa jaatay hain #pissed,272050674051731456,48785330,272050674051731456,everyone,hi,#pissed,,,
2012-11-22T19:05:28.000Z,Twitter Web Client,"{'retweet_count': 0, 'reply_count': 1, 'like_count': 0, 'quote_count': 0}",@someuser Pizza nai mila muje aaj bhi!!! :-/ #Pissed,271335986456322048,354567509,271690881352998912,everyone,hi,#pissed,"[{'type': 'replied_to', 'id': '271509444687433728'}]",47324679,
2012-11-19T03:33:12.000Z,Twitter for Android,"{'retweet_count': 0, 'reply_count': 0, 'like_count': 0, 'quote_count': 0}",DRAKE>>>>>> nikki #pissed,270369106136547329,101885964,270369106136547329,everyone,hi,#pissed,,,
2012-11-12T04:54:26.000Z,Twitter for BlackBerryÂ®,"{'retweet_count': 0, 'reply_count': 1, 'like_count': 0, 'quote_count': 0}","@someuser #Pissed ai,uzabhoreka yazi,kodwa kancane kancane babe!!!uBhale kahle&dont let satan disturb u ;)",267850190394888192,118941104,267852830927376385,everyone,hi,#pissed,"[{'type': 'replied_to', 'id': '267852221448871936'}]",502047297,
2012-11-07T19:08:29.000Z,Twitter for BlackBerryÂ®,"{'retweet_count': 0, 'reply_count': 0, 'like_count': 0, 'quote_count': 0}",Kidda sala gundh paya pya .... #pissed,266255821988589569,405869702,266255821988589569,everyone,hi,#pissed,,,
2012-11-01T22:26:16.000Z,Twitter Web Client,"{'retweet_count': 0, 'reply_count': 1, 'like_count': 0, 'quote_count': 0}",iGaddaa Sing Fridayee !!!! -___________________________- #Pissed !,264131269082882048,479999676,264131269082882048,everyone,hi,#pissed,,,
2012-10-31T00:00:35.000Z,Twitter for iPad,"{'retweet_count': 0, 'reply_count': 0, 'like_count': 0, 'quote_count': 0}",@someuser yuup #pissed #groundedfortherestofmylife,263383210514329601,816484712,263430229777846273,everyone,hi,#pissed,"[{'type': 'replied_to', 'id': '263430003025387520'}]",816495098,
2012-10-13T21:07:16.000Z,Twitter for iPhone,"{'retweet_count': 0, 'reply_count': 0, 'like_count': 0, 'quote_count': 0}",Naiki ka zamana he nahin hai #pissed,257226020137091073,48623466,257226020137091073,everyone,hi,#pissed,,,
2012-10-11T17:22:32.000Z,Windows Phone,"{'retweet_count': 0, 'reply_count': 0, 'like_count': 0, 'quote_count': 0}",dwag man @someuser im #PISSED,256444032409014272,483132439,256444688846954496,everyone,hi,#pissed,"[{'type': 'replied_to', 'id': '256444032409014272'}]",383842026,
2012-10-07T19:41:40.000Z,Twitter for Android,"{'retweet_count': 0, 'reply_count': 3, 'like_count': 0, 'quote_count': 0}",inkasrat il shaasha #wai3 #s3 #pissed,255030148557058049,185408093,255030148557058049,everyone,hi,#pissed,,,
2012-10-02T07:39:16.000Z,Twitter for Android,"{'retweet_count': 0, 'reply_count': 0, 'like_count': 0, 'quote_count': 0}",Subha subha nautanki #Pissed,253036410632818688,27406372,253036410632818688,everyone,hi,#pissed,,,
2012-09-28T15:41:15.000Z,Mobile Web,"{'retweet_count': 0, 'reply_count': 1, 'like_count': 0, 'quote_count': 0}",jati gare ni kaile kura namilne... Baalai ho malai ni!!! #pissed,251708156449792000,330526965,251708156449792000,everyone,hi,#pissed,,,
2012-09-25T17:38:29.000Z,Twitter for BlackBerryÂ®,"{'retweet_count': 0, 'reply_count': 0, 'like_count': 0, 'quote_count': 0}","Ganpati me naachte waqt, bhenchod ye ladkiya itna dhakka kyu deti hai?  #Pissed #MindFucked #angry",250650496308756480,72061987,250650496308756480,everyone,hi,#pissed,,,
2012-09-18T20:34:31.000Z,Twitter for iPhone,"{'retweet_count': 0, 'reply_count': 0, 'like_count': 0, 'quote_count': 0}",Poop poop poop poop poop #pissed,248158080540487680,405056648,248158080540487680,everyone,hi,#pissed,,,
2012-09-17T10:49:34.000Z,UberSocial for BlackBerry,"{'retweet_count': 0, 'reply_count': 0, 'like_count': 0, 'quote_count': 0}",Mantombazane valani amathanga nivule inqondo....| | #pissed#,247648482976989184,361725766,247648482976989184,everyone,hi,#pissed,,,
2012-09-17T09:47:15.000Z,Twitter Web Client,"{'retweet_count': 0, 'reply_count': 0, 'like_count': 0, 'quote_count': 0}",Shabba Kohli century karnee hai aaj #ChangingSides #Pissed,247632801837502464,87620754,247632801837502464,everyone,hi,#pissed,,,
2012-09-17T01:38:20.000Z,Twitter Web Client,"{'retweet_count': 0, 'reply_count': 0, 'like_count': 0, 'quote_count': 0}","Amma need to talk to Baron , Chaya or Vakala . #PISSED",247509762827243520,315419800,247509762827243520,everyone,hi,#pissed,,,
2012-09-10T20:25:35.000Z,UberSocial for Android,"{'retweet_count': 0, 'reply_count': 0, 'like_count': 0, 'quote_count': 0}",in do kaminiyon ne kalse mera dimaag karab karrakhkha hai.their tweets..bladi bashers RT @someuser #pissed #blood ... http://someurl,245256729154166784,464525577,245256729154166784,everyone,hi,#pissed,,,
2012-09-09T18:16:58.000Z,Twitter for Android,"{'retweet_count': 0, 'reply_count': 0, 'like_count': 0, 'quote_count': 0}",Mane Im #pissed,244861972468883456,324530261,244861972468883456,everyone,hi,#pissed,,,
2012-08-31T13:58:08.000Z,Twitter Web Client,"{'retweet_count': 0, 'reply_count': 1, 'like_count': 0, 'quote_count': 0}",@someuser nai yaar #pissed,241532386158985217,183403437,241535344674222080,everyone,hi,#pissed,"[{'type': 'replied_to', 'id': '241532386158985217'}]",382763606,
2012-08-28T10:34:12.000Z,Twitter Web Client,"{'retweet_count': 0, 'reply_count': 1, 'like_count': 0, 'quote_count': 0}",Kisi kamine ne meri chair par chewing gum rakh diya. #pissed,240396860018270208,144814996,240396860018270208,everyone,hi,#pissed,,,
2012-08-25T15:08:00.000Z,Twitter for iPhone,"{'retweet_count': 0, 'reply_count': 0, 'like_count': 0, 'quote_count': 0}",@someuser Yaayaya #pissed,239374551241351168,503627455,239378598711156737,everyone,hi,#pissed,"[{'type': 'replied_to', 'id': '239375100976185344'}]",185303314,
2012-08-24T08:23:25.000Z,Instagram,"{'retweet_count': 0, 'reply_count': 1, 'like_count': 0, 'quote_count': 0}",Nooooooo! Sohai!! #pisses #pissed #wrong #spelling #fail http://someurl,238914394912858112,72080177,238914394912858112,everyone,hi,#pissed,,,
2012-08-23T20:11:38.000Z,Twitter for iPhone,"{'retweet_count': 0, 'reply_count': 0, 'like_count': 0, 'quote_count': 0}",Hulk smash!!!! Aarrrrrg #pissed,238730236051738624,41928273,238730236051738624,everyone,hi,#pissed,,,
2012-08-21T13:29:27.000Z,Twitter Web Client,"{'retweet_count': 0, 'reply_count': 0, 'like_count': 0, 'quote_count': 0}",SHIT! SHIT! SHIT! SHIIIIITTTTT!!!!!! KALAGOT JUD! HILAS KAAU!!!!!! #pissed,237904249009348608,166073593,237904249009348608,everyone,hi,#pissed,,,
2012-08-21T00:47:16.000Z,UberSocial for Android,"{'retweet_count': 0, 'reply_count': 0, 'like_count': 0, 'quote_count': 0}",Karlie #pissed,237712439402196993,120887426,237712439402196993,everyone,hi,#pissed,,,
2012-08-16T18:10:19.000Z,Twitter for BlackBerryÂ®,"{'retweet_count': 0, 'reply_count': 0, 'like_count': 0, 'quote_count': 0}",Hungry basapheka namanje laykhaya #pissed,236162991945555968,598647531,236162991945555968,everyone,hi,#pissed,,,
2012-08-10T12:03:57.000Z,Twitter Web Client,"{'retweet_count': 0, 'reply_count': 0, 'like_count': 1, 'quote_count': 0}",sarap mag muay thai #pissed,233896463074205698,268785200,233896463074205698,everyone,hi,#pissed,,,
2012-08-09T22:46:06.000Z,Instagram,"{'retweet_count': 0, 'reply_count': 0, 'like_count': 0, 'quote_count': 0}",#pissed with @someuser hagadga http://someurl,233695678650544128,439998719,233695678650544128,everyone,hi,#pissed,,,
2012-08-07T19:38:47.000Z,Twitter Web Client,"{'retweet_count': 0, 'reply_count': 0, 'like_count': 0, 'quote_count': 0}","@someuser harami agar baaz nhi aa raha tou btao, mein abu se baat krti hun #Pissed. Yeh acha tamasha bana liya hai",232923765321900033,237299955,232923765321900033,everyone,hi,#pissed,,323179789,
2012-08-03T13:51:35.000Z,Twitter for Android,"{'retweet_count': 0, 'reply_count': 1, 'like_count': 0, 'quote_count': 0}",@someuser Yar kon kare che. Yar. Hu to nathi keti aa report apva??? #Pissed again,231385880173096960,313179963,231386837950812160,everyone,hi,#pissed,"[{'type': 'replied_to', 'id': '231385880173096960'}]",6864742,
2012-08-02T11:29:31.000Z,UberSocial for BlackBerry,"{'retweet_count': 0, 'reply_count': 0, 'like_count': 0, 'quote_count': 0}",Bewakoof dost se samjahdar dushan accha #pissed,230988696227295232,29957784,230988696227295232,everyone,hi,#pissed,,,
2012-07-31T03:11:11.000Z,Twitter Web Client,"{'retweet_count': 0, 'reply_count': 0, 'like_count': 0, 'quote_count': 0}",On Dha Phone Wit Dha Bae...| #Pissed,230138511448219648,178516422,230138511448219648,everyone,hi,#pissed,,,
2012-07-29T12:27:24.000Z,Twitter for BlackBerryÂ®,"{'retweet_count': 0, 'reply_count': 0, 'like_count': 0, 'quote_count': 0}",@someuser yaar boyfrnd ho to samajh bhi jaun saala yahan to frnds ne hi dimag khaa liya hai...#pissed,229552811304706048,562146789,229553711716913152,everyone,hi,#pissed,"[{'type': 'replied_to', 'id': '229553082701336577'}]",493058658,
2012-07-25T01:18:40.000Z,TweetCaster for Android,"{'retweet_count': 0, 'reply_count': 0, 'like_count': 0, 'quote_count': 0}",@someuser #pissed bye joshua,227934942800273408,51814269,227935866214027264,everyone,hi,#pissed,"[{'type': 'replied_to', 'id': '227935642611494912'}]",260934174,
2012-06-16T21:35:21.000Z,Twitter for BlackBerryÂ®,"{'retweet_count': 0, 'reply_count': 0, 'like_count': 0, 'quote_count': 0}",anaa ma3aachhh:)! RT @someuser Klhom chathabeen!!!!! :) @someuser #Pissed,214108928773074945,334296569,214108928773074945,everyone,hi,#pissed,,,
2012-06-13T15:25:55.000Z,Twitter for BlackBerryÂ®,"{'retweet_count': 0, 'reply_count': 0, 'like_count': 0, 'quote_count': 0}",Ohaiiiiil naa . . #pissed,212928794019889152,375142215,212928794019889152,everyone,hi,#pissed,,,
2012-06-05T14:59:51.000Z,Twitter for iPhone,"{'retweet_count': 0, 'reply_count': 1, 'like_count': 0, 'quote_count': 0}",@someuser Cheshhhh ooosh #pissed,210023132071866368,291906276,210023132071866368,everyone,hi,#pissed,,96989657,
2012-06-03T21:24:14.000Z,Twitter for BlackBerryÂ®,"{'retweet_count': 0, 'reply_count': 0, 'like_count': 0, 'quote_count': 0}",Phone yaka today ya nkwatisha sies #Pissed,209395091784204289,497927850,209395091784204289,everyone,hi,#pissed,,,
2012-05-30T18:04:42.000Z,Twitter Web Client,"{'retweet_count': 0, 'reply_count': 0, 'like_count': 0, 'quote_count': 0}",maasterji logon ki zubaan ek bilang choti kardo !! #pissed,207895323996192768,413240257,207895323996192768,everyone,hi,#pissed,,,
2012-05-18T04:47:02.000Z,Mobile Web,"{'retweet_count': 0, 'reply_count': 0, 'like_count': 0, 'quote_count': 0}",Sabko 1st aana hai..saalon office pahuchke kuchh ukhaad nhi loge..| #delhitraffic #pissed,203345929133228032,60812415,203345929133228032,everyone,hi,#pissed,,,
2012-05-17T17:30:22.000Z,Twitter for BlackBerryÂ®,"{'retweet_count': 0, 'reply_count': 0, 'like_count': 0, 'quote_count': 0}",#pissed kraa,203175643461066752,501071933,203175643461066752,everyone,hi,#pissed,,,
2012-05-14T03:54:40.000Z,Twitter for iPhone,"{'retweet_count': 0, 'reply_count': 0, 'like_count': 0, 'quote_count': 0}",Watevaa !| #Pissed,201883202103689217,445287577,201883202103689217,everyone,hi,#pissed,,,
2012-05-12T07:49:14.000Z,Twitter for BlackBerryÂ®,"{'retweet_count': 0, 'reply_count': 0, 'like_count': 0, 'quote_count': 0}","Mom always said , kisi ke liye kitne bhi karle end mei laat he padegi ... Aaj samajh aa raha hai .. :/ #MOM #pissed",201217455308292097,237598650,201217455308292097,everyone,hi,#pissed,,,
2012-05-08T19:55:19.000Z,Twitter for Android,"{'retweet_count': 0, 'reply_count': 0, 'like_count': 0, 'quote_count': 0}",@someuser: Racheeaal inn 3 rdd periodd http://someurl #pissed -___- lol,199950629840490497,255181380,199950629840490497,everyone,hi,#pissed,,,
2012-05-06T08:25:52.000Z,Facebook,"{'retweet_count': 0, 'reply_count': 0, 'like_count': 0, 'quote_count': 0}",Heee SATANE KE SATANE ! #PISSED,199052347496865792,81594911,199052347496865792,everyone,hi,#pissed,,,
2012-05-03T01:33:20.000Z,Twitter for Android,"{'retweet_count': 0, 'reply_count': 0, 'like_count': 0, 'quote_count': 0}",Uugghhhhhhh phone broke.....#pissed,197861365103345668,464298770,197861365103345668,everyone,hi,#pissed,,,
2012-04-27T23:10:11.000Z,Twitter for iPhone,"{'retweet_count': 0, 'reply_count': 0, 'like_count': 1, 'quote_count': 0}",yuup. #YoureABitch #pissed,196013401921683456,162909538,196013401921683456,everyone,hi,#pissed,,,
2012-04-25T18:17:04.000Z,Twitter for Android,"{'retweet_count': 0, 'reply_count': 0, 'like_count': 0, 'quote_count': 0}",Sala jab bhi mai koi acchi movie dekhta hu tabhi hi bhosadiki loadshading shuru ho jati hai #pissed,195214860689211393,292128690,195214860689211393,everyone,hi,#pissed,,,
2012-04-25T09:46:54.000Z,Twitter for iPhone,"{'retweet_count': 0, 'reply_count': 0, 'like_count': 0, 'quote_count': 0}",Abyaakh w akhyas 7arakaa lama akon labsa white shirt w atdamar b blue ink !!!! :@ #pissed,195086472511107072,83352017,195086472511107072,everyone,hi,#pissed,,,
2012-04-23T13:54:42.000Z,Mobile Web,"{'retweet_count': 0, 'reply_count': 0, 'like_count': 0, 'quote_count': 0}",Hai hai hai #pissed,194424058698416130,520513840,194424058698416130,everyone,hi,#pissed,,,
2012-04-21T02:08:37.000Z,Twitter for Android,"{'retweet_count': 0, 'reply_count': 0, 'like_count': 0, 'quote_count': 0}",Yonna & Sadiya Aint Shit !!! #Pissed,193521592721092609,206866745,193521592721092609,everyone,hi,#pissed,,,
2012-04-20T00:58:38.000Z,Twitter for Android,"{'retweet_count': 0, 'reply_count': 0, 'like_count': 0, 'quote_count': 0}",Im kindaa #pissed,193141592801034240,37152329,193141592801034240,everyone,hi,#pissed,,,
2012-04-14T21:42:45.000Z,Twitter for BlackBerryÂ®,"{'retweet_count': 0, 'reply_count': 0, 'like_count': 0, 'quote_count': 0}",Kisiki aukad dikhane ka time aa gaya hai .. #Pissed,191280357881020416,115278624,191280357881020416,everyone,hi,#pissed,,,
2012-04-14T20:41:26.000Z,Twitter for iPhone,"{'retweet_count': 0, 'reply_count': 0, 'like_count': 0, 'quote_count': 0}",Aviyah drissed #drunk #pissed,191264927804178432,433594300,191264927804178432,everyone,hi,#pissed,,,
2012-04-14T16:03:20.000Z,Twitter Web Client,"{'retweet_count': 0, 'reply_count': 1, 'like_count': 0, 'quote_count': 0}","b@someuser har din jis team pe bet lagaata hu, haar jaati hai..... agar aaj CSK haari to Dhoni ki M@someuser. #pissed",191194938627719168,69835847,191194938627719168,everyone,hi,#pissed,,,
2012-04-13T16:50:57.000Z,Twitter for iPhone,"{'retweet_count': 0, 'reply_count': 0, 'like_count': 0, 'quote_count': 0}",Manee . . .| #pissed| #likeshid!,190844536405241857,333910897,190844536405241857,everyone,hi,#pissed,,,
2012-04-11T10:04:12.000Z,Twitter Web Client,"{'retweet_count': 0, 'reply_count': 3, 'like_count': 0, 'quote_count': 0}",Tamkeen = Ta36eel = Ta3jeez = Tasfeeh ... #Pissed,190017399016275969,77134916,190017399016275969,everyone,hi,#pissed,,,
2012-04-10T08:28:33.000Z,Twitter for BlackBerryÂ®,"{'retweet_count': 0, 'reply_count': 0, 'like_count': 0, 'quote_count': 0}","Ke kgathetsi, ke halefile jwanong.....#pissed",189630938613940224,506999196,189630938613940224,everyone,hi,#pissed,,,
2012-04-08T03:48:47.000Z,Twitter for Android,"{'retweet_count': 0, 'reply_count': 0, 'like_count': 0, 'quote_count': 0}",#PISSED Saburr Thruu Maa Phonee,188835757258055680,252747085,188835757258055680,everyone,hi,#pissed,,,
2012-04-08T00:14:20.000Z,Twitter for iPhone,"{'retweet_count': 0, 'reply_count': 1, 'like_count': 0, 'quote_count': 0}",@someuser eeyup.. -_- #Pissed,188781555731267585,432863129,188781787877617664,everyone,hi,#pissed,"[{'type': 'replied_to', 'id': '188781555731267585'}]",58903586,
2012-04-06T22:58:23.000Z,Twitter Web Client,"{'retweet_count': 0, 'reply_count': 0, 'like_count': 0, 'quote_count': 0}",poor yankees :( #pissed,188400286795186176,255741212,188400286795186176,everyone,hi,#pissed,,,
2012-04-05T20:46:54.000Z,Twitter for BlackBerryÂ®,"{'retweet_count': 0, 'reply_count': 0, 'like_count': 0, 'quote_count': 0}",Waaaaaiiiiiiii3 Blaa3eemeee waaaiiii3 #PISSED!!!!!!!,188004809675255808,387381171,188004809675255808,everyone,hi,#pissed,,,
2012-04-03T03:54:39.000Z,Twitter SMS,"{'retweet_count': 0, 'reply_count': 0, 'like_count': 0, 'quote_count': 0}",@someuser shuut up. #pissed,187025295453327361,215326851,187025295453327361,everyone,hi,#pissed,,256204182,
2012-03-30T19:47:44.000Z,Mobile Web,"{'retweet_count': 0, 'reply_count': 0, 'like_count': 0, 'quote_count': 0}",Bhar bhar agggg #pissed this is shit,185815595252592641,154583275,185815595252592641,everyone,hi,#pissed,,,
2012-03-30T09:29:51.000Z,Twitter Web Client,"{'retweet_count': 0, 'reply_count': 0, 'like_count': 0, 'quote_count': 0}",samooka ani oyyyyy #pissed,185660099040260097,380289157,185660099040260097,everyone,hi,#pissed,,,
2012-03-24T21:16:04.000Z,Twitter for BlackBerryÂ®,"{'retweet_count': 0, 'reply_count': 0, 'like_count': 0, 'quote_count': 0}",@someuser ee kaife i3naad!!! #pissed bamot men ilqahar sektai! :( ..,168047888180584448,48415301,183663496754495489,everyone,hi,#pissed,"[{'type': 'replied_to', 'id': '168047888180584448'}]",168528863,
2012-03-21T22:42:44.000Z,Twitter for Android,"{'retweet_count': 0, 'reply_count': 0, 'like_count': 0, 'quote_count': 0}",Odhee #Pissed !!!,182598141567180800,41978196,182598141567180800,everyone,hi,#pissed,,,
2012-03-18T05:36:45.000Z,Twitter for Android,"{'retweet_count': 1, 'reply_count': 1, 'like_count': 0, 'quote_count': 0}",Sale darte hai humne unki phad di toh.. Lol RT @someuser Saale chutiye. Ugh! Hum Hindustaniyon ko steroetype kyun kiya jata hai? #pissed,181252781661892610,474754335,181252781661892610,everyone,hi,#pissed,,,
2012-03-18T05:34:52.000Z,Echofon,"{'retweet_count': 0, 'reply_count': 0, 'like_count': 0, 'quote_count': 0}",Saale chutiye. Ugh! Hum  Hindustaniyon ko steroetype kyun kiya jata hai? #pissed,181252310276636673,309130895,181252310276636673,everyone,hi,#pissed,,,
2012-03-16T07:23:29.000Z,Twitter for Android,"{'retweet_count': 0, 'reply_count': 0, 'like_count': 0, 'quote_count': 0}",Saasta kya hua hai budget m #pissed,180554867826372608,19137884,180554867826372608,everyone,hi,#pissed,,,
2012-03-16T01:25:51.000Z,Twitter Web Client,"{'retweet_count': 0, 'reply_count': 0, 'like_count': 0, 'quote_count': 0}",@someuser yuuppp. #pissed,180464786067304448,117909186,180464864169431041,everyone,hi,#pissed,"[{'type': 'replied_to', 'id': '180464786067304448'}]",390471423,
2012-03-08T23:15:51.000Z,Twitter SMS,"{'retweet_count': 0, 'reply_count': 0, 'like_count': 0, 'quote_count': 0}",A kairi jene nah game bija jath nah kake eloka angrezi nathi bolisaktha #pissed,177895433203482624,109679171,177895433203482624,everyone,hi,#pissed,,,
2012-03-06T20:05:20.000Z,Twitter Web Client,"{'retweet_count': 0, 'reply_count': 0, 'like_count': 0, 'quote_count': 0}",#PISSED Manee !,177122712215486464,261527292,177122712215486464,everyone,hi,#pissed,,,
2012-03-04T02:38:34.000Z,Mobile Web,"{'retweet_count': 0, 'reply_count': 1, 'like_count': 0, 'quote_count': 0}",@someuser Laayingg in muh bed #Pissed .,176133918435708928,506601734,176134512235913216,everyone,hi,#pissed,"[{'type': 'replied_to', 'id': '176133918435708928'}]",236175591,
2012-02-27T22:17:00.000Z,Twitter for Android,"{'retweet_count': 0, 'reply_count': 1, 'like_count': 0, 'quote_count': 0}",96. Finished par bogey par par par par.....#pathetic #sad #terrible #disgusted #pissed #disappointed #frustrated #low #tired,174256746892763136,393805729,174256746892763136,everyone,hi,#pissed,,,
2012-02-27T03:36:24.000Z,Twitter Web Client,"{'retweet_count': 0, 'reply_count': 0, 'like_count': 0, 'quote_count': 0}",Mane im #Pissed,173974736269873152,363392565,173974736269873152,everyone,hi,#pissed,,,
2012-02-23T22:27:46.000Z,Twitter SMS,"{'retweet_count': 0, 'reply_count': 1, 'like_count': 0, 'quote_count': 0}",#Pissed -iLovee Him*,172809905256939521,122237928,172809905256939521,everyone,hi,#pissed,,,
2012-02-19T11:39:10.000Z,Twitter for BlackBerryÂ®,"{'retweet_count': 0, 'reply_count': 0, 'like_count': 0, 'quote_count': 0}",Darb ildawam elli yakhith 10 mins ilyoom tmaqaa6 3ala 7athi w akhaath 37 mins :s #pissed #hungry #tired,171197126695591936,83352017,171197126695591936,everyone,hi,#pissed,,,
2012-02-15T02:38:50.000Z,Twitter for Android,"{'retweet_count': 0, 'reply_count': 0, 'like_count': 0, 'quote_count': 0}",#pissed manee..,169611594517590016,250402192,169611594517590016,everyone,hi,#pissed,,,
2012-02-12T10:33:36.000Z,Twitter for Android,"{'retweet_count': 0, 'reply_count': 0, 'like_count': 0, 'quote_count': 0}",soo daee daee denn wennt too sleep .. #Pissed://,168643910640480257,239196198,168643910640480257,everyone,hi,#pissed,,,
2012-02-10T16:32:32.000Z,Twitter for iPhone,"{'retweet_count': 0, 'reply_count': 0, 'like_count': 0, 'quote_count': 0}",#pissed seeya,168009466095214592,388534809,168009466095214592,everyone,hi,#pissed,,,
2012-01-31T18:07:25.000Z,TweetCaster for Android,"{'retweet_count': 0, 'reply_count': 0, 'like_count': 0, 'quote_count': 0}",#Roolllinn RT @someuser #Pissed Lol RT @someuser Bhahaa RT @someuser: #RealTears http://someurl,164409463888019457,39926082,164409463888019457,everyone,hi,#pissed,,,
2012-01-31T18:06:33.000Z,Echofon,"{'retweet_count': 1, 'reply_count': 2, 'like_count': 0, 'quote_count': 0}",#Pissed Lol RT @someuser Bhahaa RT @someuser: #RealTears http://someurl,164409247206084608,47955107,164409247206084608,everyone,hi,#pissed,,,
2012-01-27T14:50:41.000Z,Twitter Web Client,"{'retweet_count': 0, 'reply_count': 0, 'like_count': 0, 'quote_count': 0}",gake rate go lekwa....#pissed.,162910404899647488,196664750,162910404899647488,everyone,hi,#pissed,,,
2012-01-27T07:52:38.000Z,TweetDeck,"{'retweet_count': 0, 'reply_count': 0, 'like_count': 0, 'quote_count': 0}",Lanat hai Pain Yakko #pissed :s,162805197746343936,261807951,162805197746343936,everyone,hi,#pissed,,,
2012-01-26T23:25:18.000Z,PlumeÂ forÂ Android,"{'retweet_count': 0, 'reply_count': 0, 'like_count': 0, 'quote_count': 0}",#pissed â€œ@someuser â€œ@someuser Nah NEESH.. http://someurl î‘î‘î‘î‘î‘î‘î‘î‘î‘î‘î‘î‘î‘î‘î‘î‘î‘î‘â€,162677523468132352,107897735,162677523468132352,everyone,hi,#pissed,,,
2012-01-25T15:23:27.000Z,Twitter Web Client,"{'retweet_count': 0, 'reply_count': 0, 'like_count': 0, 'quote_count': 0}",@someuser @someuser MAYUKH IS #pissed ??!!?!!,162193383333429248,57036629,162193871625916419,everyone,hi,#pissed,"[{'type': 'replied_to', 'id': '162193383333429248'}]",465904080,
2012-01-25T00:46:37.000Z,Twitter for iPhone,"{'retweet_count': 0, 'reply_count': 0, 'like_count': 0, 'quote_count': 0}",@someuser meeshkraw is #PISSED,161922750682894336,263498568,161973212857638916,everyone,hi,#pissed,"[{'type': 'replied_to', 'id': '161922750682894336'}]",285373537,
2012-01-24T15:54:01.000Z,PlumeÂ forÂ Android,"{'retweet_count': 0, 'reply_count': 0, 'like_count': 0, 'quote_count': 0}","Mane Im #PISSED,",161839177158242304,203577932,161839177158242304,everyone,hi,#pissed,,,
2012-01-23T01:00:12.000Z,Twitter for iPhone,"{'retweet_count': 0, 'reply_count': 0, 'like_count': 0, 'quote_count': 0}",@someuser yuuppppp #pissed,161251673220726784,381298712,161251854829883394,everyone,hi,#pissed,"[{'type': 'replied_to', 'id': '161251673220726784'}]",385601032,
2012-01-14T02:04:03.000Z,Twitter Web Client,"{'retweet_count': 0, 'reply_count': 0, 'like_count': 0, 'quote_count': 0}",braa #pissed,158006431700881408,120601355,158006431700881408,everyone,hi,#pissed,,,
2012-01-11T20:57:56.000Z,Twitter Web Client,"{'retweet_count': 0, 'reply_count': 0, 'like_count': 0, 'quote_count': 0}",jheeze @someuser seemed #pissed at Adam,157204620563857408,422693501,157204620563857408,everyone,hi,#pissed,,,
2012-01-11T03:42:28.000Z,Twitter for Android,"{'retweet_count': 0, 'reply_count': 0, 'like_count': 0, 'quote_count': 0}",Manee!!! #PiSSED,156944033216864256,374222238,156944033216864256,everyone,hi,#pissed,,,
2012-01-05T21:37:34.000Z,Twitter for iPhone,"{'retweet_count': 0, 'reply_count': 0, 'like_count': 0, 'quote_count': 0}",#pissed aaliyah.,155040264333950976,25845004,155040264333950976,everyone,hi,#pissed,,,
2012-01-04T23:35:10.000Z,Twitter Web Client,"{'retweet_count': 0, 'reply_count': 0, 'like_count': 0, 'quote_count': 0}",yuup um #pissed !!,154707470818877440,238370279,154707470818877440,everyone,hi,#pissed,,,
2011-12-30T02:53:55.000Z,Twitter SMS,"{'retweet_count': 0, 'reply_count': 0, 'like_count': 0, 'quote_count': 0}",RT @someuser Nt n Dhaa Mood #Pissed,152583164433408000,251259839,152583164433408000,everyone,hi,#pissed,,,
2011-12-30T02:53:34.000Z,Twitter for iPhone,"{'retweet_count': 0, 'reply_count': 0, 'like_count': 0, 'quote_count': 0}",Nt n Dhaa Mood #Pissed,152583076281729024,242385725,152583076281729024,everyone,hi,#pissed,,,
2011-12-24T05:11:17.000Z,Twitter for Android,"{'retweet_count': 0, 'reply_count': 0, 'like_count': 0, 'quote_count': 0}",Yuup. #pissed,150443406366212096,361384196,150443406366212096,everyone,hi,#pissed,,,
2011-12-14T21:38:48.000Z,Echofon,"{'retweet_count': 0, 'reply_count': 0, 'like_count': 0, 'quote_count': 0}","uuggh , im #pissed",147068043976114176,98441476,147068043976114176,everyone,hi,#pissed,,,
2011-12-10T02:00:43.000Z,Twitter for Android,"{'retweet_count': 0, 'reply_count': 1, 'like_count': 0, 'quote_count': 0}",Wish wawa had orange tee #pissed,145322015744720896,430852167,145322015744720896,everyone,hi,#pissed,,,
2011-12-05T04:09:42.000Z,Twitter for Android,"{'retweet_count': 0, 'reply_count': 0, 'like_count': 0, 'quote_count': 0}",Gosh darnit detroit #pissed,143542538526146560,312437758,143542538526146560,everyone,hi,#pissed,,,
2011-12-01T04:55:31.000Z,Twitter for BlackBerryÂ®,"{'retweet_count': 0, 'reply_count': 0, 'like_count': 0, 'quote_count': 0}",I hate 7awaaaaaaaaallliiii yaraaaaaab ysakroon hal man6aqaa we9eer feehaa mamnoo3 ed5oool #pissed,142104517947826176,253744820,142104517947826176,everyone,hi,#pissed,,,
2011-11-15T14:25:00.000Z,Mobile Web,"{'retweet_count': 0, 'reply_count': 0, 'like_count': 0, 'quote_count': 0}",#pissed :( haaiii,136449626571157504,332258395,136449626571157504,everyone,hi,#pissed,,,
2011-11-06T05:10:35.000Z,Twitter for Android,"{'retweet_count': 0, 'reply_count': 0, 'like_count': 0, 'quote_count': 0}",@someuser SAMANTHA OWEN #pissed,133048609213132800,167294278,133048609213132800,everyone,hi,#pissed,,282720685,
2011-11-05T21:06:53.000Z,Twitter for BlackBerryÂ®,"{'retweet_count': 0, 'reply_count': 1, 'like_count': 0, 'quote_count': 0}",@someuser khawulale maan #pÄ±ssed!!,132926570661818368,384478702,132926883108093953,everyone,hi,#pissed,"[{'type': 'replied_to', 'id': '132926570661818368'}]",402575333,
2011-11-05T03:33:57.000Z,Twitter Web Client,"{'retweet_count': 1, 'reply_count': 0, 'like_count': 0, 'quote_count': 0}",Haiy.. #pissed,132661906606538752,385910598,132661906606538752,everyone,hi,#pissed,,,
2011-10-26T03:43:08.000Z,Twitter for BlackBerryÂ®,"{'retweet_count': 0, 'reply_count': 0, 'like_count': 0, 'quote_count': 0}","Bhenchod subah 7 baje se pathake jala rahe hai,haramkhoro ko samajh nai aata ki kuch logon k diwali matlab long sleeping hours! #pissed",129040335887273984,169416936,129040335887273984,everyone,hi,#pissed,,,
2011-10-23T15:33:14.000Z,Twitter Web Client,"{'retweet_count': 0, 'reply_count': 0, 'like_count': 0, 'quote_count': 0}",Is #iPod ki maaki saaki naaki.. :@ So #Pissed !!!!! :@,128131874349522945,211862143,128131874349522945,everyone,hi,#pissed,,,
2011-10-22T17:41:45.000Z,Twitter for Android,"{'retweet_count': 0, 'reply_count': 0, 'like_count': 0, 'quote_count': 0}",Yar ye IT company wale itna kam kyon karwate hain #pissed,127801831773577216,81642258,127801831773577216,everyone,hi,#pissed,,,
2011-10-15T05:39:28.000Z,Twitter SMS,"{'retweet_count': 0, 'reply_count': 0, 'like_count': 0, 'quote_count': 0}",Maurisha is #pissed,125083344919728128,237619188,125083344919728128,everyone,hi,#pissed,,,
2011-10-13T12:22:16.000Z,Twitter Web Client,"{'retweet_count': 0, 'reply_count': 2, 'like_count': 0, 'quote_count': 0}",Kaam pe Kaam pe Kaam! :-/ #Exhausted #Tired #Knackered #Pissed #Sleepy,124459940013285377,73222579,124459940013285377,everyone,hi,#pissed,,,
2011-10-10T19:41:29.000Z,Twitter SMS,"{'retweet_count': 0, 'reply_count': 0, 'like_count': 0, 'quote_count': 0}",Trinaa #PISSED,123483308146425856,296594817,123483308146425856,everyone,hi,#pissed,,,
2011-10-07T00:09:48.000Z,PlumeÂ forÂ Android,"{'retweet_count': 0, 'reply_count': 0, 'like_count': 0, 'quote_count': 0}",Thatt Shit Aintt Kool....#Pissed,122101282113716224,379548427,122101282113716224,everyone,hi,#pissed,,,
2011-10-04T19:34:21.000Z,UberSocial for BlackBerry,"{'retweet_count': 0, 'reply_count': 0, 'like_count': 0, 'quote_count': 0}",RT @someuser RT @someuser Jed ilyom akhyas yom #pissed #nitm,121307186889621505,154099072,121307186889621505,everyone,hi,#pissed,,,
2011-09-28T09:21:48.000Z,Echofon,"{'retweet_count': 0, 'reply_count': 0, 'like_count': 0, 'quote_count': 0}",Woman matter ni joor RT @someuser Ki lo de ? RT @someuser #pissed,118978706847965186,84046500,118978706847965186,everyone,hi,#pissed,,,
2011-09-26T10:27:27.000Z,Twitter for BlackBerryÂ®,"{'retweet_count': 0, 'reply_count': 0, 'like_count': 0, 'quote_count': 0}",Ya kirh ilrada min ildawam hal 7aza:) ilza7ma itnarfizni ib isharat dimashq o f7ai7eel o ilkhamis o kil mukaan!!!!!!!!! #pissed,118270451335168002,269243950,118270451335168002,everyone,hi,#pissed,,,
2011-09-14T10:12:44.000Z,Social by Nokia,"{'retweet_count': 0, 'reply_count': 0, 'like_count': 0, 'quote_count': 0}",ek toh waise hi timepass karne ke liye kuch h nhi upar se cell ki battery bhi khatam ho rhi h.. #pissed. Literally.!,113918091645292544,49238073,113918091645292544,everyone,hi,#pissed,,,
2011-09-10T21:49:08.000Z,Twitter for BlackBerryÂ®,"{'retweet_count': 0, 'reply_count': 0, 'like_count': 0, 'quote_count': 0}",RT @someuser Metaa anam enshaala? #pissed,112643797611069440,235200312,112643797611069440,everyone,hi,#pissed,,,
2011-09-10T21:45:15.000Z,Twitter for BlackBerryÂ®,"{'retweet_count': 0, 'reply_count': 0, 'like_count': 0, 'quote_count': 0}",Metaa anam enshaala? #pissed,112642820300480513,358904751,112642820300480513,everyone,hi,#pissed,,,
2011-09-02T00:00:04.000Z,Twitter for iPhone,"{'retweet_count': 0, 'reply_count': 0, 'like_count': 0, 'quote_count': 0}",â€œ@someuser See dhis dhatt shit yo #pissedâ€,109415254567563264,322391689,109415254567563264,everyone,hi,#pissed,,,
2011-09-01T10:57:53.000Z,UberSocial for BlackBerry,"{'retweet_count': 0, 'reply_count': 1, 'like_count': 0, 'quote_count': 0}",YAALLLLAAA!!! #pissed #impatient,109218413670445056,112682154,109218413670445056,everyone,hi,#pissed,,,
2011-08-24T00:21:10.000Z,Twitter Web Client,"{'retweet_count': 0, 'reply_count': 0, 'like_count': 0, 'quote_count': 0}",Sooo Phuqqing Hot #pissed,106159075426959360,183421735,106159075426959360,everyone,hi,#pissed,,,
2011-08-19T21:43:25.000Z,Twitter Web Client,"{'retweet_count': 0, 'reply_count': 0, 'like_count': 0, 'quote_count': 0}",aahgahshgahgahghgahgagh #pissed,104669824189349888,100173824,104669824189349888,everyone,hi,#pissed,,,
2011-08-12T14:15:02.000Z,Twitter for iPad,"{'retweet_count': 0, 'reply_count': 0, 'like_count': 0, 'quote_count': 0}","Jis insaan se bhi muje flu ka viral laga hai... Bhai, tenu ALLAH puchey! #pissed",102020272122630146,83190416,102020272122630146,everyone,hi,#pissed,,,
2011-08-09T14:54:03.000Z,TweetCaster for Android,"{'retweet_count': 0, 'reply_count': 1, 'like_count': 0, 'quote_count': 0}",#PISSED RT @someuser #GoGoGoGOOOOOOOOO!!! RT @someuser @someuser @someuser shut up Keisha!!,100942924044451840,27717927,100942924044451840,everyone,hi,#pissed,,,
2011-08-09T09:42:44.000Z,Twitter Web Client,"{'retweet_count': 0, 'reply_count': 0, 'like_count': 0, 'quote_count': 0}",barish ho rahi hai ya mazzak ho raha hai!!#pissed #barodarains,100864581693476864,264946834,100864581693476864,everyone,hi,#pissed,,,
2011-08-02T19:45:02.000Z,Twitter for BlackBerryÂ®,"{'retweet_count': 0, 'reply_count': 0, 'like_count': 0, 'quote_count': 0}",Smtt stuppiidd mechanicc Y yu gatta lie like uhhh DUH! #pissed,98479439301718016,32773627,98479439301718016,everyone,hi,#pissed,,,
2011-07-30T20:24:04.000Z,Twitter Web Client,"{'retweet_count': 0, 'reply_count': 0, 'like_count': 0, 'quote_count': 0}",Ikantt believee dhatt hee didd dhatt #Pissed !,97402099763130368,314861331,97402099763130368,everyone,hi,#pissed,,,
2011-07-29T16:58:03.000Z,Twitter Web Client,"{'retweet_count': 0, 'reply_count': 0, 'like_count': 0, 'quote_count': 0}",&& yeaa im kindaa #Pissed.,96987865355005952,336818373,96987865355005952,everyone,hi,#pissed,,,
2011-07-28T03:30:46.000Z,Twitter Web Client,"{'retweet_count': 0, 'reply_count': 0, 'like_count': 0, 'quote_count': 0}",maneeeeeeeeeeeeeeee . im #pissed .,96422318355644417,290304863,96422318355644417,everyone,hi,#pissed,,,
2011-07-22T04:58:02.000Z,Mobile Web,"{'retweet_count': 0, 'reply_count': 0, 'like_count': 0, 'quote_count': 0}","Ye sala rainy weather, ek to lords test ka maza ki bigad diya, upar se yaha v mujhe bahar jane nehi de raha hain. #pissed",94269952827195392,123804176,94269952827195392,everyone,hi,#pissed,,,
2011-07-15T18:13:47.000Z,Mobile Web,"{'retweet_count': 0, 'reply_count': 0, 'like_count': 0, 'quote_count': 0}",Datt mann onn #jerry is #pissed to daa #fullestLevel !,91933492467863553,291097118,91933492467863553,everyone,hi,#pissed,,,
2011-07-11T13:31:39.000Z,Twitter for BlackBerryÂ®,"{'retweet_count': 0, 'reply_count': 0, 'like_count': 0, 'quote_count': 0}",Inshalla ya rab yamshi ilshaaaare3 #Pissed,90412939835744256,205299354,90412939835744256,everyone,hi,#pissed,,,
2011-07-11T11:00:25.000Z,Mobile Web,"{'retweet_count': 0, 'reply_count': 0, 'like_count': 0, 'quote_count': 0}",banduhai vefa hunna gadeega hama rulhigadha vaa kanthah kuraanee! #pissed,90374883355271169,214329990,90374883355271169,everyone,hi,#pissed,,,
2011-07-09T12:44:48.000Z,Mobile Web,"{'retweet_count': 0, 'reply_count': 0, 'like_count': 0, 'quote_count': 0}",@someuser guess what! Murder2 dekhne gaya to pata chala ke chhillar party chal raha hain.  #pissed @someuser,89676376688435200,123804176,89676376688435200,everyone,hi,#pissed,,228752233,
2011-07-06T23:35:34.000Z,Twitter SMS,"{'retweet_count': 0, 'reply_count': 0, 'like_count': 0, 'quote_count': 0}",Yuup #pissed,88752980605669377,59033572,88752980605669377,everyone,hi,#pissed,,,
2011-07-02T07:00:02.000Z,Twitter for Android,"{'retweet_count': 0, 'reply_count': 0, 'like_count': 0, 'quote_count': 0}",Naim.| #PISSED .,87052897300385793,296267340,87052897300385793,everyone,hi,#pissed,,,"{'coordinates': {'type': 'Point', 'coordinates': [-75.1587012, 40.009977]}, 'place_id': 'e4a0d228eb6be76b'}"
2011-06-25T01:11:33.000Z,Twitter Web Client,"{'retweet_count': 0, 'reply_count': 1, 'like_count': 0, 'quote_count': 0}",@someuser KAATE! Im #Pissed >.<,84428228160258048,295342031,84428481718517760,everyone,hi,#pissed,"[{'type': 'replied_to', 'id': '84428228160258048'}]",167572220,
2011-06-22T15:33:36.000Z,erased734497,"{'retweet_count': 0, 'reply_count': 0, 'like_count': 0, 'quote_count': 0}",Aasemmm..keecuuuutt.. Jaaangkriikk..genggooongg.. #pissed,83558261265141760,152139187,83558261265141760,everyone,hi,#pissed,,,
2011-06-19T16:53:01.000Z,Twitter for iPhone,"{'retweet_count': 0, 'reply_count': 0, 'like_count': 0, 'quote_count': 0}",Yakerh Haneef ou braikata!!!! #pissed,82491082755149824,108366549,82491082755149824,everyone,hi,#pissed,,,
2011-06-18T20:46:54.000Z,erased734497,"{'retweet_count': 0, 'reply_count': 0, 'like_count': 0, 'quote_count': 0}",@someuser laaa 3aaddtt 3laaa awl thnaawiii el la3eeeennn!!!! #pissed,82187057102991360,222425097,82187552722919424,everyone,hi,#pissed,"[{'type': 'replied_to', 'id': '82187057102991360'}]",272983694,
2011-06-17T22:04:11.000Z,Twitter Web Client,"{'retweet_count': 0, 'reply_count': 1, 'like_count': 0, 'quote_count': 0}",@someuser YEEAA BRRRUU...!! #PISSED,81844286093660160,318591342,81844614679625728,everyone,hi,#pissed,"[{'type': 'replied_to', 'id': '81844286093660160'}]",275056465,
2011-06-12T21:30:15.000Z,erased734497,"{'retweet_count': 0, 'reply_count': 0, 'like_count': 0, 'quote_count': 0}",#pissed.......(shwai),80024137455767552,148423416,80024137455767552,everyone,hi,#pissed,,,
2011-05-28T07:00:12.000Z,Twitter Web Client,"{'retweet_count': 0, 'reply_count': 0, 'like_count': 0, 'quote_count': 0}",So #pissed @someuser  dhaiii !,74369364580773888,282960529,74369364580773888,everyone,hi,#pissed,,,
2011-05-25T01:38:52.000Z,Twitter for iPhone,"{'retweet_count': 0, 'reply_count': 0, 'like_count': 0, 'quote_count': 0}",laaa dee daaah dee daa shutup #pissed,73201334500855810,279808748,73201334500855810,everyone,hi,#pissed,,,
2011-05-24T23:35:24.000Z,Twitter Web Client,"{'retweet_count': 0, 'reply_count': 0, 'like_count': 0, 'quote_count': 0}",@someuser Reaal Bad ! likee iwass #Pissed soo mee & ajaay juust stopedd tlkinn,73170263415590912,216924535,73170263415590912,everyone,hi,#pissed,,222659162,
2011-05-22T21:06:23.000Z,Twitter SMS,"{'retweet_count': 0, 'reply_count': 0, 'like_count': 0, 'quote_count': 0}",Poorin rain at KI #pissed,72407984076111874,265712345,72407984076111874,everyone,hi,#pissed,,,
2011-05-16T04:54:40.000Z,Seesmic,"{'retweet_count': 0, 'reply_count': 0, 'like_count': 0, 'quote_count': 0}",@someuser Charlie Sheen #pissed #unemplyed haha,69987207603159040,282667596,69989115046797312,everyone,hi,#pissed,"[{'type': 'replied_to', 'id': '69987207603159040'}]",103751941,
2011-04-17T13:55:22.000Z,TweetDeck,"{'retweet_count': 0, 'reply_count': 0, 'like_count': 0, 'quote_count': 0}",#pissed dha the dai....,59615941654347776,93000741,59615941654347776,everyone,hi,#pissed,,,
2011-04-08T07:45:57.000Z,Twitter Web Client,"{'retweet_count': 0, 'reply_count': 0, 'like_count': 0, 'quote_count': 0}","Kutta paalo, billi paalo, haathi paalo...par galatfaime kabhi na paalna #justtweeting #pissed",56261483700563969,30626079,56261483700563969,everyone,hi,#pissed,,,
2011-04-07T17:46:00.000Z,Echofon,"{'retweet_count': 0, 'reply_count': 0, 'like_count': 0, 'quote_count': 0}",@someuser ah yadda yadda. Details. Meh #pissed,56049885815902208,18701406,56050101742866432,everyone,hi,#pissed,"[{'type': 'replied_to', 'id': '56049885815902208'}]",19968392,
2011-04-03T13:55:59.000Z,Twitter Web Client,"{'retweet_count': 0, 'reply_count': 0, 'like_count': 0, 'quote_count': 0}",hi im #PISSED,54542666574204928,68331063,54542666574204928,everyone,hi,#pissed,,,
2011-04-01T22:22:47.000Z,Twitter for iPhone,"{'retweet_count': 0, 'reply_count': 0, 'like_count': 0, 'quote_count': 0}",Waaiiii3:) #Pissed,53945430333067264,212351532,53945430333067264,everyone,hi,#pissed,,,
2011-03-26T15:06:03.000Z,Twitter for BlackBerryÂ®,"{'retweet_count': 0, 'reply_count': 0, 'like_count': 0, 'quote_count': 0}",Obooy maa rethaa aruu7 kiva bazaar #pissed!,51661193730981888,271367012,51661193730981888,everyone,hi,#pissed,,,
2011-03-20T13:55:11.000Z,erased734497,"{'retweet_count': 0, 'reply_count': 0, 'like_count': 0, 'quote_count': 0}",La2 la2!! Moo min sijha!! I think tha3ifat 7awajbi!! #pissed !!,49469033090777088,47672117,49469033090777088,everyone,hi,#pissed,,,
2011-02-23T06:10:13.000Z,Mobile Web,"{'retweet_count': 0, 'reply_count': 0, 'like_count': 0, 'quote_count': 0}",Mane im #pissed,40292324869279744,59506334,40292324869279744,everyone,hi,#pissed,,,
2011-02-17T21:13:19.000Z,ÃœberSocialOrig,"{'retweet_count': 0, 'reply_count': 0, 'like_count': 0, 'quote_count': 0}","Ajma3 shog wajhak, ya m3afin! #Pissed #AssholeNumber",38345271599566848,82134140,38345271599566848,everyone,hi,#pissed,,,
2010-10-22T05:04:36.000Z,Twitter Web Client,"{'retweet_count': 0, 'reply_count': 0, 'like_count': 0, 'quote_count': 0}",duniya mein itne ch***ye kyun hote hain.  #PISSED,28375738753,117686766,28375738753,everyone,hi,#pissed,,,
2010-08-22T16:54:31.000Z,Twitter for iPhone,"{'retweet_count': 0, 'reply_count': 0, 'like_count': 0, 'quote_count': 0}",WoooSaaaai â€œ@someuser #PISSEDâ€,21843564365,21075231,21843564365,everyone,hi,#pissed,,,
2010-05-27T16:02:16.000Z,Twitter Web Client,"{'retweet_count': 0, 'reply_count': 0, 'like_count': 0, 'quote_count': 0}",RT @someuser #pissed cheer up baebee,14843531215,118893530,14843531215,everyone,hi,#pissed,,,
