source,conversation_id,author_id,reply_settings,id,text,created_at,public_metrics,lang,search_query,referenced_tweets,in_reply_to_user_id,geo
Twitter for iPhone,741925858328367104,503234740,everyone,741925858328367104,DeeCee #pumped @someuser @someuser @someuser @someuser @someuser @someuser @someuser #muscle http://someurl,2016-06-12T09:31:23.000Z,"{'retweet_count': 0, 'reply_count': 1, 'like_count': 7, 'quote_count': 0}",hi,#pumped,,,
Twitter for iPhone,723888481299124224,551549851,everyone,723888481299124224,Khaleesi tho #pumped  http://someurl,2016-04-23T14:57:17.000Z,"{'retweet_count': 0, 'reply_count': 0, 'like_count': 0, 'quote_count': 0}",hi,#pumped,,,
Twitter for iPhone,685439480908525568,409463867,everyone,685439480908525568,Macaroni & Cheese At 6:34AM #Pumped,2016-01-08T12:34:41.000Z,"{'retweet_count': 0, 'reply_count': 0, 'like_count': 0, 'quote_count': 0}",hi,#pumped,,,
Facebook,681744177101717504,141218586,everyone,681744177101717504,Kashma Maharaj on Instagram: ‚Äú#pink #beast #gymlife #gymlifestyle #pumped #muscle #muscles... http://someurl,2015-12-29T07:50:52.000Z,"{'retweet_count': 0, 'reply_count': 0, 'like_count': 1, 'quote_count': 0}",hi,#pumped,,,
Twitter for Android,667601050891776001,233892826,everyone,667601050891776001,"Saari, saari meri bekarari | Kehti mujhe ke aaj doob jaane de| Ke aaj bhool jaa üòçüòç #pumped | @someuser @someuser #rap #song",2015-11-20T07:11:08.000Z,"{'retweet_count': 0, 'reply_count': 0, 'like_count': 1, 'quote_count': 0}",hi,#pumped,,,
Twitter for iPhone,586244456984276994,32215999,everyone,586244456984276994,#houseofnaach @someuser @someuser @someuser @someuser @someuser @someuser @someuser and NYU Khalbali! #pumped üôåüôåüí™üí™üòç,2015-04-09T19:09:05.000Z,"{'retweet_count': 3, 'reply_count': 0, 'like_count': 5, 'quote_count': 0}",hi,#pumped,,,
Twitter for BlackBerry¬Æ,580623952608919552,1496985368,everyone,580623952608919552,@someuser #pumpedapaan baal? #Ngumped(?),2015-03-25T06:55:12.000Z,"{'retweet_count': 0, 'reply_count': 0, 'like_count': 0, 'quote_count': 0}",hi,#pumped,,,
Twitter for iPhone,579309974133850112,219429108,everyone,579309974133850112,Dundee Utd - did ye aye? #pumped,2015-03-21T15:53:55.000Z,"{'retweet_count': 1, 'reply_count': 0, 'like_count': 0, 'quote_count': 0}",hi,#pumped,,,
Twitter for Android,565316226789175298,160088534,everyone,565316226789175298,Maroon Nike Roshes ‚úî. #pumped #newshoes,2015-02-11T01:07:46.000Z,"{'retweet_count': 0, 'reply_count': 0, 'like_count': 1, 'quote_count': 0}",hi,#pumped,,,
Twitter for Android,559516638618218496,430406351,everyone,559517232418390017,@someuser @someuser  Yee yee haha #pumped,2015-01-26T01:04:38.000Z,"{'retweet_count': 0, 'reply_count': 0, 'like_count': 1, 'quote_count': 0}",hi,#pumped,"[{'type': 'replied_to', 'id': '559516638618218496'}]",1362848407,
Instagram,534127876652531712,34105841,everyone,534127876652531712,#2pmworldtour #chicagogonecrazy #latergram #pumped #doyouevenlift tamgreenlee http://someurl,2014-11-16T23:36:24.000Z,"{'retweet_count': 0, 'reply_count': 0, 'like_count': 1, 'quote_count': 0}",hi,#pumped,,,
Twitter Web Client,511598118941761536,1530257096,everyone,511598118941761536,soon paradise hotel sweden #pumped #yay @someuser,2014-09-15T19:31:11.000Z,"{'retweet_count': 0, 'reply_count': 0, 'like_count': 0, 'quote_count': 0}",hi,#pumped,,,
Twitter Web Client,495637527194517504,521981999,everyone,495638545022074881,@someuser #pumped #CubeEvolution YAYAYAYYAA,2014-08-02T18:33:32.000Z,"{'retweet_count': 0, 'reply_count': 0, 'like_count': 0, 'quote_count': 0}",hi,#pumped,"[{'type': 'replied_to', 'id': '495637527194517504'}]",2361893610,
Twitter for iPhone,492406018333089792,288910835,everyone,492406018333089792,JAY HAYE JAY HAYE JAY JAY JAY JAY HAYE!!!!!!!! BHARAT MATA KI JAI #pumped,2014-07-24T20:28:37.000Z,"{'retweet_count': 1, 'reply_count': 0, 'like_count': 0, 'quote_count': 0}",hi,#pumped,,,
Twitter for iPhone,489916932007542784,537611861,everyone,489916932007542784,YAYAYAYA KROOS #pumped #kroos4realmadrid üòçüòçüòç #HalaMadrid http://someurl,2014-07-17T23:37:53.000Z,"{'retweet_count': 0, 'reply_count': 0, 'like_count': 0, 'quote_count': 0}",hi,#pumped,,,"{'coordinates': {'type': 'Point', 'coordinates': [-118.33660483, 33.7526657]}, 'place_id': '4e9de3f47ae939b5'}"
Twitter for iPhone,465483686876434433,225019753,everyone,465483686876434433,"Saate, Oshi Goto Kaishta! üëä #pumped",2014-05-11T13:28:53.000Z,"{'retweet_count': 0, 'reply_count': 0, 'like_count': 0, 'quote_count': 0}",hi,#pumped,,,"{'coordinates': {'type': 'Point', 'coordinates': [103.75033615, 1.35804557]}, 'place_id': '0b37664066a8962a'}"
Twitter Web Client,455235470981484544,90085440,everyone,455235470981484544,Needhaane Needhaane from Thegidi!!| #pumped #Energy #MustListen #NowListening #ShankarMahadevan #Thegidi #goosebumps,2014-04-13T06:46:08.000Z,"{'retweet_count': 0, 'reply_count': 0, 'like_count': 0, 'quote_count': 0}",hi,#pumped,,,
Twitter for iPhone,452653688893341696,161505714,everyone,452653688893341696,"Gairaan deyan siraa te nahi hundiya ladaiiyan, apne vi doleya ch jaan chahidi!!!| #punjabi #pride #for #life; those #pumped #biceps",2014-04-06T03:47:03.000Z,"{'retweet_count': 0, 'reply_count': 0, 'like_count': 0, 'quote_count': 0}",hi,#pumped,,,"{'coordinates': {'type': 'Point', 'coordinates': [-122.92990873, 49.21930681]}, 'place_id': '216dd1bcf824f9f7'}"
Twitter for iPhone,452400671674101760,311390693,everyone,452400671674101760,Vale 0 blochairn 6 #pumped üòûüî´,2014-04-05T11:01:39.000Z,"{'retweet_count': 0, 'reply_count': 3, 'like_count': 0, 'quote_count': 0}",hi,#pumped,,,
Twitter for iPhone,451311827868479488,172384711,everyone,451311827868479488,Naan autokaran #classicmornings #pumped,2014-04-02T10:54:59.000Z,"{'retweet_count': 0, 'reply_count': 0, 'like_count': 0, 'quote_count': 0}",hi,#pumped,,,"{'coordinates': {'type': 'Point', 'coordinates': [-79.23339385, 43.8323419]}, 'place_id': '8f9664a8ccd89e5c'}"
Twitter Web Client,436158421197271041,275860678,everyone,436158421197271041,@someuser JIGAR MA BADI AAG HAI!!!! #pumped,2014-02-19T15:20:45.000Z,"{'retweet_count': 0, 'reply_count': 0, 'like_count': 0, 'quote_count': 0}",hi,#pumped,,2193639037,
Twitter for iPhone,422851166037610497,141571582,everyone,422851166037610497,Yay paasvaka usa üòÉ #pumped,2014-01-13T22:02:28.000Z,"{'retweet_count': 0, 'reply_count': 0, 'like_count': 0, 'quote_count': 0}",hi,#pumped,,,
Twitter for iPhone,419680472097374208,411216893,everyone,419680472097374208,10am Napanee #LETSDOTHIS #FINALSHEREWECOME #PUMPED,2014-01-05T04:03:16.000Z,"{'retweet_count': 2, 'reply_count': 0, 'like_count': 3, 'quote_count': 0}",hi,#pumped,,,
Twitter for Android,406773244260143104,411570189,everyone,406773244260143104,Bikram yoga #pumped,2013-11-30T13:14:33.000Z,"{'retweet_count': 0, 'reply_count': 0, 'like_count': 0, 'quote_count': 0}",hi,#pumped,,,
Twitter for iPhone,406135304454553600,264369972,everyone,406135304454553600,"Sushi, sushi, sushi! #pumped #lunchwithroomie @someuser",2013-11-28T18:59:36.000Z,"{'retweet_count': 1, 'reply_count': 0, 'like_count': 0, 'quote_count': 0}",hi,#pumped,,,
Twitter for Android,405691111840432128,453884073,everyone,405703634609905665,@someuser muje toh khatra hi lag rag raha hai .....aussies are ol #pumped up :-(,2013-11-27T14:24:18.000Z,"{'retweet_count': 0, 'reply_count': 1, 'like_count': 0, 'quote_count': 0}",hi,#pumped,"[{'type': 'replied_to', 'id': '405703167737729024'}]",860077232,
Twitter Web Client,403931169168699392,393028312,everyone,403931169168699392,Aaj kya kha kar aye hain boiis? #PUMPED,2013-11-22T17:01:10.000Z,"{'retweet_count': 0, 'reply_count': 0, 'like_count': 0, 'quote_count': 0}",hi,#pumped,,,
Twitter for Android,401172516464758784,479179171,everyone,401172516464758784,Sushi sushi sushi #pumped,2013-11-15T02:19:16.000Z,"{'retweet_count': 0, 'reply_count': 0, 'like_count': 1, 'quote_count': 0}",hi,#pumped,,,
Twitter for iPhone,399208271245889538,1089325927,everyone,399214149882093569,@someuser seeya!!! #pumped!!,2013-11-09T16:37:25.000Z,"{'retweet_count': 0, 'reply_count': 0, 'like_count': 0, 'quote_count': 0}",hi,#pumped,"[{'type': 'replied_to', 'id': '399213954976608257'}]",776766577,
Twitter for iPhone,393466127839662080,446662217,everyone,393466127839662080,115 degree rangeüëåüëçüòÅüòã #pumped,2013-10-24T19:56:49.000Z,"{'retweet_count': 0, 'reply_count': 0, 'like_count': 0, 'quote_count': 0}",hi,#pumped,,,
Twitter for Android,384878925639213056,356551553,everyone,384878925639213056,Bhangra bhangra bhangra #pumped,2013-10-01T03:14:21.000Z,"{'retweet_count': 0, 'reply_count': 0, 'like_count': 1, 'quote_count': 0}",hi,#pumped,,,
Twitter for iPhone,372071158834667520,35038616,everyone,372129192835424256,@someuser yee yee sugar!! #Pumped,2013-08-26T22:51:28.000Z,"{'retweet_count': 0, 'reply_count': 1, 'like_count': 0, 'quote_count': 0}",hi,#pumped,"[{'type': 'replied_to', 'id': '372119580975845376'}]",385575215,
Twitter for iPhone,370011776240607232,279896450,everyone,370013188399828992,@someuser @someuser  yayayaaya üëèüôå #pumped,2013-08-21T02:43:13.000Z,"{'retweet_count': 0, 'reply_count': 0, 'like_count': 1, 'quote_count': 0}",hi,#pumped,"[{'type': 'replied_to', 'id': '370013030480113664'}]",279876269,
Twitter for iPhone,369594652561006592,1409970841,everyone,369594652561006592,walshwalshwalshwalshwalshwalsh üòç #mythoughts #pumped,2013-08-19T23:00:06.000Z,"{'retweet_count': 0, 'reply_count': 0, 'like_count': 0, 'quote_count': 0}",hi,#pumped,,,
Twitter for Android,360985373922430978,29884483,everyone,360985373922430978,Cottage today yayayayayayayaaaa :) #pumped,2013-07-27T04:49:54.000Z,"{'retweet_count': 0, 'reply_count': 0, 'like_count': 0, 'quote_count': 0}",hi,#pumped,,,
Instagram,358764370689392642,1129632493,everyone,358764370689392642,Jabawakees #dancecrew #vegas #pumped #inlove @someuser http://someurl,2013-07-21T01:44:26.000Z,"{'retweet_count': 0, 'reply_count': 0, 'like_count': 0, 'quote_count': 0}",hi,#pumped,,,
Twitter for iPhone,358568716847431680,383264007,everyone,358568716847431680,"Wichita State, Wichita State, Wichita State, Wichita State, Wichita State, Wichita State, Wichita State, Wichita State!!! üòç #pumped #senior",2013-07-20T12:46:58.000Z,"{'retweet_count': 0, 'reply_count': 0, 'like_count': 3, 'quote_count': 0}",hi,#pumped,,,
Twitter SMS,357647463542304768,424588192,everyone,357647463542304768,Ed sheeran ed sheeran ed sheeran ed sheeran ed sheeran #pumped,2013-07-17T23:46:14.000Z,"{'retweet_count': 0, 'reply_count': 0, 'like_count': 1, 'quote_count': 0}",hi,#pumped,,,
Twitter Web Client,353122960502030337,406817287,everyone,353122960502030337,Marhaban ya ramadhan! #pumped,2013-07-05T12:07:29.000Z,"{'retweet_count': 2, 'reply_count': 0, 'like_count': 0, 'quote_count': 0}",hi,#pumped,,,
Twitter for iPhone,347415648030298112,343159741,everyone,347416217289633793,‚Äú@someuser Luke got his license! #pumped‚Äù AHHHHH YAYAYAYAYAYAAYAYAYAYAYAYAYAYAYAYYAAYAYAYYAAYAYA üòçüòçüòçüòçüòç,2013-06-19T18:10:55.000Z,"{'retweet_count': 0, 'reply_count': 0, 'like_count': 0, 'quote_count': 0}",hi,#pumped,"[{'type': 'replied_to', 'id': '347415648030298112'}]",392976908,
Vine - Make a Scene,346851416087863296,267899445,everyone,346851416087863296,Samantha Anna #blurredlines #pumped #obsessed #cardance http://someurl,2013-06-18T04:46:36.000Z,"{'retweet_count': 0, 'reply_count': 0, 'like_count': 0, 'quote_count': 0}",hi,#pumped,,,
Twitter for Android,338746677345275904,231201697,everyone,338746677345275904,Agar raahe Hoti aasan toh manzilley na Hoti beshkimti..#Pumped,2013-05-26T20:01:16.000Z,"{'retweet_count': 0, 'reply_count': 0, 'like_count': 0, 'quote_count': 0}",hi,#pumped,,,
Twitter Web Client,337250868535631875,1031564024,everyone,337252381182001152,@someuser YAYAYAYAYAYAYAYAYYYAYAYAYAYAYAYAYAYAAY #Pumped,2013-05-22T17:03:28.000Z,"{'retweet_count': 0, 'reply_count': 1, 'like_count': 0, 'quote_count': 0}",hi,#pumped,"[{'type': 'replied_to', 'id': '337251894021988354'}]",399128543,
Twitter for Android,336612128226164736,265666205,everyone,336612128226164736,July 3rd yaaah! :) #FLGAline yayaa #pumped,2013-05-20T22:39:19.000Z,"{'retweet_count': 1, 'reply_count': 0, 'like_count': 0, 'quote_count': 0}",hi,#pumped,,,
Twitter for iPhone,334364000068464640,457816341,everyone,334364000068464640,GHANDI üòç #PUMPED,2013-05-14T17:46:04.000Z,"{'retweet_count': 0, 'reply_count': 0, 'like_count': 2, 'quote_count': 0}",hi,#pumped,,,
Twitter SMS,333338710592602112,96012116,everyone,333338710592602112,Wiz khalifa! wiz khalifa! wiz khalifa! #pumped #cantwait,2013-05-11T21:51:56.000Z,"{'retweet_count': 2, 'reply_count': 0, 'like_count': 2, 'quote_count': 0}",hi,#pumped,,,
Twitter for Android,332960009753333760,581292466,everyone,332960009753333760,&shae&danaka soon #pumped,2013-05-10T20:47:07.000Z,"{'retweet_count': 0, 'reply_count': 0, 'like_count': 0, 'quote_count': 0}",hi,#pumped,,,
Instagram,332169164347285504,913879262,everyone,332169164347285504,Swim meet #cif #covinaswim #pumped #varsity #covinacolts #4x200 @someuser jenn_nahue... http://someurl,2013-05-08T16:24:34.000Z,"{'retweet_count': 1, 'reply_count': 0, 'like_count': 0, 'quote_count': 0}",hi,#pumped,,,
Twitter Web Client,331720648235819008,462029394,everyone,331721532906827778,@someuser @someuser @someuser @someuser @someuser AHHHHH YAYAYAYAYAYAYAAY!!!!!!!!! #pumped #drunkfest #bdaycellies,2013-05-07T10:45:51.000Z,"{'retweet_count': 0, 'reply_count': 1, 'like_count': 0, 'quote_count': 0}",hi,#pumped,"[{'type': 'replied_to', 'id': '331720648235819008'}]",401123441,
Twitter for Android,328946092127432704,442446373,everyone,328946092127432704,Iron Man marathon #pumped,2013-04-29T18:57:14.000Z,"{'retweet_count': 0, 'reply_count': 0, 'like_count': 0, 'quote_count': 0}",hi,#pumped,,,
OS X,327466048452452352,398319862,everyone,327466048452452352,batameez dil batameez dil !!#yehjawanihaideewani #pumped #batameezinsan,2013-04-25T16:56:04.000Z,"{'retweet_count': 0, 'reply_count': 0, 'like_count': 0, 'quote_count': 0}",hi,#pumped,,,
Instagram,325253605156339714,737704434,everyone,325253605156339714,Sir Paul see ya in July #pumped #internalfreakout #beatlenerd http://someurl,2013-04-19T14:24:37.000Z,"{'retweet_count': 0, 'reply_count': 0, 'like_count': 0, 'quote_count': 0}",hi,#pumped,,,
Twitter for iPhone,321732281435844609,401464082,everyone,321732281435844609,Smash and grab jiberish the 12 #pumped,2013-04-09T21:12:08.000Z,"{'retweet_count': 0, 'reply_count': 0, 'like_count': 0, 'quote_count': 0}",hi,#pumped,,,
Twitter for iPhone,319615282576490496,268293896,everyone,319615282576490496,@someuser and @someuser #pumped yayayaayay,2013-04-04T00:59:56.000Z,"{'retweet_count': 0, 'reply_count': 0, 'like_count': 0, 'quote_count': 0}",hi,#pumped,,28211427,
Twitter for iPhone,318764667252142080,23712924,everyone,318764667252142080,Milwaukee Milwaukee Milwaukee !!! #pumped,2013-04-01T16:39:53.000Z,"{'retweet_count': 0, 'reply_count': 0, 'like_count': 0, 'quote_count': 0}",hi,#pumped,,,
Twitter for Android,315825823892504576,228639120,everyone,315825823892504576,Oshit. #33days #toughmudder #countdown #pumped #nervous,2013-03-24T14:01:58.000Z,"{'retweet_count': 0, 'reply_count': 0, 'like_count': 0, 'quote_count': 0}",hi,#pumped,,,"{'coordinates': {'type': 'Point', 'coordinates': [-83.5107737, 41.6464349]}, 'place_id': '7068dd9474ab6973'}"
Instagram,315666885620424705,604998551,everyone,315666885620424705,YAYAYAYAYAYAAYA LES MIS!!!!! #soexcited #woohoo #pumped @someuser http://someurl,2013-03-24T03:30:24.000Z,"{'retweet_count': 0, 'reply_count': 0, 'like_count': 0, 'quote_count': 0}",hi,#pumped,,,
Instagram,315295267303858176,151564328,everyone,315295267303858176,#chitown! badgalriri #pumped #killinthisshit #turnup #bad http://someurl,2013-03-23T02:53:44.000Z,"{'retweet_count': 0, 'reply_count': 0, 'like_count': 0, 'quote_count': 0}",hi,#pumped,,,
Twitter for iPhone,315262802984071168,454535762,everyone,315262802984071168,Tattoo tattoo tattoo tattoo tattoo #pumped,2013-03-23T00:44:44.000Z,"{'retweet_count': 0, 'reply_count': 0, 'like_count': 2, 'quote_count': 0}",hi,#pumped,,,
Twitter for iPhone,314706577854705665,331458873,everyone,314749934685544450,@someuser @someuser @someuser yayayayaayayyaay!! #pumped #letsdoitttttt,2013-03-21T14:46:46.000Z,"{'retweet_count': 0, 'reply_count': 1, 'like_count': 2, 'quote_count': 0}",hi,#pumped,"[{'type': 'replied_to', 'id': '314706577854705665'}]",36118576,
Twitter for Android,313769438522523648,939405666,everyone,313770207510421506,@someuser Yeesss aye ;) #pumped,2013-03-18T21:53:41.000Z,"{'retweet_count': 0, 'reply_count': 1, 'like_count': 0, 'quote_count': 0}",hi,#pumped,"[{'type': 'replied_to', 'id': '313770107497222146'}]",392184548,
Twitter for iPhone,310632573414027264,428723620,everyone,310633148092395521,@someuser @someuser @someuser SHANGHAI SHANGHAI SHANGAI . #pumped #wearethechampions,2013-03-10T06:08:08.000Z,"{'retweet_count': 0, 'reply_count': 0, 'like_count': 1, 'quote_count': 0}",hi,#pumped,"[{'type': 'replied_to', 'id': '310632573414027264'}]",1093634204,
Twitter Web Client,299006749254508544,352140100,everyone,299006749254508544,IRON MAN 3>>>> YAYAYAYA. #pumped,2013-02-06T04:08:58.000Z,"{'retweet_count': 0, 'reply_count': 0, 'like_count': 1, 'quote_count': 0}",hi,#pumped,,,
Twitter for Android,296771743731826688,99854627,everyone,296771743731826688,@someuser #TMH24DAYS! YYAAYAYAA #PUMPED,2013-01-31T00:07:52.000Z,"{'retweet_count': 0, 'reply_count': 0, 'like_count': 0, 'quote_count': 0}",hi,#pumped,,158314798,
Twitter for iPhone,295046718356070404,1118346608,everyone,295050183400632320,@someuser üòçüòÅyuuaayyy! #pumped,2013-01-26T06:07:00.000Z,"{'retweet_count': 0, 'reply_count': 0, 'like_count': 0, 'quote_count': 0}",hi,#pumped,"[{'type': 'replied_to', 'id': '295049805355446272'}]",339939654,
Twitter for iPhone,291622149817516032,325109098,everyone,291622149817516032,YAYAYYAYAYAYUAYAYAYAYYAYAYAYAYAYAYAY senses fail may 7thhhh #PUMPED,2013-01-16T19:05:13.000Z,"{'retweet_count': 0, 'reply_count': 0, 'like_count': 0, 'quote_count': 0}",hi,#pumped,,,
Twitter Web Client,286650338780516353,239212840,everyone,286658317030400000,@someuser YAYAAYAYAYAYAAAAYAYYAY #pumped #iloveyoumegan #soexcited,2013-01-03T02:20:43.000Z,"{'retweet_count': 0, 'reply_count': 0, 'like_count': 0, 'quote_count': 0}",hi,#pumped,"[{'type': 'replied_to', 'id': '286656525940953090'}]",363732750,
Twitter for iPhone,286202807722328064,241351975,everyone,286202807722328064,#honeybooboo marathoonn! #pumped #guiltypleasure,2013-01-01T20:10:41.000Z,"{'retweet_count': 0, 'reply_count': 0, 'like_count': 1, 'quote_count': 0}",hi,#pumped,,,
Twitter for iPhone,284056671838429184,468592869,everyone,284056671838429184,Swamp wars marathon #pumped,2012-12-26T22:02:42.000Z,"{'retweet_count': 1, 'reply_count': 1, 'like_count': 0, 'quote_count': 0}",hi,#pumped,,,
Photos on iOS,279753691672739840,25435103,everyone,279753691672739840,ED SHEERAN ED SHEERAN ED SHEERAN! @someuser #pumped http://someurl,2012-12-15T01:04:12.000Z,"{'retweet_count': 0, 'reply_count': 1, 'like_count': 2, 'quote_count': 0}",hi,#pumped,,,
Twitter for iPhone,277976655186767873,881572207,everyone,277976655186767873,Snowin HARRRDD haha #pumped @someuser @someuser @someuser @someuser,2012-12-10T03:22:53.000Z,"{'retweet_count': 1, 'reply_count': 0, 'like_count': 1, 'quote_count': 0}",hi,#pumped,,,
Twitter for iPhone,272933914551660544,946318045,everyone,272934144307240961,@someuser yayayayyayaa!!!! #excited #pumped #newyears,2012-11-26T05:25:45.000Z,"{'retweet_count': 0, 'reply_count': 0, 'like_count': 0, 'quote_count': 0}",hi,#pumped,"[{'type': 'replied_to', 'id': '272933914551660544'}]",20408984,
Twitter for iPhone,269649631275806720,256705358,everyone,269649631275806720,Jab tak hai Jaan with @someuser @someuser @someuser #pumped #bollywood,2012-11-17T03:54:16.000Z,"{'retweet_count': 0, 'reply_count': 0, 'like_count': 0, 'quote_count': 0}",hi,#pumped,,,
Twitter for iPhone,269474950350512128,283985904,everyone,269474950350512128,Ashton Gate mad1 2moz #pumped,2012-11-16T16:20:09.000Z,"{'retweet_count': 1, 'reply_count': 0, 'like_count': 0, 'quote_count': 0}",hi,#pumped,,,
Twitter for iPhone,268475773097242625,280035811,everyone,268475773097242625,At Penn State!! Yayayay #excited #pumped,2012-11-13T22:09:47.000Z,"{'retweet_count': 0, 'reply_count': 0, 'like_count': 0, 'quote_count': 0}",hi,#pumped,,,
Twitter for iPhone,267291090342801408,496672502,everyone,267291090342801408,JUSTIN BIEBER AND SELENA GOMEZ BROKE UPPPPP YAYAYAYAYAYAYAAYAYAYAAYAYAYAYAYA!!! #PUMPED #LOVEHIM #FINALLY,2012-11-10T15:42:16.000Z,"{'retweet_count': 3, 'reply_count': 1, 'like_count': 5, 'quote_count': 0}",hi,#pumped,,,
Instagram,266963042313576449,708370405,everyone,266963042313576449,99 days yaaayayayayyaaya! lauraad17 @someuser #disneyworld #excited #yay #pumped #99 http://someurl,2012-11-09T17:58:43.000Z,"{'retweet_count': 0, 'reply_count': 0, 'like_count': 0, 'quote_count': 0}",hi,#pumped,,,
Twitter for iPhone,266392551387459585,423953539,everyone,266392551387459585,‚Äú@someuser @someuser lunch date tommirow #excited #pumped‚Äùyayayyyayaayayayyay #wellneeded <3,2012-11-08T04:11:48.000Z,"{'retweet_count': 0, 'reply_count': 0, 'like_count': 1, 'quote_count': 0}",hi,#pumped,,,
Twitter for Android,265956311559184384,65846435,everyone,265956311559184384,Osaka with @someuser #pumped,2012-11-06T23:18:20.000Z,"{'retweet_count': 1, 'reply_count': 1, 'like_count': 0, 'quote_count': 0}",hi,#pumped,,,
Twitter for iPhone,265102202538967040,445164742,everyone,265102202538967040,game daayyyy yayayayaya| #pumped,2012-11-04T14:44:25.000Z,"{'retweet_count': 0, 'reply_count': 0, 'like_count': 0, 'quote_count': 0}",hi,#pumped,,,
Tweetbot for iOS,260816296084635648,39160414,everyone,260816296084635648,Yayayayayayayayayayayayayayayayayayayayayayayayayayayayayayayayayayayayayayayayayaya! üò¨üò¨üòò#pumped #KSEL @someuser http://someurl,2012-10-23T18:53:46.000Z,"{'retweet_count': 0, 'reply_count': 0, 'like_count': 0, 'quote_count': 0}",hi,#pumped,,,
Twitter Web Client,260491416751456257,24958837,everyone,260491416751456257,Jan 5th ANAHEIM! #cantwait #pumped #feellikeapro,2012-10-22T21:22:48.000Z,"{'retweet_count': 0, 'reply_count': 0, 'like_count': 0, 'quote_count': 0}",hi,#pumped,,,
Twitter for BlackBerry¬Æ,259384476046598145,376903028,everyone,259384476046598145,Ne aaj phir kithay chale eh moorni baan ke moorni baan ke. #SAADynasty LESS THAN 5 hours until the event! #pumped !,2012-10-19T20:04:12.000Z,"{'retweet_count': 2, 'reply_count': 0, 'like_count': 0, 'quote_count': 0}",hi,#pumped,,,
Twitter for BlackBerry¬Æ,255359859179003904,237457505,everyone,255359859179003904,Shrek marathon. #holidays #pumped :):):),2012-10-08T17:31:49.000Z,"{'retweet_count': 0, 'reply_count': 0, 'like_count': 0, 'quote_count': 0}",hi,#pumped,,,
Twitter for Android,254289545862975488,351810391,everyone,254289545862975488,@someuser yaayaya #woohoo #pumped,2012-10-05T18:38:46.000Z,"{'retweet_count': 0, 'reply_count': 0, 'like_count': 0, 'quote_count': 0}",hi,#pumped,,492445994,
Twitter for iPhone,253959648472883201,332260380,everyone,253959648472883201,@someuser yayayayaaya :) #pumped,2012-10-04T20:47:53.000Z,"{'retweet_count': 0, 'reply_count': 0, 'like_count': 0, 'quote_count': 0}",hi,#pumped,,423873859,
Twitter for Android,253886189025767426,322346505,everyone,253886189025767426,Aaaggghhhh yayaayyayayayya ((: #pumped,2012-10-04T15:55:59.000Z,"{'retweet_count': 0, 'reply_count': 0, 'like_count': 1, 'quote_count': 0}",hi,#pumped,,,"{'coordinates': {'type': 'Point', 'coordinates': [-81.6785948, 36.215558]}, 'place_id': 'ecdf2813e684c066'}"
Twitter for iPhone,252503013535662080,772804970,everyone,252511685577957376,@someuser YAYAYAYAYAYAYAYAYAYAYAYAYAYAYAYAYYYYYY! sooooo we gotta plan this thing #manhunt #bonfire #PUMPED,2012-09-30T20:54:11.000Z,"{'retweet_count': 0, 'reply_count': 1, 'like_count': 0, 'quote_count': 0}",hi,#pumped,"[{'type': 'replied_to', 'id': '252509702267736064'}]",604998380,
Twitter SMS,251797551727124480,45741435,everyone,251797551727124480,@someuser waa hooo!! #Pumped,2012-09-28T21:36:29.000Z,"{'retweet_count': 0, 'reply_count': 0, 'like_count': 0, 'quote_count': 0}",hi,#pumped,,154401134,
Twitter for iPhone,251655389685366786,477901010,everyone,251668859189350400,@someuser @someuser yayayayyaayayyaayyyayayayayay #pumped #tripod #OhHellNaw,2012-09-28T13:05:06.000Z,"{'retweet_count': 0, 'reply_count': 0, 'like_count': 0, 'quote_count': 0}",hi,#pumped,"[{'type': 'replied_to', 'id': '251655389685366786'}]",280513879,
Twitter for iPhone,250691519458185216,764680176,everyone,250691519458185216,Dancee yaaaaaaa!!! #yeah #pumped #hard #lyrical #hiphop #ballet #acro,2012-09-25T20:21:30.000Z,"{'retweet_count': 0, 'reply_count': 0, 'like_count': 1, 'quote_count': 0}",hi,#pumped,,,
Twitter for iPhone,250235194639015938,753603829,everyone,250235326793125888,@someuser @someuser @someuser yayAyaayayayüòãüòã #pumped,2012-09-24T14:08:45.000Z,"{'retweet_count': 0, 'reply_count': 1, 'like_count': 1, 'quote_count': 0}",hi,#pumped,"[{'type': 'replied_to', 'id': '250235194639015938'}]",547891499,
Twitter for iPhone,250139168188014592,167544330,everyone,250139168188014592,Bish bash bosh #pumped üí™üëü,2012-09-24T07:46:39.000Z,"{'retweet_count': 0, 'reply_count': 0, 'like_count': 0, 'quote_count': 0}",hi,#pumped,,,
Twitter for iPhone,247500469457530880,415848380,everyone,247500469457530880,made bantam AA!:) | #yay #pumped,2012-09-17T01:01:24.000Z,"{'retweet_count': 0, 'reply_count': 0, 'like_count': 0, 'quote_count': 0}",hi,#pumped,,,
Twitter Web Client,247449263221645312,496417649,everyone,247449536082096128,@someuser YAYAYAYAYYAAYAYAAYYYAYYY #pumped #minireunion,2012-09-16T21:39:01.000Z,"{'retweet_count': 0, 'reply_count': 1, 'like_count': 0, 'quote_count': 0}",hi,#pumped,"[{'type': 'replied_to', 'id': '247449263221645312'}]",739516333,
Twitter for iPhone,246413137153253376,43000181,everyone,246413137153253376,Glee glee glee glee glee glee glee glee glee glee glee glee glee glee glee glee #Pumped,2012-09-14T01:00:44.000Z,"{'retweet_count': 0, 'reply_count': 1, 'like_count': 0, 'quote_count': 0}",hi,#pumped,,,
Twitter for Android,241727340978253825,65749030,everyone,241727340978253825,Anndd ghost hunting @ 12:30-1am....#pumped,2012-09-01T02:41:03.000Z,"{'retweet_count': 0, 'reply_count': 0, 'like_count': 0, 'quote_count': 0}",hi,#pumped,,,
Instagram on iOS,240513202096599040,344886025,everyone,240513202096599040,katezee1s photo http://someurl #PUMPED!!! #Buckeyes #Football,2012-08-28T18:16:30.000Z,"{'retweet_count': 0, 'reply_count': 0, 'like_count': 1, 'quote_count': 0}",hi,#pumped,,,
Twitter Web Client,240263027511947265,562399823,everyone,240267251599687680,@someuser yayayayayayaayayayayay:))))) #pumped,2012-08-28T01:59:11.000Z,"{'retweet_count': 0, 'reply_count': 1, 'like_count': 0, 'quote_count': 0}",hi,#pumped,"[{'type': 'replied_to', 'id': '240263027511947265'}]",602362811,
Twitter for iPhone,238753854773149696,579450456,everyone,238753854773149696,Chicago saturddaiiii.. #pumped,2012-08-23T21:45:29.000Z,"{'retweet_count': 0, 'reply_count': 0, 'like_count': 0, 'quote_count': 0}",hi,#pumped,,,
Twitter for BlackBerry¬Æ,237628612206014464,172284819,everyone,237628612206014464,Qatar and Dubai! :D #pumped,2012-08-20T19:14:10.000Z,"{'retweet_count': 0, 'reply_count': 0, 'like_count': 0, 'quote_count': 0}",hi,#pumped,,,
Twitter for iPhone,235796374417977345,602257943,everyone,235796374417977345,Numbaa 12! #pumped,2012-08-15T17:53:31.000Z,"{'retweet_count': 0, 'reply_count': 1, 'like_count': 0, 'quote_count': 0}",hi,#pumped,,,
Twitter for iPhone,231604534982606848,501492871,everyone,231616494713331712,@someuser yayaayayyaya!!! #pumped,2012-08-04T05:04:10.000Z,"{'retweet_count': 0, 'reply_count': 2, 'like_count': 0, 'quote_count': 0}",hi,#pumped,"[{'type': 'replied_to', 'id': '231615497584652289'}]",462295255,
Twitter for Android,231134211984220161,494448370,everyone,231134211984220161,Snooooooopppp with kalie & katie #pumped #dropitlikeitshott,2012-08-02T21:07:45.000Z,"{'retweet_count': 0, 'reply_count': 0, 'like_count': 0, 'quote_count': 0}",hi,#pumped,,,
Twitter for iPhone,230324262056103936,53446921,everyone,230324429970890752,@someuser yayayayyaa üòÅ #pumped,2012-07-31T15:29:57.000Z,"{'retweet_count': 0, 'reply_count': 0, 'like_count': 0, 'quote_count': 0}",hi,#pumped,"[{'type': 'replied_to', 'id': '230324262056103936'}]",91581429,
Twitter for iPhone,229189143891165185,310893062,everyone,229189143891165185,Sarah Parvin! #pumped #soccer,2012-07-28T12:18:44.000Z,"{'retweet_count': 0, 'reply_count': 0, 'like_count': 0, 'quote_count': 0}",hi,#pumped,,,
Twitter SMS,228851127549038592,121238775,everyone,228851127549038592,Ottawa todaay ! #pumped,2012-07-27T13:55:35.000Z,"{'retweet_count': 0, 'reply_count': 0, 'like_count': 0, 'quote_count': 0}",hi,#pumped,,,
Twitter for iPhone,227616653989531648,292758217,everyone,227619773486333954,@someuser yayayayayayyayayayayayayayayayayayayyayayayayay!!!! #pumped can we carpool the wedding errr something?,2012-07-24T04:22:37.000Z,"{'retweet_count': 0, 'reply_count': 0, 'like_count': 0, 'quote_count': 0}",hi,#pumped,"[{'type': 'replied_to', 'id': '227619547950227456'}]",464980361,
Twitter for iPhone,227464885762666496,480838185,everyone,227465310716981248,@someuser @someuser @someuser @someuser YAYAYAYAYAYAYAYA!! CANT WAIT TO SEE MAHHH GIIRRRRLLLLSSS! #BFFS #getcrazy #pumped,2012-07-23T18:08:50.000Z,"{'retweet_count': 0, 'reply_count': 0, 'like_count': 0, 'quote_count': 0}",hi,#pumped,"[{'type': 'replied_to', 'id': '227464885762666496'}]",471531198,
Twitter Web Client,226863987554406401,608554929,everyone,226874464380522496,@someuser yayayayaay! #pumped,2012-07-22T03:01:02.000Z,"{'retweet_count': 0, 'reply_count': 1, 'like_count': 0, 'quote_count': 0}",hi,#pumped,"[{'type': 'replied_to', 'id': '226873804872359936'}]",349361200,
Twitter for iPhone,226176665141792768,439735443,everyone,226176665141792768,nananannaa BATMANN #pumped,2012-07-20T04:48:13.000Z,"{'retweet_count': 1, 'reply_count': 0, 'like_count': 2, 'quote_count': 0}",hi,#pumped,,,
Twitter for iPhone,220379333246713856,126156610,everyone,220380156857028610,@someuser aayyyyee #pumped,2012-07-04T04:54:58.000Z,"{'retweet_count': 0, 'reply_count': 0, 'like_count': 0, 'quote_count': 0}",hi,#pumped,"[{'type': 'replied_to', 'id': '220379333246713856'}]",329734198,
Twitter for iPhone,215791238178279424,71705764,everyone,215791417023397889,@someuser yaayayayayayayaaay #pumped,2012-06-21T13:00:57.000Z,"{'retweet_count': 0, 'reply_count': 1, 'like_count': 0, 'quote_count': 0}",hi,#pumped,"[{'type': 'replied_to', 'id': '215791238178279424'}]",284837767,
Twitter for iPhone,215459171506724864,592288054,everyone,215459171506724864,paaartaayÓÅäÓå¢ #pumped,2012-06-20T15:00:44.000Z,"{'retweet_count': 0, 'reply_count': 1, 'like_count': 1, 'quote_count': 0}",hi,#pumped,,,
Twitter Web Client,215200061494263808,365514948,everyone,215203848132894720,@someuser @someuser yayayay LAKE LAKE LAKE! :) #pumped,2012-06-19T22:06:10.000Z,"{'retweet_count': 0, 'reply_count': 0, 'like_count': 0, 'quote_count': 0}",hi,#pumped,"[{'type': 'replied_to', 'id': '215200061494263808'}]",122872500,
Twitter for iPhone,213891353225068544,518404173,everyone,213892648178688000,@someuser :O OMG YAYAYAYAYAAYAAYYAAY ! #pumped,2012-06-16T07:15:55.000Z,"{'retweet_count': 0, 'reply_count': 0, 'like_count': 0, 'quote_count': 0}",hi,#pumped,"[{'type': 'replied_to', 'id': '213891353225068544'}]",435525090,
Twitter for Android,213884643978657793,427692125,everyone,213884643978657793,KKKKKAAAAAADDDDEEESSSSSSSSHHHHHHHHHHH! #Pumped #Ready #Identity2012,2012-06-16T06:44:07.000Z,"{'retweet_count': 0, 'reply_count': 0, 'like_count': 0, 'quote_count': 0}",hi,#pumped,,,
Twitter Web Client,210971071074144256,142957085,everyone,210971071074144256,EK EK EK EK EK EK EK EK EK EK! #pumped,2012-06-08T05:46:37.000Z,"{'retweet_count': 0, 'reply_count': 0, 'like_count': 0, 'quote_count': 0}",hi,#pumped,,,
Twitter Web Client,208397854220361730,335232940,everyone,208397854220361730,Samoa 1-10 Tahiti #pumped,2012-06-01T03:21:34.000Z,"{'retweet_count': 0, 'reply_count': 0, 'like_count': 0, 'quote_count': 0}",hi,#pumped,,,
Twitter for Android,206375517656588288,395030809,everyone,206375517656588288,Ranch ranch ranch ranch ranch ranch ranch #pumped,2012-05-26T13:25:32.000Z,"{'retweet_count': 1, 'reply_count': 0, 'like_count': 0, 'quote_count': 0}",hi,#pumped,,,
Twitter for iPhone,206375451088781313,472522575,everyone,206375451088781313,@someuser  drake drake drake drake #pumped üòçüéâ,2012-05-26T13:25:16.000Z,"{'retweet_count': 0, 'reply_count': 0, 'like_count': 0, 'quote_count': 0}",hi,#pumped,,312893484,
Twitter for Android,206062981266673665,573847801,everyone,206065410934714368,@someuser yuuppppp #pumped,2012-05-25T16:53:17.000Z,"{'retweet_count': 0, 'reply_count': 0, 'like_count': 0, 'quote_count': 0}",hi,#pumped,"[{'type': 'replied_to', 'id': '206062981266673665'}]",404349977,
Twitter for Android,204561190133841920,309958493,everyone,204573836677611520,@someuser yayaayayayayyayay!!! #pumped to see my loves!!!,2012-05-21T14:06:18.000Z,"{'retweet_count': 0, 'reply_count': 1, 'like_count': 0, 'quote_count': 0}",hi,#pumped,"[{'type': 'replied_to', 'id': '204561190133841920'}]",23909557,
LG Phone,200715509174505472,562265236,everyone,200715509174505472,Ddaayyuumm nigguh #pumped,2012-05-10T22:34:41.000Z,"{'retweet_count': 0, 'reply_count': 0, 'like_count': 0, 'quote_count': 0}",hi,#pumped,,,
Mobile Web,198626416420601857,360363017,everyone,198626416420601857,Yayyyyayyaayyy #pumped,2012-05-05T04:13:22.000Z,"{'retweet_count': 0, 'reply_count': 0, 'like_count': 0, 'quote_count': 0}",hi,#pumped,,,
Twitter for BlackBerry¬Æ,198216842190401538,397624498,everyone,198217021660467201,@someuser OMG ! #canthandletheexitment #pumped ! <3<3 yayayayaayay,2012-05-04T01:06:35.000Z,"{'retweet_count': 0, 'reply_count': 1, 'like_count': 0, 'quote_count': 0}",hi,#pumped,"[{'type': 'replied_to', 'id': '198216842190401538'}]",355095681,
Twitter for Android,198072689641013248,116384618,everyone,198072689641013248,Marvel Marathon in 30... #pumped #AvengersAssemble,2012-05-03T15:33:03.000Z,"{'retweet_count': 0, 'reply_count': 0, 'like_count': 0, 'quote_count': 0}",hi,#pumped,,,
Twitter for iPhone,194586881231564800,415257301,everyone,194586881231564800,Swamp Wars marathon. #pumped,2012-04-24T00:41:42.000Z,"{'retweet_count': 0, 'reply_count': 0, 'like_count': 0, 'quote_count': 0}",hi,#pumped,,,
Twitter Web Client,194537146328158208,526894639,everyone,194539655234990080,@someuser yayayayayayayayayayaaya #pumped,2012-04-23T21:34:02.000Z,"{'retweet_count': 0, 'reply_count': 0, 'like_count': 0, 'quote_count': 0}",hi,#pumped,"[{'type': 'replied_to', 'id': '194537146328158208'}]",531011091,
Twitter for iPhone,192294633479487488,501442415,everyone,192294633479487488,Upha #pumped,2012-04-17T16:53:07.000Z,"{'retweet_count': 0, 'reply_count': 0, 'like_count': 0, 'quote_count': 0}",hi,#pumped,,,
Twitter for iPad,188753013681291264,235239310,everyone,188753122594799616,@someuser #PUMPED YAYAYAAY,2012-04-07T22:20:25.000Z,"{'retweet_count': 0, 'reply_count': 0, 'like_count': 0, 'quote_count': 0}",hi,#pumped,"[{'type': 'replied_to', 'id': '188753013681291264'}]",235275983,
Twitter for iPhone,188403050518548480,47031370,everyone,188403050518548480,Sushi. Sushi. Sushi. Sushi. Sushi. Sushi. Sushi. Sushi. Sushi. Sushi. @someuser #pumped,2012-04-06T23:09:22.000Z,"{'retweet_count': 0, 'reply_count': 0, 'like_count': 0, 'quote_count': 0}",hi,#pumped,,,
Twitter for iPhone,186448797877014528,294563803,everyone,186504952137531392,@someuser @someuser yayayayayay we are @someuser #pumped,2012-04-01T17:27:00.000Z,"{'retweet_count': 0, 'reply_count': 1, 'like_count': 0, 'quote_count': 0}",hi,#pumped,"[{'type': 'replied_to', 'id': '186448797877014528'}]",260017463,
Twitter for iPad,182246644534878208,486054703,everyone,182247816213704705,@someuser aye aye captain! #pumped,2012-03-20T23:30:40.000Z,"{'retweet_count': 0, 'reply_count': 0, 'like_count': 0, 'quote_count': 0}",hi,#pumped,"[{'type': 'replied_to', 'id': '182246644534878208'}]",250919037,
Twitter for iPhone,176862970645708800,266181472,everyone,176863197863751681,@someuser :DD Im #pumped !,2012-03-06T02:54:06.000Z,"{'retweet_count': 0, 'reply_count': 0, 'like_count': 0, 'quote_count': 0}",hi,#pumped,"[{'type': 'replied_to', 'id': '176862970645708800'}]",59809975,
Twitter for iPhone,176844151109861377,43210451,everyone,176844151109861377,Hawaaaaaaaaaaai #pumped,2012-03-06T01:38:25.000Z,"{'retweet_count': 0, 'reply_count': 1, 'like_count': 0, 'quote_count': 0}",hi,#pumped,,,
Twitter for iPhone,176038705373523968,479869366,everyone,176038705373523968,"Iphone, booyaa bishes #pumped",2012-03-03T20:17:52.000Z,"{'retweet_count': 0, 'reply_count': 0, 'like_count': 0, 'quote_count': 0}",hi,#pumped,,,
Twitter for iPhone,175014564994367488,87286291,everyone,175015584340250625,@someuser and Alpha Phi Alpha!! #pumped #mixer,2012-03-01T00:32:21.000Z,"{'retweet_count': 0, 'reply_count': 0, 'like_count': 0, 'quote_count': 0}",hi,#pumped,"[{'type': 'replied_to', 'id': '175014564994367488'}]",47187878,
Twitter Web Client,172084001341833217,232030870,everyone,172084001341833217,CANT WAIT TO GO SEE SCOTTTTTTTTYYYY!!!!! #AHHHHHHHHH @someuser W/ @someuser <33 YAYAYAYAYAYAYAYAYAYYAYAYAYAAAAAAA! #PUMPED!!!!!!!!!,2012-02-21T22:23:17.000Z,"{'retweet_count': 0, 'reply_count': 0, 'like_count': 0, 'quote_count': 0}",hi,#pumped,,,
Twitter for iPhone,172031533861974017,409706517,everyone,172031533861974017,Drake drake drake drake drake drake drake!!!!!!!!!! @someuser #pumped #thirsdaywillbeworthwednesday,2012-02-21T18:54:48.000Z,"{'retweet_count': 0, 'reply_count': 0, 'like_count': 0, 'quote_count': 0}",hi,#pumped,,,
Twitter for iPhone,170979406968393728,284227872,everyone,170980472862674946,@someuser @someuser  @someuser @someuser YAYAYYAAYAYAY #pumped,2012-02-18T21:18:16.000Z,"{'retweet_count': 0, 'reply_count': 0, 'like_count': 0, 'quote_count': 0}",hi,#pumped,"[{'type': 'replied_to', 'id': '170979406968393728'}]",373646106,
Twitter Web Client,170296084575428610,468046861,everyone,170310169346060288,@someuser duuddee i cant wait!! #pumped,2012-02-17T00:54:43.000Z,"{'retweet_count': 0, 'reply_count': 0, 'like_count': 0, 'quote_count': 0}",hi,#pumped,"[{'type': 'replied_to', 'id': '170296084575428610'}]",382925003,
Twitter for iPhone,166465440158195712,390654294,everyone,166465737857310722,@someuser cheerin! #pumped,2012-02-06T10:18:19.000Z,"{'retweet_count': 0, 'reply_count': 0, 'like_count': 0, 'quote_count': 0}",hi,#pumped,"[{'type': 'replied_to', 'id': '166465440158195712'}]",66935196,
Twitter for iPhone,166349002642690049,367148559,everyone,166349002642690049,Yayayayyayayaaya #pumped #itcouldhappen,2012-02-06T02:34:27.000Z,"{'retweet_count': 0, 'reply_count': 0, 'like_count': 0, 'quote_count': 0}",hi,#pumped,,,
Echofon,162564582961983490,466833501,everyone,162564582961983490,Bi tri then stash bash!!! #pumped @someuser @someuser,2012-01-26T15:56:31.000Z,"{'retweet_count': 0, 'reply_count': 0, 'like_count': 0, 'quote_count': 0}",hi,#pumped,,,
Twitter Web Client,162151682044739584,209264865,everyone,162151682044739584,Elephant Room 2. #pumped,2012-01-25T12:35:48.000Z,"{'retweet_count': 0, 'reply_count': 0, 'like_count': 0, 'quote_count': 0}",hi,#pumped,,,
Twitter Web Client,157565887128420353,90430921,everyone,157565887128420353,Charlie Sheen| #Based| #Pumped,2012-01-12T20:53:29.000Z,"{'retweet_count': 0, 'reply_count': 0, 'like_count': 0, 'quote_count': 0}",hi,#pumped,,,
Twitter for iPhone,155077721297403907,394518974,everyone,155077721297403907,Sushi Sushi Sushi #pumped üëç,2012-01-06T00:06:24.000Z,"{'retweet_count': 0, 'reply_count': 0, 'like_count': 0, 'quote_count': 0}",hi,#pumped,,,
Twitter for iPhone,152953723063255041,27771684,everyone,152953723063255041,BANNNGGS #pumped,2011-12-31T03:26:23.000Z,"{'retweet_count': 0, 'reply_count': 0, 'like_count': 0, 'quote_count': 0}",hi,#pumped,,,
Twitter SMS,152884542334713857,153228096,everyone,152884542334713857,@someuser yayyyaayyyaayyy <3 #pumped,2011-12-30T22:51:30.000Z,"{'retweet_count': 0, 'reply_count': 1, 'like_count': 0, 'quote_count': 0}",hi,#pumped,,275199535,
Twitter for BlackBerry¬Æ,152452842475618304,193884454,everyone,152452842475618304,"Chillin in ottawa airportt , #pumped!",2011-12-29T18:16:04.000Z,"{'retweet_count': 0, 'reply_count': 0, 'like_count': 0, 'quote_count': 0}",hi,#pumped,,,
Twitter for iPhone,151488986542653442,374787546,everyone,151493194599759872,@someuser Yuuppp!! #pumped,2011-12-27T02:42:46.000Z,"{'retweet_count': 0, 'reply_count': 0, 'like_count': 0, 'quote_count': 0}",hi,#pumped,"[{'type': 'replied_to', 'id': '151488986542653442'}]",368606690,
Twitter for Android,150184906989912064,390311079,everyone,150184906989912064,Lastt daay of jaaiilll #pumped,2011-12-23T12:04:06.000Z,"{'retweet_count': 0, 'reply_count': 0, 'like_count': 0, 'quote_count': 0}",hi,#pumped,,,
Twitter for iPhone,143457976844423169,400336622,everyone,143457976844423169,HPHPHPHPHPHPHPHPHPHPHPHP. #leggggooo #pumped,2011-12-04T22:33:41.000Z,"{'retweet_count': 1, 'reply_count': 0, 'like_count': 1, 'quote_count': 0}",hi,#pumped,,,"{'coordinates': {'type': 'Point', 'coordinates': [-87.57216892, 37.96533694]}, 'place_id': '9f158f193077f803'}"
Tweets60dm,141812934572650496,354476055,everyone,141843611263303680,@someuser yayayayaayayayayayayaay!! #pumped,2011-11-30T11:38:46.000Z,"{'retweet_count': 0, 'reply_count': 2, 'like_count': 0, 'quote_count': 0}",hi,#pumped,"[{'type': 'replied_to', 'id': '141812934572650496'}]",50140311,
Twitter Web Client,137750279683702785,310934375,everyone,137750279683702785,falllllllll weeeeeekkkeeenndd #pumped,2011-11-19T04:33:20.000Z,"{'retweet_count': 0, 'reply_count': 0, 'like_count': 0, 'quote_count': 0}",hi,#pumped,,,
Twitter for Android,136247409138335744,412344215,everyone,136247956968964096,@someuser wooottwooott!! #pumped,2011-11-15T01:03:38.000Z,"{'retweet_count': 0, 'reply_count': 0, 'like_count': 0, 'quote_count': 0}",hi,#pumped,"[{'type': 'replied_to', 'id': '136247409138335744'}]",140598250,
Twitter for iPhone,134807939503501313,280842279,everyone,134812770087600129,@someuser yaayayayayayayayay :) #pumped,2011-11-11T02:00:43.000Z,"{'retweet_count': 0, 'reply_count': 0, 'like_count': 0, 'quote_count': 0}",hi,#pumped,"[{'type': 'replied_to', 'id': '134807939503501313'}]",280842980,
Twitter Web Client,131521824906424320,355798683,everyone,131521824906424320,sushi sushi sushi #sushi!!! #pumped,2011-11-02T00:03:41.000Z,"{'retweet_count': 0, 'reply_count': 0, 'like_count': 0, 'quote_count': 0}",hi,#pumped,,,
Mobile Web,129968411236245505,175877074,everyone,129968411236245505,Gonna go see @someuser in Birmingham ! :DD #pumped,2011-10-28T17:10:58.000Z,"{'retweet_count': 0, 'reply_count': 0, 'like_count': 0, 'quote_count': 0}",hi,#pumped,,,
Twitter for Android,129330998675644417,285378763,everyone,129330998675644417,Pumkin carvin har dee har. #pumped,2011-10-26T22:58:07.000Z,"{'retweet_count': 0, 'reply_count': 0, 'like_count': 0, 'quote_count': 0}",hi,#pumped,,,
Twitter SMS,128596870187589634,29197742,everyone,128596870187589634,Theta phi!! Theta phi!! Theta phi!! @someuser #pumped,2011-10-24T22:20:57.000Z,"{'retweet_count': 0, 'reply_count': 0, 'like_count': 0, 'quote_count': 0}",hi,#pumped,,,
Twitter for Android,127857847026466817,373747236,everyone,127857847026466817,OSH KOSHHHH #pumped,2011-10-22T21:24:20.000Z,"{'retweet_count': 0, 'reply_count': 0, 'like_count': 0, 'quote_count': 0}",hi,#pumped,,,
Twitter SMS,125393539591979008,334912122,everyone,125393539591979008,@someuser SOO #PUMPED FOR #MISTLETOE #2days yayayaya,2011-10-16T02:12:04.000Z,"{'retweet_count': 0, 'reply_count': 0, 'like_count': 0, 'quote_count': 0}",hi,#pumped,,27260086,
Twitter for Android,124589321830416385,357071871,everyone,124589321830416385,"Ramen, Ramen, Ramen, Ramen, Ramen, Ramen, Ramen, Ramen, Ramen, Ramen, Ramen, Ramen, Ramen, Ramen, Ramen, Ramen....NOODLES! (: #yummy #pumped",2011-10-13T20:56:23.000Z,"{'retweet_count': 0, 'reply_count': 1, 'like_count': 0, 'quote_count': 0}",hi,#pumped,,,
Twitter for iPhone,119903723462991872,365161963,everyone,119903723462991872,Bantam AA #pumped #howdidthishappen,2011-09-30T22:37:30.000Z,"{'retweet_count': 0, 'reply_count': 0, 'like_count': 0, 'quote_count': 0}",hi,#pumped,,,
Twitter for iPhone,118852171558174720,310506580,everyone,118854359395221505,@someuser yaayayyaay! #pumped!,2011-09-28T01:07:42.000Z,"{'retweet_count': 0, 'reply_count': 0, 'like_count': 0, 'quote_count': 0}",hi,#pumped,"[{'type': 'replied_to', 'id': '118852171558174720'}]",268819830,
Twitter for Android,118495552932556800,339824032,everyone,118495552932556800,@someuser otaayyy. (: #pumped.,2011-09-27T01:21:56.000Z,"{'retweet_count': 1, 'reply_count': 0, 'like_count': 0, 'quote_count': 0}",hi,#pumped,,300569893,
Twitter for Windows Phone,117460229100285952,344826644,everyone,117460229100285952,Poopin #pumped,2011-09-24T04:47:55.000Z,"{'retweet_count': 0, 'reply_count': 0, 'like_count': 0, 'quote_count': 0}",hi,#pumped,,,
Twitter for iPhone,116253833000267777,338091310,everyone,116253833000267777,GLEE GLEE GLEE GLEE GLEE GLEE GLEE GLEE GLEE GLEE OHEMGEEE #pumped #beenwaitingfortoolong,2011-09-20T20:54:08.000Z,"{'retweet_count': 0, 'reply_count': 1, 'like_count': 0, 'quote_count': 0}",hi,#pumped,,,
Twitter for BlackBerry¬Æ,111402045436735488,365002687,everyone,111404999711522817,@someuser yayaayayayyaayayyay #pumped,2011-09-07T11:46:36.000Z,"{'retweet_count': 0, 'reply_count': 0, 'like_count': 0, 'quote_count': 0}",hi,#pumped,"[{'type': 'replied_to', 'id': '111402045436735488'}]",306288671,
  HTC Peep,109998897337860096,349478551,everyone,109998897337860096,hamtonn beacchh booeey . #pumped,2011-09-03T14:39:15.000Z,"{'retweet_count': 0, 'reply_count': 0, 'like_count': 0, 'quote_count': 0}",hi,#pumped,,,
Twitter SMS,108297291969998848,190848737,everyone,108297291969998848,@someuser yaaayaayayaa(: | #PUMPED,2011-08-29T21:57:41.000Z,"{'retweet_count': 0, 'reply_count': 0, 'like_count': 0, 'quote_count': 0}",hi,#pumped,,,
Twitter for BlackBerry¬Æ,105771049391628288,267532432,everyone,105771049391628288,Wudduup dave? #pumped http://someurl,2011-08-22T22:39:17.000Z,"{'retweet_count': 0, 'reply_count': 0, 'like_count': 0, 'quote_count': 0}",hi,#pumped,,,
Twitter for BlackBerry¬Æ,105088637636587520,220353995,everyone,105088637636587520,@someuser HI see yaa soooon #pumped,2011-08-21T01:27:38.000Z,"{'retweet_count': 0, 'reply_count': 0, 'like_count': 0, 'quote_count': 0}",hi,#pumped,,69791865,
Twitter Web Client,104602220888207361,247116020,everyone,104635311233040384,@someuser @someuser YAYAYAYAYAYAYAYYAYAYAYAYAYAYAYAYYAYAYAYYAYAYAYAYAYAYAYAYAYAYAYAYAYAYAYAYAYAYAYAYAYAYAYAYAYAYA #pumped,2011-08-19T19:26:16.000Z,"{'retweet_count': 0, 'reply_count': 0, 'like_count': 0, 'quote_count': 0}",hi,#pumped,"[{'type': 'replied_to', 'id': '104602220888207361'}]",247047681,
Twitter SMS,104209971524280320,187676083,everyone,104209971524280320,Ikr! i am #PUMPED !! :)) | ~ChanningHottum;),2011-08-18T15:16:34.000Z,"{'retweet_count': 0, 'reply_count': 0, 'like_count': 0, 'quote_count': 0}",hi,#pumped,,,
Twitter Web Client,97985414052315137,231155086,everyone,97985414052315137,AHHHHHHHHHHHHH YAAYAYAYAYAYAYAYAY #SynthesisDanceProject starts today! so #Pumped,2011-08-01T11:01:57.000Z,"{'retweet_count': 0, 'reply_count': 0, 'like_count': 0, 'quote_count': 0}",hi,#pumped,,,
Twitter for BlackBerry¬Æ,97902788264198144,40533389,everyone,97902788264198144,Jihne meraa dill lutiyaaa w/ @someuser!!  Yayyyy finallly wooooo #pumped #fullhouse,2011-08-01T05:33:38.000Z,"{'retweet_count': 0, 'reply_count': 0, 'like_count': 0, 'quote_count': 0}",hi,#pumped,,,
Twitter SMS,97082112712261632,220201339,everyone,97082112712261632,Goen Go Kart Racingg! YAAY! #PUMPED,2011-07-29T23:12:34.000Z,"{'retweet_count': 0, 'reply_count': 0, 'like_count': 0, 'quote_count': 0}",hi,#pumped,,,
Twitter for BlackBerry¬Æ,94847004945035264,303765711,everyone,94847004945035264,@someuser Omge I get to see you tonite yayayayayayayayayayayayayaya #pumped,2011-07-23T19:11:02.000Z,"{'retweet_count': 0, 'reply_count': 0, 'like_count': 0, 'quote_count': 0}",hi,#pumped,,17919972,
Twitter Web Client,93233175257546753,190538621,everyone,93233175257546753,"#addicted #tdkr #darkknight #bane #pumped Bane, Bane! Matalo,Matalo! #DarkKnightRises http://someurl & http://someurl",2011-07-19T08:18:15.000Z,"{'retweet_count': 0, 'reply_count': 0, 'like_count': 0, 'quote_count': 0}",hi,#pumped,,,
Twitter Web Client,84035349814312960,306275341,everyone,84035349814312960,Avatar marathon #pumped,2011-06-23T23:09:23.000Z,"{'retweet_count': 0, 'reply_count': 0, 'like_count': 0, 'quote_count': 0}",hi,#pumped,,,
Twitter for BlackBerry¬Æ,74478095553413120,52972995,everyone,74478095553413120,Bridesmaids yayayayayayaya #pumped,2011-05-28T14:12:16.000Z,"{'retweet_count': 0, 'reply_count': 0, 'like_count': 0, 'quote_count': 0}",hi,#pumped,,,
Mobile Web,57690575348047873,135830573,everyone,57690575348047873,@someuser @someuser @someuser @someuser AHHHHH :D YAYAYAAYAYAY <3 #PUMPED,2011-04-12T06:24:39.000Z,"{'retweet_count': 0, 'reply_count': 0, 'like_count': 0, 'quote_count': 0}",hi,#pumped,,214814543,
Twitter Web Client,19978857721368576,197489167,everyone,19978857721368576,Gamee Tomaro Gotta Get #Pumped ! Huuh ...,2010-12-29T04:51:45.000Z,"{'retweet_count': 0, 'reply_count': 0, 'like_count': 0, 'quote_count': 0}",hi,#pumped,,,
