id,conversation_id,public_metrics,text,reply_settings,created_at,author_id,source,lang,search_query,in_reply_to_user_id,referenced_tweets,geo
802461819591741440,802461819591741440,"{'retweet_count': 25, 'reply_count': 0, 'like_count': 21, 'quote_count': 0}",‡§®‡•ã‡§ü‡§¨‡§Ç‡§¶‡•Ä ‡§ï‡•á ‡§ï‡§æ‡§∞‡§£ ‡§™‡•ç‡§Ø‡§æ‡§ú ‡§â‡§§‡•ç‡§™‡§æ‡§¶‡§ï ‡§™‡§∞‡•á‡§∂‡§æ‡§® | #Onion #Producing #Worried #Notbandi| http://someurl,everyone,2016-11-26T10:39:41.000Z,288077673,Twitter Web Client,hi,#worried,,,
800678719132053504,800678719132053504,"{'retweet_count': 17, 'reply_count': 2, 'like_count': 14, 'quote_count': 1}",‡§Æ‡§§ ‡§™‡•Ç‡§õ ‡§ï‡•à‡§∏‡•á ‡§ó‡•Å‡§ú‡§º‡§∞ ‡§∞‡§π‡•Ä ‡§π‡•à ‡§ú‡§º‡§ø‡§®‡•ç‡§¶‡§ó‡•Ä..‡§ê ‡§¶‡•ã‡§∏‡•ç‡§§| | ‡§â‡§∏ ‡§¶‡•å‡§∞ ‡§∏‡•á ‡§ó‡•Å‡§ú‡§º‡§∞ ‡§∞‡§π‡§æ ‡§π‡•Ç‡§Å ‡§ú‡•ã ‡§ó‡•Å‡§ú‡§º‡§∞‡§§‡§æ ‡§π‡•Ä ‡§®‡§π‡•Ä‡§Ç| | ‡§π‡§Å‡§∏ ‡§§‡•ã ‡§∞‡§π‡§æ ‡§π‡•Ç‡§Å  ‡§™‡§∞ ‡§ú‡§º‡§Æ‡§æ‡§®‡•á ‡§ï‡•á ‡§≤‡§ø‡§è| | #worried,everyone,2016-11-21T12:34:17.000Z,103471478,Twitter for iPhone,hi,#worried,,,
798232070459789313,798232070459789313,"{'retweet_count': 0, 'reply_count': 0, 'like_count': 0, 'quote_count': 0}",@someuser bhai 10 seat bhi milenge delhi mein ab ? I doubt...kuch krwa do sir se..#worried,everyone,2016-11-14T18:32:10.000Z,143085507,Twitter Web Client,hi,#worried,132489800,,
796504397496905728,796504397496905728,"{'retweet_count': 4, 'reply_count': 2, 'like_count': 5, 'quote_count': 1}",‡§ü‡•ç‡§∞‡§Ç‡§™ ‡§ï‡•á ‡§ú‡•Ä‡§§‡§®‡•á ‡§∏‡•á ‡§™‡§æ‡§ï‡§ø‡§∏‡•ç‡§§‡§æ‡§® ‡§Æ‡•á‡§Ç ‡§Æ‡§æ‡§§‡§Æ ‡§ï‡§æ ‡§Æ‡§æ‡§π‡•å‡§≤ #Pak #worried #Trump #victory http://someurl http://someurl,everyone,2016-11-10T00:07:01.000Z,34206701,hindi.news24online.com,hi,#worried,,,
796277896763625472,796277896763625472,"{'retweet_count': 0, 'reply_count': 0, 'like_count': 0, 'quote_count': 0}","‡§®‡•ã‡§ü ‡§¨‡§Ç‡§¶ ‡§π‡•ã‡§®‡•á ‡§™‡§∞ ‡§¨‡•ã‡§≤‡•á ‡§ú‡•á‡§§‡§≤‡•Ä, ‡§ï‡§æ‡§≤‡•á ‡§ß‡§® ‡§µ‡§æ‡§≤‡•á ‡§π‡•à‡§Ç ‡§™‡§∞‡•á‡§∂‡§æ‡§®| #Jaitley #black #money #worried http://someurl",everyone,2016-11-09T09:06:59.000Z,843529538,Facebook,hi,#worried,,,
778119720432201728,778119720432201728,"{'retweet_count': 0, 'reply_count': 0, 'like_count': 1, 'quote_count': 0}",‡§∏‡•ã‡§´‡§ø‡§Ø‡§æ ‡§ï‡•á ‡§ó‡§∞‡•ç‡§≠‡§µ‡§§‡•Ä ‡§π‡•ã‡§®‡•á ‡§ï‡•á ‡§Ö‡§Ç‡§¶‡•á‡§∂‡•á ‡§∏‡•á ‡§®‡§ø‡§ï‡•ã‡§≤ ‡§ö‡§ø‡§Ç‡§§‡§ø‡§§ | #nicole #worried #sofia #pregnant http://someurl,everyone,2016-09-20T06:32:52.000Z,843529538,Facebook,hi,#worried,,,
767640169684037632,767640169684037632,"{'retweet_count': 0, 'reply_count': 0, 'like_count': 0, 'quote_count': 0}",(‡©≠‡•Å‚ç®)‡©≠‡•Å‚Åæ‚Åæ #Worried #È°èÊñáÂ≠ó #kaomoji #emoticon http://someurl,everyone,2016-08-22T08:30:53.000Z,4421561545,test-123xx,hi,#worried,,,
761042592167374849,761042592167374849,"{'retweet_count': 0, 'reply_count': 0, 'like_count': 0, 'quote_count': 0}","‡§∏‡•ç‡§µ‡•Ä‡§°‡§® ‡§Æ‡•á‡§Ç ‡§ï‡§Æ ‡§∏‡•á‡§ï‡•ç‡§∏ ‡§¨‡§®‡•Ä ‡§∞‡§æ‡§ú‡§®‡•Ä‡§§‡§ø‡§ï ‡§∏‡§Æ‡§∏‡•ç‡§Ø‡§æ, ‡§¶‡•á‡§∂ ‡§ï‡•Ä ‡§∏‡§∞‡§ï‡§æ‡§∞ ‡§™‡§∞‡•á‡§∂‡§æ‡§®| #sweden #government #worried #sex http://someurl",everyone,2016-08-04T03:34:28.000Z,843529538,Facebook,hi,#worried,,,
758206091322806272,758206091322806272,"{'retweet_count': 1, 'reply_count': 0, 'like_count': 2, 'quote_count': 0}",Aapan yaana pahilet ka? #worried #heartbroken #bringbaeback http://someurl,everyone,2016-07-27T07:43:13.000Z,1413499980,Twitter for Android,hi,#worried,,"[{'type': 'quoted', 'id': '758201206091100160'}]",
757870232543203330,757869511802429440,"{'retweet_count': 0, 'reply_count': 0, 'like_count': 1, 'quote_count': 0}",@someuser @someuser tabiyaat kaisi hai sir?? #worried üôè,everyone,2016-07-26T09:28:38.000Z,373760208,Twitter for Android,hi,#worried,145125358,"[{'type': 'replied_to', 'id': '757869511802429440'}]",
755447124188336131,755447124188336131,"{'retweet_count': 0, 'reply_count': 0, 'like_count': 0, 'quote_count': 0}",aur phiR kaL #70 mila gi ya #yaMaha :| :O| #MatriC_rEsUlt :+| #wOrriED :o| Duao me yaD rAkHna :-),everyone,2016-07-19T17:00:04.000Z,2883523946,Facebook,hi,#worried,,,
753611220616445952,753611220616445952,"{'retweet_count': 0, 'reply_count': 0, 'like_count': 1, 'quote_count': 0}","@someuser aaj koee khabar nahin kyon? main chintit hoon,i hope youre ok üôèüèº #harshavardhanrane #takecare #worried",everyone,2016-07-14T15:24:51.000Z,104294525,Twitter for iPhone,hi,#worried,103096492,,{'place_id': '142a469c0b9fe07c'}
749257102049177600,749257102049177600,"{'retweet_count': 4, 'reply_count': 1, 'like_count': 9, 'quote_count': 0}",‡§ï‡§º‡§§‡•ç‡§≤ ‡§π‡•ã ‡§ï‡•ã‡§à ‡§§‡•ã ‡§ï‡§æ‡§Å‡§™ ‡§â‡§†‡§§‡•Ä ‡§π‡•à ‡§∏‡§æ‡§∞‡•Ä ‡§¶‡•Å‡§®‡§ø‡§Ø‡§æ| ‡§¶‡§∞‡•ç‡§¶-‡§è-‡§á‡§Ç‡§∏‡§æ‡§Å ‡§ï‡•á ‡§Ø‡•á ‡§™‡§π‡§≤‡•Ç ‡§≠‡•Ä ‡§Ö‡§ú‡§¨ ‡§π‡•ã‡§§‡•á ‡§π‡•à‡§Ç !!| #DhakaAttack #instanbul | #Worried #Prayers,everyone,2016-07-02T15:03:08.000Z,356819503,Twitter for Android,hi,#worried,,,{'place_id': '317fcc4b21a604d5'}
746229942938046464,746229942938046464,"{'retweet_count': 2, 'reply_count': 1, 'like_count': 4, 'quote_count': 0}","Aye hai, Miansb k bachon Ki properties Ki qeemat ka Kiya hoga ab?| Fakay na lag jayen.| #worried",everyone,2016-06-24T06:34:17.000Z,2332065509,Twitter for iPad,hi,#worried,,,
735740829587771392,735740829587771392,"{'retweet_count': 0, 'reply_count': 0, 'like_count': 0, 'quote_count': 0}",Kabhi kabhi samjh nahi Nawaz brothers loha kahtay hain ya phir roti #worried,everyone,2016-05-26T07:54:17.000Z,4154467755,Twitter for Android,hi,#worried,,,
734229283841789953,734221588497895424,"{'retweet_count': 0, 'reply_count': 0, 'like_count': 0, 'quote_count': 0}",@someuser @someuser  @someuser @someuser @someuser  yahan to har shakh Pe ullu betha hai Anjame gulishtan kya hoga? #worriedüòû,everyone,2016-05-22T03:47:57.000Z,2467243458,Twitter for Android,hi,#worried,2214008232,"[{'type': 'replied_to', 'id': '734221588497895424'}]",
732855513629753344,732855513629753344,"{'retweet_count': 0, 'reply_count': 1, 'like_count': 1, 'quote_count': 0}",‡§ö‡•á‡§®‡•ç‡§®‡§à ‡§Æ‡•á‡§Ç ‡§¨‡§æ‡§¢ ‡§Ü‡§®‡•á ‡§µ‡§æ‡§≤‡•Ä ‡§π‡•à?????? #Worried| ‡§Ö‡§¨‡•á ‡§Æ‡•á‡§∞‡•á #IndiaTour ‡§Æ‡•á‡§Ç ‡§ö‡•á‡§®‡•ç‡§®‡§à ‡§≠‡•Ä ‡§π‡•à..| #chennai,everyone,2016-05-18T08:49:04.000Z,635153150,Mobile Web (M2),hi,#worried,,,
731379144609681408,731379144609681408,"{'retweet_count': 0, 'reply_count': 0, 'like_count': 1, 'quote_count': 0}",in #actually usko #sharm a gae ..khty #smell sa sab #worried na ho jain..to #nahany chali gae..a rhe ho ge http://someurl,everyone,2016-05-14T07:02:31.000Z,705396246090027008,Twitter Web Client,hi,#worried,,,
727816832921407488,727816832921407488,"{'retweet_count': 50, 'reply_count': 1, 'like_count': 26, 'quote_count': 0}","‡§è‡§ï ‡§ï‡§æ‡§Ç‡§ó‡•ç‡§∞‡•á‡§∏ ‡§™‡§æ‡§∞‡•ç‡§ü‡•Ä ‡§ï‡§æ‡§´‡•Ä ‡§•‡•Ä ‡§¨‡§∞‡•ç‡§¨‡§æ‡§¶ ‡§π‡§ø‡§®‡•ç‡§¶‡•Å‡§∏‡•ç‡§§‡§æ‡§Å ‡§ï‡§∞‡§®‡•á ‡§ï‡•ã,| ‡§∏‡§¨ ‡§™‡§æ‡§∞‡•ç‡§ü‡•Ä ‡§ó‡§æ‡§Å‡§† ‡§ú‡•Å‡§°‡§º‡§æ ‡§¨‡•à‡§†‡•á, ‡§Ö‡§Ç‡§ú‡§æ‡§Æ-‡§è-‡§π‡§ø‡§®‡•ç‡§¶‡•Å‡§∏‡•ç‡§§‡§æ‡§Å ‡§ï‡•ç‡§Ø‡§æ ‡§π‡•ã‡§ó‡§æ?| üò∑ #Worried",everyone,2016-05-04T11:07:09.000Z,511443616,Twitter Web Client,hi,#worried,,,
726071544145924097,726071544145924097,"{'retweet_count': 0, 'reply_count': 0, 'like_count': 0, 'quote_count': 0}",mujhe darr lagra aone Gauri ko bhi UP wala leke jayega üò¢| #worried,everyone,2016-04-29T15:32:00.000Z,322526117,Twitter for Android,hi,#worried,,,
725648807459979264,725648807459979264,"{'retweet_count': 2, 'reply_count': 0, 'like_count': 2, 'quote_count': 0}",‡§∞‡§æ‡§ú‡•Ä‡§µ ‡§ó‡§æ‡§Ç‡§ß‡•Ä ‡§Ö‡§™‡§®‡•á ‡§™‡•Å‡§®‡§∞‡•ç‡§ú‡§®‡•ç‡§Æ ‡§∞‡•Ç‡§™ ‡§Æ‡•á‡§Ç #worried #ShahSlamsSonia http://someurl,everyone,2016-04-28T11:32:12.000Z,725431573,Twitter for iPhone,hi,#worried,,,
719814640558059520,719814640558059520,"{'retweet_count': 0, 'reply_count': 0, 'like_count': 0, 'quote_count': 0}",‡§§‡•Å‡§≤‡§∏‡•Ä ‡§¶‡§æ‡§∏ ‡§ú‡•Ä ‡§®‡•á ‡§∞‡§æ‡§Æ‡§æ‡§Ø‡§£ ‡§Æ‡•á‡§Ç ‡§≤‡§ø‡§ñ‡§æ ‡§π‡•à| ‡§ó‡•å‡§∞‡•Ä ‡§∂‡§Ç‡§ï‡§∞‡•å ‡§µ‡§Ç‡§¶‡•á ‡§∂‡•ç‡§∞‡§¶‡•ç‡§ß‡§æ ‡§µ‡§ø‡§∂‡•ç‡§µ‡§æ‡§∏ ‡§∞‡•Å‡§™‡§ø‡§£‡•å‡•§| ‡§∂‡§Ç‡§ï‡§∞‡§æ‡§ö‡§æ‡§∞‡•ç‡§Ø ‡§ú‡•Ä ‡§¨‡§§‡§æ‡§è‡§Ç ‡§ï‡•ç‡§Ø‡•ã‡§Ç ‡§≤‡§ø‡§ñ‡§æ ‡§π‡•à?#Worried Shankracharya.,everyone,2016-04-12T09:09:18.000Z,733959974,Twitter for Android,hi,#worried,,,
718411020637589505,718411020637589505,"{'retweet_count': 0, 'reply_count': 0, 'like_count': 0, 'quote_count': 0}","@someuser kya hua viru bhai.... Aaj bahut emotional lag rahe ho, sab thik toh hai na???  #Worried",everyone,2016-04-08T12:11:49.000Z,104743435,Twitter for Android,hi,#worried,92724677,,
715185735721062400,715185735721062400,"{'retweet_count': 0, 'reply_count': 0, 'like_count': 0, 'quote_count': 0}",‡§∏‡•Å‡§≤‡•ç‡§§‡§æ‡§® ‡§Æ‡•Å‡§∂‡•ç‡§ï‡§ø‡§≤ ‡§Æ‡•á‡§Ç. . . . . @someuser| #Salman #Sultan #Worried #BoxOffice #Collection http://someurl,everyone,2016-03-30T14:35:41.000Z,46853675,Facebook,hi,#worried,,,
712280780685352960,712280780685352960,"{'retweet_count': 0, 'reply_count': 0, 'like_count': 1, 'quote_count': 0}",Maar par rhi hai | Pakistan ko.. üò¢| #Worried,everyone,2016-03-22T14:12:26.000Z,1286684144,Twitter Web Client,hi,#worried,,,
711217253098856448,711217068637458433,"{'retweet_count': 0, 'reply_count': 0, 'like_count': 3, 'quote_count': 0}",@someuser wohi to....bhai apna bhi to nbr ayega üôà #worried,everyone,2016-03-19T15:46:21.000Z,381527217,Twitter for Android,hi,#worried,57573168,"[{'type': 'replied_to', 'id': '711217068637458433'}]",
707252771716726784,707252771716726784,"{'retweet_count': 0, 'reply_count': 1, 'like_count': 0, 'quote_count': 0}",Geet nau mahine se ghar nahi aayi üò≠| #worried,everyone,2016-03-08T17:12:55.000Z,322526117,Twitter for Android,hi,#worried,,,
706058862864896000,706058862864896000,"{'retweet_count': 0, 'reply_count': 0, 'like_count': 1, 'quote_count': 0}",‡§Ö‡§ó‡§∞ ‡§π‡§Æ‡§æ‡§∞‡•Ä ‡§∏‡•á‡§®‡§æ ‡§ï‡•Å‡§õ ‡§¶‡§ø‡§® ‡§ï‡•á ‡§≤‡§ø‡§Ø ‡§Ö‡§™‡§®‡•Ä ‡§ú‡§ø‡§Æ‡•ç‡§Æ‡•á‡§¶‡§æ‡§∞‡•Ä  ‡§∏‡•á ‡§Ü‡§ú‡§æ‡§¶‡•Ä ‡§ï‡•Ä ‡§Æ‡§æ‡§Å‡§ó ‡§ï‡§∞ ‡§¶‡•á ‡§§‡•ã ‡§ï‡•ç‡§Ø‡§æ ‡§π‡•ã‡§ó‡§æ ‡§ú‡•ã ‡§≠‡§æ‡§∞‡§§ ‡§Æ‡•á ‡§Ü‡§ú‡§æ‡§¶‡•Ä ‡§Æ‡§æ‡§Å‡§ó ‡§∞‡§π‡•á ‡§π‡•à‡§Ç? @someuser #worried,everyone,2016-03-05T10:08:45.000Z,120671137,Twitter for Android,hi,#worried,,,
704566348903350272,704566348903350272,"{'retweet_count': 0, 'reply_count': 0, 'like_count': 0, 'quote_count': 0}",muh succeed kha ko? üò• #Worried,everyone,2016-03-01T07:18:02.000Z,341400699,Twitter for Android,hi,#worried,,,
690095764148752384,690094218652602368,"{'retweet_count': 0, 'reply_count': 0, 'like_count': 0, 'quote_count': 0}",@someuser kiya baat hai insaan two cheezun mey Out of words ho jata hai Gam mey aur Khushi mey plz aap batayie ne we #Worried bhai üòîüòîüòî,everyone,2016-01-21T08:57:06.000Z,434155200,Twitter for Android,hi,#worried,65636227,"[{'type': 'replied_to', 'id': '690094218652602368'}]",
685822385291792384,685809243774033920,"{'retweet_count': 1, 'reply_count': 1, 'like_count': 2, 'quote_count': 0}","@someuser @someuser | | ‡§â‡§ß‡§∞ SRK ‡§®‡•á ‡§∞‡•ã‡§π‡§ø‡§§ ‡§∂‡•á‡§ü‡•ç‡§ü‡•Ä ‡§ï‡•Ä ‡§´‡§º‡§ø‡§≤‡•ç‡§Æ ‡§â‡§°‡§º‡§æ‡§à,| | ‡§á‡§ß‡§∞ ‡§¨‡§ø‡§π‡§æ‡§∞ ‡§Æ‡•á‡§Ç ‡§Ü‡§¶‡§Æ‡•Ä ‡§â‡§°‡§º‡§æ‡§è ‡§ú‡§æ ‡§∞‡§π‡•á ‡§π‡•à‡§Ç‡•§| | üòûüòû| #Worried",everyone,2016-01-09T13:56:13.000Z,2381098495,Twitter for Android,hi,#worried,3018225020,"[{'type': 'replied_to', 'id': '685809243774033920'}]",
683289006407311360,683289006407311360,"{'retweet_count': 0, 'reply_count': 0, 'like_count': 1, 'quote_count': 0}",Baat to Keh di Ab Aisa ho Peshawar Jao Usman Ghar me rehnay b na de #Worried,everyone,2016-01-02T14:09:28.000Z,2783907168,Twitter Web Client,hi,#worried,,,
672066801057026052,672066801057026052,"{'retweet_count': 0, 'reply_count': 0, 'like_count': 0, 'quote_count': 0}",@someuser Heer kyun ab tak sad hai ji? Aajkal twitter pe nahi aa rahi hai ji! What happened Devaki? #worried,everyone,2015-12-02T14:56:26.000Z,937642152,Twitter for Windows Phone,hi,#worried,136926497,,
671639570325348352,671639570325348352,"{'retweet_count': 0, 'reply_count': 0, 'like_count': 0, 'quote_count': 0}",@someuser  Bhai AP ki koi tweet nahi AA rahi koi sadma pohancha Allah maaf kerain ? #worried !!,everyone,2015-12-01T10:38:46.000Z,145660264,Twitter for iPhone,hi,#worried,467222390,,
668492482561249280,668491330616627200,"{'retweet_count': 0, 'reply_count': 0, 'like_count': 0, 'quote_count': 0}",@someuser @someuser  harbhajan shaadi ke baad se ghar se nahi nikla hai #worried,everyone,2015-11-22T18:13:22.000Z,4323536474,Twitter Web Client,hi,#worried,4323700452,"[{'type': 'replied_to', 'id': '668491968750555136'}]",
663982704657104896,663981360327995392,"{'retweet_count': 0, 'reply_count': 0, 'like_count': 0, 'quote_count': 0}",@someuser 2 saal ka baby yeh sab baatein karta hai? #sharp #weird #worried,everyone,2015-11-10T07:33:07.000Z,3801622152,Twitter for Android,hi,#worried,16983244,"[{'type': 'replied_to', 'id': '663981360327995392'}]",
663336731790348288,663336731790348288,"{'retweet_count': 0, 'reply_count': 0, 'like_count': 0, 'quote_count': 0}",And they say Darrr ke aage jeet hai... #Worried #Scared,everyone,2015-11-08T12:46:15.000Z,1054048435,Twitter for iPhone,hi,#worried,,,
661112686437007360,661112686437007360,"{'retweet_count': 0, 'reply_count': 0, 'like_count': 0, 'quote_count': 0}",‡§∏‡§≤‡§Æ‡§æ‡§® ‡§®‡•á ‡§ï‡•ç‡§Ø‡•ã‡§Ç ‡§ï‡§π‡§æ- ‡§Æ‡•á‡§∞‡•á ‡§∏‡§ø‡§∞ ‡§™‡§∞ ‡§≤‡§ü‡§ï‡•Ä ‡§π‡•Å‡§à ‡§π‡•à ‡§§‡§≤‡§µ‡§æ‡§∞ #SalmanKhan #Worried #Verdicts http://someurl http://someurl,everyone,2015-11-02T09:28:41.000Z,34206701,hindi.news24online.com,hi,#worried,,,
659043531869130752,659043531869130752,"{'retweet_count': 30, 'reply_count': 0, 'like_count': 16, 'quote_count': 0}",üò£‡§Ö‡§ó‡§∞ ‡§≤‡•ã‡§ó‡•ã‡§Ç ‡§ï‡•Ä ‡§™‡§∞‡•á‡§∂‡§æ‡§®‡•Ä ‡§µ‡§ú‡§π ‡§Æ‡•à‡§Ç ‡§π‡•Ç‡§Å...‡§§‡•ã ‡§Æ‡•à‡§Ç ‡§π‡•Ç‡§Å ‡§π‡•Ä ‡§ï‡•ç‡§Ø‡•Ç‡§Å!!!| #Worried,everyone,2015-10-27T16:26:37.000Z,3080793675,Twitter for Android,hi,#worried,,,
654322590954221568,654322590954221568,"{'retweet_count': 0, 'reply_count': 0, 'like_count': 0, 'quote_count': 0}","Bhitri man Roy pani, bahiri dekhaoti muskan muskuraunu parne abastha!! #worried",everyone,2015-10-14T15:47:17.000Z,253529269,Mobile Web (M2),hi,#worried,,,
651275052516810753,651272780223225856,"{'retweet_count': 0, 'reply_count': 0, 'like_count': 0, 'quote_count': 0}",@someuser | Kya Bat karte ho....| aayi hui happiness ko jane kyu dega bhala koi??| #worried | #Explain| #MADAM,everyone,2015-10-06T05:57:27.000Z,2900250204,Twitter Web Client,hi,#worried,3101871236,"[{'type': 'replied_to', 'id': '651272780223225856'}]",
644055542399373313,644055542399373313,"{'retweet_count': 1, 'reply_count': 1, 'like_count': 5, 'quote_count': 0}","Mujhe toh balcony mein jaa kar #Jethaalal se milne ka bhi #tension ho raha hai! #HeyDeva , yeh din aur bhaari na ho jaye! #worried #TMKOC",everyone,2015-09-16T07:49:41.000Z,2799301602,TweetDeck,hi,#worried,,,
633206400940793857,633206400940793857,"{'retweet_count': 0, 'reply_count': 0, 'like_count': 3, 'quote_count': 0}","Bagheshwar Ji ko sab samhaalna hi padega, varna humari shaadi kabhi nahi ho payegi! #worried #MummyPapaInGokuldhaam #TMKOC",everyone,2015-08-17T09:19:05.000Z,2814637123,TweetDeck,hi,#worried,,,
631293186451836928,631254629364408320,"{'retweet_count': 0, 'reply_count': 2, 'like_count': 0, 'quote_count': 0}",@someuser @someuser @someuser Sheesh...#worried,everyone,2015-08-12T02:36:39.000Z,261341676,Twitter for iPhone,hi,#worried,14526194,"[{'type': 'replied_to', 'id': '631292784662683648'}]",{'place_id': '3b3916ee31cfc9e6'}
628629972760932352,628629972760932352,"{'retweet_count': 0, 'reply_count': 0, 'like_count': 0, 'quote_count': 0}","#wehatebjp For Iss bar 44 aaye hai, Agli baar itne bhi nahi aane wale hai..| #MadamKiCong #Worried #kyunki #HoRahaHai #Bharat #Nirman",everyone,2015-08-04T18:13:59.000Z,2726332993,Twitter Web Client,hi,#worried,,,
623568671387045888,623568671387045888,"{'retweet_count': 0, 'reply_count': 1, 'like_count': 0, 'quote_count': 0}",Maradee? @someuser #WORRIED!!!!!,everyone,2015-07-21T19:02:11.000Z,447805029,Twitter for Android,hi,#worried,,,
618538053745909761,618538053745909761,"{'retweet_count': 0, 'reply_count': 0, 'like_count': 0, 'quote_count': 0}",#worried moment | jo #log #rozay rakhtay nahi wohi #EID p safeen seedhi larwa rahay hoty hai http://someurl,everyone,2015-07-07T21:52:18.000Z,871042201,Facebook,hi,#worried,,,
616939303038533632,616939303038533632,"{'retweet_count': 0, 'reply_count': 0, 'like_count': 0, 'quote_count': 0}",#Kardashian #Family #Worried #Lamar #Odom #May #Go #On #Drug #Binge #After #Jamie Sangouthai... http://someurl,everyone,2015-07-03T11:59:26.000Z,1399113342,Google,hi,#worried,,,
611968439142510596,611968439142510596,"{'retweet_count': 0, 'reply_count': 0, 'like_count': 0, 'quote_count': 0}",2 din bad dobara monday hai #hatemonday #worried,everyone,2015-06-19T18:47:00.000Z,366688566,Twitter for iPhone,hi,#worried,,,
609634582468538368,609634582468538368,"{'retweet_count': 2, 'reply_count': 0, 'like_count': 7, 'quote_count': 0}","Pata nahi, kya hua hoga Jetha Bhai ko. @someuser ko kitni #tension ho rahi hogi. #Hopefully all will be well. #worried #TMKOC",everyone,2015-06-13T08:13:05.000Z,2814971119,TweetDeck,hi,#worried,,,
608569249011924993,608569249011924993,"{'retweet_count': 5, 'reply_count': 0, 'like_count': 7, 'quote_count': 0}",Baahar itni garami hai aur JethaaUncle ne sweater pehna hai! We hope #JethaaUncle theek aur swasth hai ! #worried #TappuSenaResults #TMKOC,everyone,2015-06-10T09:39:50.000Z,2799300348,TweetDeck,hi,#worried,,,
603505538748547072,603505538748547072,"{'retweet_count': 3, 'reply_count': 1, 'like_count': 9, 'quote_count': 0}",#Popatlal ne bina soche- samjhe apna ghar girvi kaise rakh diya? Zaroor koi badi gadbad hai! #KyaHoga #BecharaPopatlal #worried #TMKOC,everyone,2015-05-27T10:18:27.000Z,2799356821,TweetDeck,hi,#worried,,,
601085143080574977,601084507291189249,"{'retweet_count': 0, 'reply_count': 0, 'like_count': 0, 'quote_count': 0}",@someuser kuch tu hua hi hoga..tabhi Maam chup chup rehti hai..aur Smile bhi missing hai.. @someuser #Worried üòî,everyone,2015-05-20T18:00:40.000Z,474760496,Twitter for Android,hi,#worried,3192412291,"[{'type': 'replied_to', 'id': '601084893842448384'}]",
595238468143427585,595238468143427585,"{'retweet_count': 0, 'reply_count': 0, 'like_count': 0, 'quote_count': 0}",~~~~¬¢‚Ç¨¬•¬¢~~~ #Felling #Worried about #Losing ~~~~¬¢‚Ç¨¬•¬¢~~~| Jab Muhabat ko Arooj aya to  Nafrat Shayari say thi... http://someurl,everyone,2015-05-04T14:48:04.000Z,2906441602,Facebook,hi,#worried,,,
589478327129276416,589478327129276416,"{'retweet_count': 0, 'reply_count': 0, 'like_count': 0, 'quote_count': 0}",Virat aur Anu k bich woh hua kya...| #worried :(,everyone,2015-04-18T17:19:19.000Z,322526117,Twitter for Android,hi,#worried,,,
589317024767082496,589317024767082496,"{'retweet_count': 0, 'reply_count': 0, 'like_count': 0, 'quote_count': 0}",Virat & Anu k bich woh hua kya ? | #worried :(,everyone,2015-04-18T06:38:22.000Z,322526117,Twitter for Android,hi,#worried,,,
588063533046239232,588063533046239232,"{'retweet_count': 0, 'reply_count': 0, 'like_count': 0, 'quote_count': 0}",Bhej diya...#worried,everyone,2015-04-14T19:37:26.000Z,322526117,Twitter for Android,hi,#worried,,,
584321901822021632,584321901822021632,"{'retweet_count': 1, 'reply_count': 0, 'like_count': 4, 'quote_count': 0}",@someuser | Salam Ahmad bhai!! Kese hai? Take care aur please aik tweet kar dai #worried please aik tweet,everyone,2015-04-04T11:49:32.000Z,2757967873,Twitter for Android,hi,#worried,1417829894,,
581051592855580672,581051592855580672,"{'retweet_count': 0, 'reply_count': 0, 'like_count': 0, 'quote_count': 0}",@someuser ennai ena seidhaai pennae ... Neram kaalam marandhaenae #Orudhevadhai #NoReplyForMyFriendReq #worried http://someurl,everyone,2015-03-26T11:14:29.000Z,2890689498,Twitter for Windows Phone,hi,#worried,121677709,,
576929800159395842,576929800159395842,"{'retweet_count': 0, 'reply_count': 0, 'like_count': 0, 'quote_count': 0}",Aaj Kal Har Shakhs Ko Apni Duniya| | Or| | Doosray Ki Aakhrat Ki Fikar Hy .. :( :( :/| | #worried | | #waitingforthatday | | #allwantis | | #pakvsire,everyone,2015-03-15T02:15:57.000Z,94561889,Twitter Web Client,hi,#worried,,,
573093275277647872,573093275277647872,"{'retweet_count': 0, 'reply_count': 0, 'like_count': 0, 'quote_count': 0}","Zoq Tou Rakhtay Hain, Qalb Mein Par Ay Ham-Darjaaaa .. ..|     | Fikar-E-Emtehaan Etni Hay K Parha Nahi Jaaata ..| | #exams| | #worried| | #Papers",everyone,2015-03-04T12:10:59.000Z,94561889,Twitter Web Client,hi,#worried,,,
571692461157830656,571692461157830656,"{'retweet_count': 0, 'reply_count': 0, 'like_count': 0, 'quote_count': 0}",Saala..... kahi apna bhi haal @someuser ke @someuser ki tarah na ho jaye !| üòúüòÇüò≥üòâ| #Worried,everyone,2015-02-28T15:24:38.000Z,63460106,Twitter for BlackBerry,hi,#worried,,,
565072938647715840,565071835361193984,"{'retweet_count': 1, 'reply_count': 1, 'like_count': 0, 'quote_count': 0}","@someuser @someuser He vhanna .,,,nah hukho tanagana mini kha machangana ...#worried",everyone,2015-02-10T09:01:01.000Z,1196783515,Twitter Web Client,hi,#worried,624580668,"[{'type': 'replied_to', 'id': '565072356088217600'}]",
564768493657026560,564768493657026560,"{'retweet_count': 1, 'reply_count': 2, 'like_count': 5, 'quote_count': 0}","Roshan #Darling ki marzi ho toh sabke saamne gaana gaa sakta hoon, par kavita kaise likhoon?! #worried #help #GokuldhamWinterParty",everyone,2015-02-09T12:51:16.000Z,2814930936,TweetDeck,hi,#worried,,,
563644314249478144,563644314249478144,"{'retweet_count': 0, 'reply_count': 0, 'like_count': 1, 'quote_count': 0}",Yeh to halka halka sa bukhar hai | Ziada na Ho jai kahin #worried #Achasorry,everyone,2015-02-06T10:24:11.000Z,133177961,Twitter for iPhone,hi,#worried,,,
562893134343184384,562893134343184384,"{'retweet_count': 0, 'reply_count': 0, 'like_count': 1, 'quote_count': 0}",Jo Insaan is Duniya se abhi rukhsat huye hai Unki id ke saath ......Hello.... Its #Facepalm for Me ......| |  #Worried,everyone,2015-02-04T08:39:15.000Z,294005941,TweetCaster for Android,hi,#worried,,,
561839117655228417,561839117655228417,"{'retweet_count': 0, 'reply_count': 0, 'like_count': 0, 'quote_count': 0}",Mujhay daar lag raha hai... #Worried #UlluGhaaddiiiSalliii,everyone,2015-02-01T10:50:58.000Z,553063152,Twitter for Android,hi,#worried,,,
553040046891495424,553040046891495424,"{'retweet_count': 0, 'reply_count': 0, 'like_count': 0, 'quote_count': 0}","#VocaBulary - #Wretch:| (Bad Naseeb) - #Wound:| (Zaham, Ghao) - #Worst:| (Bd Tareen) - #Worry:| (PareshaNi) - #WorrieD:| (Fikar Mand)",everyone,2015-01-08T04:06:36.000Z,1524896323,Mobile Web (M2),hi,#worried,,,
552784777997074433,552784777997074433,"{'retweet_count': 2, 'reply_count': 1, 'like_count': 1, 'quote_count': 0}",Mera Rs.7500 ka #cheque toh naya saal shuru hote hi haath se nikal gaya! Ab mein kya karoon? Madhavi ko kya bataoon??! #worried #ohno #TMKOC,everyone,2015-01-07T11:12:15.000Z,2799301602,Twitter Web Client,hi,#worried,,,
548402137227460608,548393217238904832,"{'retweet_count': 0, 'reply_count': 1, 'like_count': 0, 'quote_count': 0}",@someuser : yasan? Zugeer biz dee? üò≥ #worried,everyone,2014-12-26T08:57:12.000Z,543566703,Twitter for iPhone,hi,#worried,228945247,"[{'type': 'replied_to', 'id': '548393217238904832'}]",
547744222330122240,547744222330122240,"{'retweet_count': 0, 'reply_count': 0, 'like_count': 0, 'quote_count': 0}","‡§ï‡§≤ ‡§Ü‡§∏‡§Æ‡§æ‡§® ‡§Æ‡•á ‡§è‡§ï ‡§≤‡§æ‡§≤ ‡§∞‡§Ç‡§ó ‡§ï‡•Ä ‡§∞‡•ã‡§∂‡§®‡•Ä ‡§¶‡•á‡§ñ‡•Ä ‡§•‡•Ä ‡§ú‡•ã ‡§ï‡•Ä ‡§∞‡•ã‡§ï‡•á‡§ü ‡§ï‡•Ä ‡§ó‡§§‡§ø ‡§∏‡•á travel ‡§ï‡§∞ ‡§∞‡§π‡•Ä ‡§•‡•Ä , ‡§ï‡•ç‡§Ø‡§æ ‡§µ‡•ã ‡§è‡§≤‡§ø‡§Ø‡§® ‡§•‡•á ‡§ú‡•ã ‡§ï‡•Ä PK ‡§ï‡§æ ‡§∞‡§ø‡§Æ‡•ã‡§ü ‡§¶‡•á‡§ñ‡§®‡•á ‡§Ü‡§è ‡§•‡•á ? #worried",everyone,2014-12-24T13:22:53.000Z,487921063,Mobile Web (M2),hi,#worried,,,
546099134101729281,546099134101729281,"{'retweet_count': 0, 'reply_count': 0, 'like_count': 1, 'quote_count': 0}",Sab drs Twitter par hotey hain| Mareezon ko kaun dekh raha hai | #worried,everyone,2014-12-20T00:25:54.000Z,2332065509,Twitter for iPad,hi,#worried,,,
542903439169036289,542903439169036289,"{'retweet_count': 0, 'reply_count': 0, 'like_count': 0, 'quote_count': 0}",humaray ghar main sardi ghus ai hy. koi esa aala hay jis say issay bhagaya jaye? #worried  #sardi,everyone,2014-12-11T04:47:21.000Z,1215213426,Twitter Web Client,hi,#worried,,,{'place_id': '0120615153b21abb'}
541663906750791681,541663906750791681,"{'retweet_count': 0, 'reply_count': 0, 'like_count': 0, 'quote_count': 0}",Yazi alingiphathi kahle leliphupho engilphuphile #worried,everyone,2014-12-07T18:41:53.000Z,560180757,Twitter for BlackBerry¬Æ,hi,#worried,,,
540915894914781185,540914344649699328,"{'retweet_count': 0, 'reply_count': 1, 'like_count': 0, 'quote_count': 0}",@someuser @someuser G toh normal hai aur haar roz twt bhi kar rahi hai.... lekin woh kaha hai kysi hai kya paata? #worried,everyone,2014-12-05T17:09:33.000Z,2345270328,Twitter Web Client,hi,#worried,2470468082,"[{'type': 'replied_to', 'id': '540915493025382400'}]",
540165768172683264,540165768172683264,"{'retweet_count': 1, 'reply_count': 0, 'like_count': 2, 'quote_count': 0}",‡§Æ‡§æ‡§Ø‡§æ‡§µ‡§§‡•Ä ‡§ï‡§æ ‡§ï‡§π‡§®‡§æ ‡§π‡•à ‡§ï‡§ø ‡§π‡§æ‡§∂‡§ø‡§Æ ‡§Ö‡§Ç‡§∏‡§æ‡§∞‡•Ä ‡§ï‡•á ‡§¨‡§æ‡§¨‡§∞‡•Ä ‡§µ‡§æ‡§≤‡•á ‡§¨‡§Ø‡§æ‡§® ‡§ï‡•Ä ‡§Ø‡•Å ‡§™‡•Ä ‡§∏‡§∞‡§ï‡§æ‡§∞ ‡§ï‡•ã ‡§ú‡§æ‡§Ç‡§ö ‡§ï‡§∞‡§®‡•Ä ‡§ö‡§æ‡§π‡§ø‡§è ‡§ï‡§ø‡§® ‡§™‡§∞‡§ø‡§∏‡•ç‡§•‡§ø‡§§‡§ø‡§Ø‡•ã‡§Ç ‡§Æ‡•á‡§Ç ‡§¨‡§Ø‡§æ‡§® ‡§¶‡§ø‡§Ø‡§æ ‡§ó‡§Ø‡§æ #Worried,everyone,2014-12-03T15:28:49.000Z,335174745,Twitter Web Client,hi,#worried,,,
534420842902351872,534414348442021888,"{'retweet_count': 0, 'reply_count': 0, 'like_count': 0, 'quote_count': 0}",@someuser lekin pata nahin kyun phir bhi kam padh raha hai..hai na? :( #worried,everyone,2014-11-17T19:00:32.000Z,69628359,Twitter Web Client,hi,#worried,1878578688,"[{'type': 'replied_to', 'id': '534418864730566656'}]",
532201703655747584,532201703655747584,"{'retweet_count': 0, 'reply_count': 0, 'like_count': 0, 'quote_count': 0}",Meri Cook ne chori ki :( log chori kaise kar sakte hai? Shiiii #worried #tensed,everyone,2014-11-11T16:02:28.000Z,49919332,Twitter for Android,hi,#worried,,,"{'coordinates': {'type': 'Point', 'coordinates': [73.8845563, 18.568915]}, 'place_id': '5c0761bdffa0cb64'}"
529885536110927872,529885536110927872,"{'retweet_count': 0, 'reply_count': 0, 'like_count': 0, 'quote_count': 0}","Uul ni neg mur achaag ni uuruuleed duussan bol.. Odoo ch nukhtsul baidal ulam l eedreetei boloh bh, yana daa #worried",everyone,2014-11-05T06:38:51.000Z,380155245,Twitter Web Client,hi,#worried,,,
521515089128464385,521515089128464385,"{'retweet_count': 0, 'reply_count': 0, 'like_count': 0, 'quote_count': 0}",#ATKT sab ko lagti nahi aur hamari jaati nahi #worried #accounts #paper !!!!!!!,everyone,2014-10-13T04:17:41.000Z,519428238,Mobile Web (M2),hi,#worried,,,
519510480994312193,519506515183403008,"{'retweet_count': 0, 'reply_count': 1, 'like_count': 0, 'quote_count': 0}",@someuser launa malai k ghat aai parne ho..chinta le grastha hune bela bho ma  #worried,everyone,2014-10-07T15:32:05.000Z,222129530,Twitter Web Client,hi,#worried,45593774,"[{'type': 'replied_to', 'id': '519506515183403008'}]",
519187713338003457,519187154560614401,"{'retweet_count': 0, 'reply_count': 1, 'like_count': 1, 'quote_count': 0}",@someuser oye suna hai kal umer amin k pas last chance hai please pray for him :( #worried,everyone,2014-10-06T18:09:31.000Z,387041873,Twitter Web App,hi,#worried,179661979,"[{'type': 'replied_to', 'id': '519187154560614401'}]",
510728144433606656,510728144433606656,"{'retweet_count': 0, 'reply_count': 0, 'like_count': 0, 'quote_count': 0}",Sham ko india k sath mahayud hai aur mian sahab apny hi banday ander ker rehy hain  #ArrestIndians #worried,everyone,2014-09-13T09:54:13.000Z,132277994,Twitter for iPhone,hi,#worried,,,
510527041318297600,510527041318297600,"{'retweet_count': 0, 'reply_count': 0, 'like_count': 0, 'quote_count': 0}",#JaaneKyun Mulk k halaat bd se bd tr ho rahe hainüò£| #Worried,everyone,2014-09-12T20:35:06.000Z,742533876,Twitter for Android,hi,#worried,,,
507947550268067842,507874823477800961,"{'retweet_count': 0, 'reply_count': 1, 'like_count': 0, 'quote_count': 0}",@someuser @someuser @someuser @someuser @someuser @someuser hey kanu naraz hai kya?reply nahi kiya mujhe #worried 4 u.,everyone,2014-09-05T17:45:07.000Z,2690360888,Twitter Web Client,hi,#worried,2535578257,"[{'type': 'replied_to', 'id': '507946883155632129'}]",
507861390715916288,507861390715916288,"{'retweet_count': 0, 'reply_count': 1, 'like_count': 1, 'quote_count': 0}",ohhh aaj main ghar kive java gi... #worried,everyone,2014-09-05T12:02:45.000Z,157265354,Twitter Web Client,hi,#worried,,,
507806814071570432,507806814071570432,"{'retweet_count': 0, 'reply_count': 1, 'like_count': 0, 'quote_count': 0}",Ya Allah..!! Kachy makaan walon ki khatir Rok de Barish ko.. kamzoron ki khatir rok de Barish. apne Bando ki khatir rok de Barish #worried,everyone,2014-09-05T08:25:53.000Z,557598925,Twitter Web Client,hi,#worried,,,
507751218978889728,507751218978889728,"{'retweet_count': 0, 'reply_count': 0, 'like_count': 0, 'quote_count': 0}",Ae Allah.!! Kachy Makaan walon ki khatir rok de Barish.. please please..| #worried,everyone,2014-09-05T04:44:58.000Z,2783496138,Twitter for Android,hi,#worried,,,
506747147933347840,506747147933347840,"{'retweet_count': 3, 'reply_count': 1, 'like_count': 3, 'quote_count': 0}",Jhalak se koe khabar üòì #Worried | #AshishOnJhalak,everyone,2014-09-02T10:15:09.000Z,2430637395,Twitter for Android,hi,#worried,,,
504676280155910145,504676005361897472,"{'retweet_count': 0, 'reply_count': 0, 'like_count': 0, 'quote_count': 0}",@someuser Yes and this time bowling bhi weak hai.. saeed ajmal ka bhi masla hua wa hai :( #worried #achaSorry :p,everyone,2014-08-27T17:06:16.000Z,994942993,TweetDeck,hi,#worried,95672065,"[{'type': 'replied_to', 'id': '504676005361897472'}]",
503117752932892673,503117752932892673,"{'retweet_count': 0, 'reply_count': 0, 'like_count': 0, 'quote_count': 0}",I hope sub theek say hojai. #Worried #Portfolio -.-,everyone,2014-08-23T09:53:14.000Z,581953626,Twitter for Android,hi,#worried,,,
501731386789613572,501731386789613572,"{'retweet_count': 0, 'reply_count': 0, 'like_count': 0, 'quote_count': 0}",ya allah iss mulk ko apni hifazat mei rakh. beshak tu he sab kuch behtar jaanta hai. #confused #worried,everyone,2014-08-19T14:04:18.000Z,45084494,Twitter for Android,hi,#worried,,,
501597083879477248,501597083879477248,"{'retweet_count': 0, 'reply_count': 0, 'like_count': 0, 'quote_count': 0}",@someuser Sab Theek hai na? #Worried :( me too!,everyone,2014-08-19T05:10:38.000Z,286642905,Twitter for Android,hi,#worried,,,
501578215706865664,501578215706865664,"{'retweet_count': 1, 'reply_count': 3, 'like_count': 2, 'quote_count': 0}",Sab Theek hai na? #Worried :(,everyone,2014-08-19T03:55:40.000Z,618084455,Twitter for Android,hi,#worried,,,
500782123008016385,500781660959698945,"{'retweet_count': 0, 'reply_count': 0, 'like_count': 0, 'quote_count': 0}",@someuser sir jee sab chorien. Yeh Jo kal Kay baaray mein itlaat hein gambheer kisam ki.....keh dein yeh jhoot hein :/ #worried,everyone,2014-08-16T23:12:16.000Z,93912155,Twitter for Android,hi,#worried,22917953,"[{'type': 'replied_to', 'id': '500781660959698945'}]",
500323216674799618,500323216674799618,"{'retweet_count': 0, 'reply_count': 0, 'like_count': 0, 'quote_count': 0}",Ewu bayaphuza mani abafana abancane #worried,everyone,2014-08-15T16:48:45.000Z,198206679,Twitter for iPhone,hi,#worried,,,
496673006848974848,496673006848974848,"{'retweet_count': 0, 'reply_count': 0, 'like_count': 2, 'quote_count': 0}","Whats...going..kyu..itni duriyaa bhad Rai...hai,.. #akdha... #worried",everyone,2014-08-05T15:04:07.000Z,2248613491,Twitter for Windows Phone,hi,#worried,,,
494107757860372480,494107757860372480,"{'retweet_count': 0, 'reply_count': 0, 'like_count': 0, 'quote_count': 0}",J bhayo thikai bhayo j hune wala chha tyo pani thikai hola bhane biswas matra garnu pardo rahecha #worried #,everyone,2014-07-29T13:10:44.000Z,748885699,Twitter for Android,hi,#worried,,,
483552205576744961,483552205576744961,"{'retweet_count': 0, 'reply_count': 0, 'like_count': 0, 'quote_count': 0}",@someuser sweetheart aap ne itne din se kuch bhi tweet nahi kiya hai......aap theek ho na #worried üòû üòû,everyone,2014-06-30T10:06:44.000Z,1269040021,Twitter for Android,hi,#worried,477279351,,
483402027263750145,483398565172371456,"{'retweet_count': 0, 'reply_count': 0, 'like_count': 0, 'quote_count': 0}",@someuser mene sehri bad teeth brush kiya hai aur larna bhool gai es bat par :3 #worried,everyone,2014-06-30T00:09:59.000Z,225834208,Twitter for Android,hi,#worried,86101327,"[{'type': 'replied_to', 'id': '483398565172371456'}]",
480602693065375744,480602693065375744,"{'retweet_count': 1, 'reply_count': 0, 'like_count': 0, 'quote_count': 0}","Kahan kho gaye na jaane, meri @someuser ke gaane.. #anxious #wondering #worried #peopletheretohelp",everyone,2014-06-22T06:46:25.000Z,145189371,Twitter for iPhone,hi,#worried,,,
479548934017126401,479548934017126401,"{'retweet_count': 0, 'reply_count': 0, 'like_count': 0, 'quote_count': 0}",Bathi i2010 ise Brazil kulonyaka #Worried,everyone,2014-06-19T08:59:10.000Z,1088565578,Facebook,hi,#worried,,,
476221161164922881,476214749458595840,"{'retweet_count': 0, 'reply_count': 0, 'like_count': 0, 'quote_count': 0}",@someuser haye ram ishi chakkar me woh kuch aur na karde #worried,everyone,2014-06-10T04:35:47.000Z,593490351,Twitter Web Client,hi,#worried,2389420992,"[{'type': 'replied_to', 'id': '476214749458595840'}]",
473772915259752448,473772915259752448,"{'retweet_count': 0, 'reply_count': 0, 'like_count': 0, 'quote_count': 0}",Bas abbu ap sahi salamat ghar aajaen.| #missingyou #worried,everyone,2014-06-03T10:27:19.000Z,2496596068,Twitter for Android,hi,#worried,,,
469092304632811520,469092304632811520,"{'retweet_count': 0, 'reply_count': 0, 'like_count': 0, 'quote_count': 0}",Isaan ki zindagi iradon say nai bulkay amal say banti ha. Or yeh amal ki kuch khas ban nai rahi mujh say aj kal #worried,everyone,2014-05-21T12:28:15.000Z,315769893,Twitter for Android,hi,#worried,,,
467238198540652544,467235074950193152,"{'retweet_count': 0, 'reply_count': 1, 'like_count': 0, 'quote_count': 0}",@someuser bhai rakhi sawant ka kya hua #worried,everyone,2014-05-16T09:40:42.000Z,172739893,Twitter for iPhone,hi,#worried,163964315,"[{'type': 'replied_to', 'id': '467237239412363265'}]",
464090090818379776,464090090818379776,"{'retweet_count': 0, 'reply_count': 0, 'like_count': 0, 'quote_count': 0}",Baghi koi hand to nai karnay wala?? #worried,everyone,2014-05-07T17:11:14.000Z,1676626135,Twitter for Android,hi,#worried,,,
461817113251176448,461817113251176448,"{'retweet_count': 0, 'reply_count': 0, 'like_count': 0, 'quote_count': 0}",Har waqt mujhe khane peene ki cheezein dimagh mein ghumti rehti hain. Akhir kia hoga mera??| | #Worried #SoMuchFoodThoughts,everyone,2014-05-01T10:39:14.000Z,1584460710,Twitter for Android,hi,#worried,,,
461424660190482432,461424660190482432,"{'retweet_count': 0, 'reply_count': 0, 'like_count': 0, 'quote_count': 0}",Maninder dekhne ki baat ye hai ki jab #Modi party ke gundo ko kaabu nahi kar pa rahein to poore desh pe kaise kaabu karenge? #worried #ABMS,everyone,2014-04-30T08:39:46.000Z,41155465,Twitter Web Client,hi,#worried,,,
457368116423430144,457368116423430144,"{'retweet_count': 0, 'reply_count': 0, 'like_count': 0, 'quote_count': 0}",Where Is Baaee At? #Worried,everyone,2014-04-19T04:00:31.000Z,826558484,Twitter for  Android,hi,#worried,,,
455971910916919296,455971910916919296,"{'retweet_count': 0, 'reply_count': 0, 'like_count': 0, 'quote_count': 0}",Pray....pray...pray...pray...pray...pray...pray...pray...pray...pray...pray...pray...pray...pray...pray...pray...pray...pray...pray #worried,everyone,2014-04-15T07:32:29.000Z,282127402,Twitter for iPhone,hi,#worried,,,
453860466289172481,453846540579110914,"{'retweet_count': 0, 'reply_count': 0, 'like_count': 0, 'quote_count': 0}",@someuser @someuser @someuser 28 number to acha lekin bhor party ke samne 0 hai ! #worried,everyone,2014-04-09T11:42:22.000Z,2292367465,Twitter Web Client,hi,#worried,75610842,"[{'type': 'replied_to', 'id': '453846540579110914'}]",
448611164164194305,448610220315774977,"{'retweet_count': 0, 'reply_count': 0, 'like_count': 0, 'quote_count': 0}",@someuser @someuser ‚Äústhandwa sami??????..........#worried!,everyone,2014-03-26T00:03:30.000Z,759510710,Twitter for BlackBerry¬Æ,hi,#worried,538895082,"[{'type': 'replied_to', 'id': '448610220315774977'}]",
447701186649796608,447701186649796608,"{'retweet_count': 0, 'reply_count': 0, 'like_count': 0, 'quote_count': 0}",Dear Pakistan .. aisaa kaarogay tou kon ayegaa #PakvAus #worried,everyone,2014-03-23T11:47:35.000Z,301029582,Twitter for Android,hi,#worried,,,
444181433704542208,444181433704542208,"{'retweet_count': 2, 'reply_count': 1, 'like_count': 1, 'quote_count': 0}",Sham se Mehak la pata hai :s| #Worried,everyone,2014-03-13T18:41:20.000Z,454996089,Twitter Web Client,hi,#worried,,,
443038311448203265,443002733428105216,"{'retweet_count': 0, 'reply_count': 1, 'like_count': 2, 'quote_count': 0}",@someuser han .. aaney de isko .. phir iski khair nahi .. waisi i hope wo theek ho :/ #worried  @someuser @someuser @someuser,everyone,2014-03-10T14:58:59.000Z,148675574,Twitter Web Client,hi,#worried,2219496410,"[{'type': 'replied_to', 'id': '443026511600177152'}]",
442733096396263425,442555802671251456,"{'retweet_count': 0, 'reply_count': 0, 'like_count': 0, 'quote_count': 0}",@someuser Tab ti kuch karna hi padega!!! #worried,everyone,2014-03-09T18:46:10.000Z,65464202,Twitter Web Client,hi,#worried,112352542,"[{'type': 'replied_to', 'id': '442677633608712193'}]",
438716921572098049,438713294497804288,"{'retweet_count': 0, 'reply_count': 0, 'like_count': 0, 'quote_count': 0}",@someuser kya hua tujhe #worried,everyone,2014-02-26T16:47:19.000Z,551796721,Twitter for Android,hi,#worried,358870826,"[{'type': 'replied_to', 'id': '438713294497804288'}]",
435861284513275904,435860094907990016,"{'retweet_count': 0, 'reply_count': 0, 'like_count': 1, 'quote_count': 0}",@someuser aap mujh pe kaala jadu karwa rhy hain :s #Worried,everyone,2014-02-18T19:40:02.000Z,454996089,Mobile Web (M2),hi,#worried,345207020,"[{'type': 'replied_to', 'id': '435860693317718016'}]",
432888797484048385,432868046630182913,"{'retweet_count': 0, 'reply_count': 0, 'like_count': 0, 'quote_count': 0}",@someuser @someuser @someuser #WORRIED kabhi kabhi padhna ka result :P,everyone,2014-02-10T14:48:26.000Z,357987822,Twitter for BlackBerry¬Æ,hi,#worried,628266191,"[{'type': 'replied_to', 'id': '432876075442794497'}]",
430753558896443392,430625690363248640,"{'retweet_count': 0, 'reply_count': 1, 'like_count': 0, 'quote_count': 0}",@someuser : hahaha...Ab sahi hai be.? kya nikala? Dil ki bimari hogi ye to pata tha meko. Aur kuch bhi nikala kya report me.? #Worried,everyone,2014-02-04T17:23:46.000Z,493151445,Twitter Web Client,hi,#worried,124734930,"[{'type': 'replied_to', 'id': '430752917948092416'}]",
429447511028154368,429447511028154368,"{'retweet_count': 0, 'reply_count': 1, 'like_count': 0, 'quote_count': 0}","@someuser Eshaji, I need a favor. Kya aap bata sakati hai Ravish ke saath sab kuch thik hai. Please! Off-air past 10days. #worried #Thnx",everyone,2014-02-01T02:54:00.000Z,548902703,Twitter for iPhone,hi,#worried,485807511,,
428048258716667904,428023856863801344,"{'retweet_count': 0, 'reply_count': 2, 'like_count': 0, 'quote_count': 0}",@someuser @someuser @someuser @someuser heeinnn :( tum bhi.. Hawww :o dhyan rakhiyo yaar aunty ka bhi or apna bhi :( #worried,everyone,2014-01-28T06:13:52.000Z,405416695,Twitter for BlackBerry¬Æ,hi,#worried,726392702,"[{'type': 'replied_to', 'id': '428047684725768192'}]",
427370238888644608,427370238888644608,"{'retweet_count': 0, 'reply_count': 0, 'like_count': 0, 'quote_count': 0}",Tufaaan anany sy phyly khaamoshiii hoti hain. #worried,everyone,2014-01-26T09:19:39.000Z,50016783,Mobile Web (M2),hi,#worried,,,
426692450246086656,426692450246086656,"{'retweet_count': 0, 'reply_count': 0, 'like_count': 0, 'quote_count': 0}",@someuser kothai ? #Worried,everyone,2014-01-24T12:26:22.000Z,60313439,Twitter for Android,hi,#worried,2202575436,,"{'coordinates': {'type': 'Point', 'coordinates': [90.3844098, 23.7379783]}}"
426306801475153920,426306801475153920,"{'retweet_count': 0, 'reply_count': 0, 'like_count': 0, 'quote_count': 0}",Kabhi kabhi hum sochte kuch or aur hota kuch or hai #worried,everyone,2014-01-23T10:53:56.000Z,359091799,Twitter for Nokia S40,hi,#worried,,,
417540840362233856,417540840362233856,"{'retweet_count': 0, 'reply_count': 0, 'like_count': 0, 'quote_count': 0}","@someuser ‡§ö‡§ø‡§Ç‡§§‡§æ ‡§ï‡§∞‡§®‡•á ‡§∏‡•á ‡§ï‡•ã‡§à ‡§´‡§∞‡•ç‡§ï ‡§®‡§π‡•Ä‡§Ç ‡§™‡•ú‡§§‡§æ, ‡§ï‡§æ‡§Æ ‡§ï‡§∞‡§®‡•á ‡§∏‡•á ‡§™‡•ú‡§§‡§æ ‡§π‡•à| ‡§î‡§∞ ‡§Ö‡§ß‡•ç‡§Ø‡§æ‡§§‡•ç‡§Æ ‡§ï‡§æ‡§Æ ‡§ï‡§∞‡§®‡•á ‡§ï‡•Ä ‡§∂‡§ï‡•ç‡§§‡§ø ‡§¶‡•á‡§§‡§æ ‡§π‡•à| #worried http://someurl",everyone,2013-12-30T06:21:08.000Z,484541771,Twitter Web Client,hi,#worried,61126132,,
417274950429310976,417274950429310976,"{'retweet_count': 0, 'reply_count': 0, 'like_count': 0, 'quote_count': 0}",@someuser kuch hua kya? #worried,everyone,2013-12-29T12:44:35.000Z,1220561767,Twitter for Android,hi,#worried,574583596,,
417270243690815489,417269149912813569,"{'retweet_count': 0, 'reply_count': 0, 'like_count': 0, 'quote_count': 0}",@someuser andiqondi bha siyafika kwezi zam #worried,everyone,2013-12-29T12:25:53.000Z,415500045,Twitter for BlackBerry¬Æ,hi,#worried,306210409,"[{'type': 'replied_to', 'id': '417269149912813569'}]",
411587908492341248,411587908492341248,"{'retweet_count': 0, 'reply_count': 0, 'like_count': 0, 'quote_count': 0}",@someuser Nathi sinawo uMzingazi Dam eRichards Bay kanti kuziwa nini khona? haaw kukude Amcor bo!#Worried,everyone,2013-12-13T20:06:18.000Z,1616921251,Twitter for BlackBerry¬Æ,hi,#worried,142618150,,
410242687074177024,410242687074177024,"{'retweet_count': 0, 'reply_count': 0, 'like_count': 0, 'quote_count': 0}","3 jana fail vaisako re, tera kya hoga #funnzzone?? #worried! :-[",everyone,2013-12-10T03:00:53.000Z,433896432,Twitter for Android,hi,#worried,,,"{'coordinates': {'type': 'Point', 'coordinates': [85.3382469, 27.6875312]}}"
408389367217266688,408389367217266688,"{'retweet_count': 0, 'reply_count': 0, 'like_count': 0, 'quote_count': 0}",Random shi. #worried,everyone,2013-12-05T00:16:27.000Z,111266679,Mobile Web (M2),hi,#worried,,,
408244000974307328,408244000974307328,"{'retweet_count': 1, 'reply_count': 0, 'like_count': 0, 'quote_count': 0}",‡§Ü‡§ú‡§ï‡§≤ ‡§¨‡§ú‡§∞‡§Ç‡§ó ‡§¶‡§≤ ‡§µ‡§æ‡§≤‡•á ‡§ï‡•ç‡§Ø‡§æ ‡§ï‡§∞ ‡§∞‡§π‡•á ‡§π‡•à‡§Ç .... ‡§ï‡•Å‡§õ ‡§§‡•Ç‡§´‡§æ‡§®‡•Ä ‡§®‡§π‡•Ä‡§Ç ‡§π‡•ã ‡§∞‡§π‡§æ ‡§π‡•à ‡§á‡§®‡§ï‡•Ä ‡§ì‡§∞ ‡§∏‡•á #Worried,everyone,2013-12-04T14:38:49.000Z,97417837,Twitter for Android,hi,#worried,,,
406473802680664064,406473802680664064,"{'retweet_count': 0, 'reply_count': 1, 'like_count': 0, 'quote_count': 0}",Oohchi neechi. #GujaratiSayings #Worried,everyone,2013-11-29T17:24:41.000Z,292839946,Twitter for iPhone,hi,#worried,,,
399913697901965312,399913697901965312,"{'retweet_count': 0, 'reply_count': 0, 'like_count': 0, 'quote_count': 0}",4 Mansir samma ko yatayat banda le sthiti k hune ho? #worried,everyone,2013-11-11T14:57:10.000Z,253979358,Twitter for Android,hi,#worried,,,
396666735756992512,396666735756992512,"{'retweet_count': 0, 'reply_count': 0, 'like_count': 1, 'quote_count': 0}",Aaj To Dil Kuch Yun Udaas Hai..!   | | -Logo  | | Jaisy Tanha Kashti Ko Samundr Mein sham ho Jaye..!!| | #worried about #Pakistan #patriot,everyone,2013-11-02T15:54:54.000Z,65639342,Twitter Web Client,hi,#worried,,,
394692084181266432,394692084181266432,"{'retweet_count': 0, 'reply_count': 0, 'like_count': 0, 'quote_count': 0}",@someuser Bhut Kini wat happene 2 kuli Chana? #worried,everyone,2013-10-28T05:08:20.000Z,1642340707,Twitter for BlackBerry¬Æ,hi,#worried,76630403,,
394094002527797248,394094002527797248,"{'retweet_count': 0, 'reply_count': 0, 'like_count': 0, 'quote_count': 0}",Bhai ye #Arsenal ka kia scene ha...  #Worried #EPL,everyone,2013-10-26T13:31:46.000Z,27134755,Twitter for Android,hi,#worried,,,"{'coordinates': {'type': 'Point', 'coordinates': [67.0580257, 24.8269248]}}"
391961994225414144,391961994225414144,"{'retweet_count': 0, 'reply_count': 0, 'like_count': 1, 'quote_count': 0}",Kobaa heyyy Riyaz Rasheed ge mathimas? #worried #RaajjeMiadhu,everyone,2013-10-20T16:19:56.000Z,490333461,Twitter for Android,hi,#worried,,,
391243225299550209,391243225299550209,"{'retweet_count': 0, 'reply_count': 0, 'like_count': 0, 'quote_count': 0}",Woi mane ateen woi ? #worried,everyone,2013-10-18T16:43:48.000Z,1582643664,Twitter SMS,hi,#worried,,,
390031208413167617,390029997919854592,"{'retweet_count': 0, 'reply_count': 2, 'like_count': 0, 'quote_count': 0}",@someuser @someuser @someuser hey dil r love tum dono ki Tabhiyat kesi hai ab?? #worried,everyone,2013-10-15T08:27:41.000Z,474760496,Twitter for Android,hi,#worried,474760496,"[{'type': 'replied_to', 'id': '390030681730195456'}]",
389445650234220544,389445650234220544,"{'retweet_count': 0, 'reply_count': 1, 'like_count': 0, 'quote_count': 0}",Hai andiyazi leh endizoyibhala ngomso shame ! #worried,everyone,2013-10-13T17:40:53.000Z,1694156876,Twitter for BlackBerry¬Æ,hi,#worried,,,
389123520376348672,389123520376348672,"{'retweet_count': 0, 'reply_count': 0, 'like_count': 1, 'quote_count': 0}",@someuser sheeshaaaaa! #loneranger #worried http://someurl,everyone,2013-10-12T20:20:51.000Z,255078318,Twitter for iPhone,hi,#worried,271843983,,
389064400176295936,389064400176295936,"{'retweet_count': 0, 'reply_count': 0, 'like_count': 0, 'quote_count': 0}",Did u Guys notice Tanveer said-Meri Kali Zubaan Ki Kasam Aap(asad)aur Zoya Kabhi ek nehi ho payenge..nd it said in ECHO voice #QH #Worried,everyone,2013-10-12T16:25:56.000Z,1652804521,Mobile Web (M2),hi,#worried,,,
386238967068098560,386232857053503488,"{'retweet_count': 0, 'reply_count': 1, 'like_count': 1, 'quote_count': 0}",@someuser me too #Worried ... lagta hai hum dono hi idhar havan karenge karr rahe hai :P,everyone,2013-10-04T21:18:40.000Z,275618410,Twitter for Android,hi,#worried,821959051,"[{'type': 'replied_to', 'id': '386237804650319872'}]",
384771343033450496,384768064853516288,"{'retweet_count': 0, 'reply_count': 0, 'like_count': 0, 'quote_count': 0}",@someuser Sirf kal ka din hai @someuser| #Angry | #Worried,everyone,2013-09-30T20:06:51.000Z,142585127,Twitter Web Client,hi,#worried,74702790,"[{'type': 'replied_to', 'id': '384770543808806913'}]",
382905798797447168,382905798797447168,"{'retweet_count': 1, 'reply_count': 1, 'like_count': 1, 'quote_count': 0}",Siddiqui: Teen mahine me aisa kya ho jayega..is it any sign or smethng..ki teen mahine me kuch hone wala hai!! #worried #QuboolHai,everyone,2013-09-25T16:33:51.000Z,1652804521,Mobile Web (M2),hi,#worried,,,
377528866275098624,377528866275098624,"{'retweet_count': 0, 'reply_count': 0, 'like_count': 0, 'quote_count': 0}",2 baj gaya... pappa nahi aaya.. cant sleep!! #Worried :(,everyone,2013-09-10T20:27:50.000Z,334707908,Mobile Web (M2),hi,#worried,,,
376940394082078720,376940394082078720,"{'retweet_count': 0, 'reply_count': 0, 'like_count': 0, 'quote_count': 0}",@someuser Kaha gaayab ho gaye aap? #worried #Sgfamily,everyone,2013-09-09T05:29:27.000Z,1544886589,Twitter for Android,hi,#worried,55520719,,
375926586140528640,375926586140528640,"{'retweet_count': 0, 'reply_count': 1, 'like_count': 0, 'quote_count': 0}",Aik to koi FF bhi nahi deta :( #Worried bht e zada pareshaani ho gai hai is baat ki ufff üò´,everyone,2013-09-06T10:20:57.000Z,1211219382,Twitter for Android,hi,#worried,,,
373349203960815616,373345798886400000,"{'retweet_count': 0, 'reply_count': 0, 'like_count': 1, 'quote_count': 0}",@someuser @someuser Bujhne se pahele dipak ki roshni thodi tej si ho jatee hai... #Worried for PMs health now,everyone,2013-08-30T07:39:21.000Z,496141729,Twitter for iPad,hi,#worried,166992321,"[{'type': 'replied_to', 'id': '373345798886400000'}]",
373348103895527424,373348103895527424,"{'retweet_count': 0, 'reply_count': 0, 'like_count': 0, 'quote_count': 0}",#PrayInFaith: #Sad? Pray.| #Overthinking? Pray.| #Givingup? Pray.| #Hurting? Pray.| #Depressed? Pray.| #Struggling? Pray.| #Worried? Pray.| #Br ...,everyone,2013-08-30T07:34:59.000Z,125669695,Twitter SMS,hi,#worried,,,
372436980614696960,372436980614696960,"{'retweet_count': 0, 'reply_count': 0, 'like_count': 0, 'quote_count': 0}",Saaray bhund hamaray sath he honay hain| #life #worried,everyone,2013-08-27T19:14:30.000Z,363006112,Twitter SMS,hi,#worried,,,
372079231431213057,372079231431213057,"{'retweet_count': 0, 'reply_count': 0, 'like_count': 0, 'quote_count': 0}",@someuser chachi jee aap theek tu hain na? #worried,everyone,2013-08-26T19:32:56.000Z,1127618172,Mobile Web (M2),hi,#worried,418832863,,
372050266511511552,372050266511511552,"{'retweet_count': 0, 'reply_count': 0, 'like_count': 0, 'quote_count': 0}","bhook lagi hai , or ghr mein kuch hai b nai khany ko.. Or ghr mein koi hai b nai bna ker deny koo.... :/ #worried",everyone,2013-08-26T17:37:50.000Z,297268353,Mobile Web (M2),hi,#worried,,,
367316997358764032,367316997358764032,"{'retweet_count': 0, 'reply_count': 0, 'like_count': 0, 'quote_count': 0}",barbaadi barbadi barbaadi  #TeamZoya na kar de hai barbadi :p‚Äú@someuser Whats taking so much time ?! #Worried üòû‚Äù,everyone,2013-08-13T16:09:31.000Z,1075215811,Twitter for iPad,hi,#worried,,,
364352172659453953,364352172659453953,"{'retweet_count': 0, 'reply_count': 1, 'like_count': 0, 'quote_count': 0}",Yaa raaab !!.. #Worried :/,everyone,2013-08-05T11:48:21.000Z,471720699,Twitter for Android,hi,#worried,,,
362262935495639041,362262935495639041,"{'retweet_count': 0, 'reply_count': 0, 'like_count': 0, 'quote_count': 0}",@someuser aao kaha gaayab ho gaye hai shaleen .... aap aate hi nahi twitter pe .. kuch hogaya hai kya ??? #worried look#,everyone,2013-07-30T17:26:29.000Z,1514458921,Twitter for Android,hi,#worried,759789037,,
360657581527670784,360657581527670784,"{'retweet_count': 0, 'reply_count': 0, 'like_count': 0, 'quote_count': 0}",Meri shaadi kab hogi? #worried #despo #frustrated #mental #alone #hate #blah #blah #HashTag,everyone,2013-07-26T07:07:22.000Z,487341370,Twitter for Android,hi,#worried,,,
358246504026214403,358245914617458690,"{'retweet_count': 0, 'reply_count': 0, 'like_count': 0, 'quote_count': 0}",@someuser #PakVsWI #Cricket #Worried #IsSayAchaMaiKhailLoon aik Misbah beechara hee tau runs banata hai :) sabar dude sabar :),everyone,2013-07-19T15:26:37.000Z,392048031,Twitter for BlackBerry¬Æ,hi,#worried,135820654,"[{'type': 'replied_to', 'id': '358245914617458690'}]",
352876009424556032,352876009424556032,"{'retweet_count': 0, 'reply_count': 0, 'like_count': 0, 'quote_count': 0}",Sh0bai jole uttese!khali amr chetonata ekh0n jagr0to h0l0na!:(| #worried,everyone,2013-07-04T19:46:11.000Z,512325615,Mobile Web (M2),hi,#worried,,,
347613477814288384,347613477814288384,"{'retweet_count': 0, 'reply_count': 0, 'like_count': 0, 'quote_count': 0}",Yaaraaaaaab. #worried,everyone,2013-06-20T07:14:46.000Z,593515388,Twitter for BlackBerry¬Æ,hi,#worried,,,
346249789828116480,346249789828116480,"{'retweet_count': 0, 'reply_count': 1, 'like_count': 0, 'quote_count': 0}","6 baje light chali jaegi, main cake kaise banaungi? #worried",everyone,2013-06-16T12:55:57.000Z,1223843034,Twitter for Android,hi,#worried,,,
345853038981939200,345844285876367361,"{'retweet_count': 0, 'reply_count': 1, 'like_count': 0, 'quote_count': 0}",@someuser auro ko bhi mauka dena chahiye ;p| sabhi se tum lejaoge to hum kaha jayenge #worried ;p,everyone,2013-06-15T10:39:24.000Z,1099122234,Twitter for iPhone,hi,#worried,216300721,"[{'type': 'replied_to', 'id': '345851838714748928'}]",
344880875877568514,344880875877568514,"{'retweet_count': 0, 'reply_count': 0, 'like_count': 0, 'quote_count': 0}",Thappar sai dar nai lagta bike pai choron sai lagta hai #worried,everyone,2013-06-12T18:16:23.000Z,370030993,Twitter for iPhone,hi,#worried,,,
343269620100259840,343269620100259840,"{'retweet_count': 0, 'reply_count': 0, 'like_count': 0, 'quote_count': 0}",@someuser kant muphi u R MASHESHA #WORRIED,everyone,2013-06-08T07:33:49.000Z,805027746,Mobile Web (M2),hi,#worried,104549819,,
340323997709393920,340323997709393920,"{'retweet_count': 3, 'reply_count': 0, 'like_count': 1, 'quote_count': 0}",India ki GDP grwoth rate toh congress se zyada teji se gir rahi hai. #worried http://someurl,everyone,2013-05-31T04:28:58.000Z,57250424,Twitter Web Client,hi,#worried,,,
339095139316297729,339095139316297729,"{'retweet_count': 0, 'reply_count': 1, 'like_count': 0, 'quote_count': 0}",@someuser said main patli nahi hu main hatti khatti hu| | deepika hatti khatti hai to fir main kya hu :/ :/ #worried,everyone,2013-05-27T19:05:55.000Z,1099122234,Twitter for iPhone,hi,#worried,101695592,,
339089599198527488,339062418808373250,"{'retweet_count': 0, 'reply_count': 1, 'like_count': 0, 'quote_count': 0}",@someuser Thane pan na ? sadhya asantosh maajla ahe amchya thane area madhye #worried,everyone,2013-05-27T18:43:55.000Z,219758062,Twitter Web Client,hi,#worried,1215263078,"[{'type': 'replied_to', 'id': '339089218397687809'}]",
335153652232769536,335153652232769536,"{'retweet_count': 0, 'reply_count': 0, 'like_count': 0, 'quote_count': 0}",Yaarab #worried,everyone,2013-05-16T22:03:52.000Z,517667343,Twitter for iPad,hi,#worried,,,
333626723209973760,333626723209973760,"{'retweet_count': 0, 'reply_count': 0, 'like_count': 0, 'quote_count': 0}",Bhai: Aisa na ho #ECP ko rehnay ke liye jagah na milay #AltafHussain #Elections2013 #Pakistan #Worried,everyone,2013-05-12T16:56:23.000Z,34874604,TweetDeck,hi,#worried,,,
333624517647806468,333624517647806468,"{'retweet_count': 0, 'reply_count': 0, 'like_count': 1, 'quote_count': 0}",#AltafHussainBhai#Karachi ko alag Karo agar tum ko yehan Kay logon ka mandate passnd nahi hai #Election2013 #ECP #Pakvotes #worried,everyone,2013-05-12T16:47:38.000Z,34874604,TweetDeck,hi,#worried,,,
333607007779164160,333567329478770691,"{'retweet_count': 0, 'reply_count': 0, 'like_count': 0, 'quote_count': 0}",@someuser -- okee.. Ha ha haa haa #Worried,everyone,2013-05-12T15:38:03.000Z,268916512,Twitter for BlackBerry¬Æ,hi,#worried,179846297,"[{'type': 'replied_to', 'id': '333606501803503617'}]",
322126666891665409,322126666891665409,"{'retweet_count': 0, 'reply_count': 1, 'like_count': 0, 'quote_count': 0}",Wen ?2dae?@someuser @someuser eyyah she told me taji sauki #worried,everyone,2013-04-10T23:19:16.000Z,70790560,Twitter for BlackBerry¬Æ,hi,#worried,,,
322126264037154816,322125752394993664,"{'retweet_count': 0, 'reply_count': 1, 'like_count': 0, 'quote_count': 0}",@someuser eyyah she told me  taji sauki #worried,everyone,2013-04-10T23:17:40.000Z,182302809,Blaast Tweet,hi,#worried,70790560,"[{'type': 'replied_to', 'id': '322125752394993664'}]",
322063988563267584,322063988563267584,"{'retweet_count': 0, 'reply_count': 0, 'like_count': 0, 'quote_count': 0}",Aaina dekh liya hoga RT @someuser Kis ki nazar lag gayi muje:-( #worried,everyone,2013-04-10T19:10:13.000Z,552452458,Echofon,hi,#worried,,,
321795503316692992,321792760652894208,"{'retweet_count': 0, 'reply_count': 0, 'like_count': 0, 'quote_count': 0}","@someuser bhai, daru, beer khane tweet nikai badheko chha aajkaal timro? Kina ho? #worried.",everyone,2013-04-10T01:23:21.000Z,24490795,TweetDeck,hi,#worried,101995682,"[{'type': 'replied_to', 'id': '321794255209254912'}]",
320676701053001728,320676701053001728,"{'retweet_count': 0, 'reply_count': 0, 'like_count': 0, 'quote_count': 0}",@someuser @someuser @someuser @someuser anyone seen hagberg? #worried,everyone,2013-04-06T23:17:38.000Z,786126084,Twitter for iPhone,hi,#worried,472646644,,
319221326172782593,319221326172782593,"{'retweet_count': 0, 'reply_count': 0, 'like_count': 0, 'quote_count': 0}",Ainnt neva #WORRIED,everyone,2013-04-02T22:54:29.000Z,1066870352,iOS,hi,#worried,,,
319017464409231360,319017464409231360,"{'retweet_count': 0, 'reply_count': 0, 'like_count': 0, 'quote_count': 0}",#Jab! - Malala #Worried - Agree or Disagree? > http://someurl,everyone,2013-04-02T09:24:25.000Z,1277135935,JF_test_server,hi,#worried,,,
313233473919909888,313231655949189122,"{'retweet_count': 0, 'reply_count': 0, 'like_count': 0, 'quote_count': 0}",@someuser Hashim Amla k irade theek nai lag rahe. #worried,everyone,2013-03-17T10:20:54.000Z,483994450,Twitter Web Client,hi,#worried,203920874,"[{'type': 'replied_to', 'id': '313231655949189122'}]",
313081470740750336,313079729160847360,"{'retweet_count': 0, 'reply_count': 1, 'like_count': 0, 'quote_count': 0}",@someuser Yaaaar me rooz khaaa raha hun Gool Gappa ho jaon ga #Worried,everyone,2013-03-17T00:16:54.000Z,236439333,Twitter Web Client,hi,#worried,488785963,"[{'type': 'replied_to', 'id': '313080670962450432'}]",
312565376292642818,312565376292642818,"{'retweet_count': 0, 'reply_count': 0, 'like_count': 0, 'quote_count': 0}","Haai maan, uphi kanti? O_O @someuser #Worried",everyone,2013-03-15T14:06:07.000Z,281263064,Twitter for BlackBerry¬Æ,hi,#worried,,,
312524340329586689,312511867778113536,"{'retweet_count': 0, 'reply_count': 1, 'like_count': 0, 'quote_count': 0}",@someuser aisa kya ho gaya tujhe bhai!! #Worried @someuser,everyone,2013-03-15T11:23:03.000Z,53320016,Twitter Web Client,hi,#worried,137601451,"[{'type': 'replied_to', 'id': '312521927182938112'}]",
312116393296424961,312116393296424961,"{'retweet_count': 0, 'reply_count': 0, 'like_count': 0, 'quote_count': 0}",Mana la hai : ( #Worried,everyone,2013-03-14T08:22:01.000Z,726011179,Twitter Web Client,hi,#worried,,,
307354631120515072,307354631120515072,"{'retweet_count': 0, 'reply_count': 1, 'like_count': 0, 'quote_count': 0}",Subha subha Insta par ye kya dekh liya..aaa... ;( ;( wen she goin to leav him.. #Sad #Worried,everyone,2013-03-01T05:00:29.000Z,140006826,Twitter for Android,hi,#worried,,,
306142143481778176,306139583555444737,"{'retweet_count': 0, 'reply_count': 0, 'like_count': 0, 'quote_count': 0}",@someuser NATALIE! #shocked #disgusted #worried,everyone,2013-02-25T20:42:29.000Z,44339251,Twitter Web Client,hi,#worried,34578360,"[{'type': 'replied_to', 'id': '306139583555444737'}]",
305703987095666689,305697099645857794,"{'retweet_count': 0, 'reply_count': 1, 'like_count': 0, 'quote_count': 0}",@someuser @someuser madhu darling take rest! pain ho raha hai kya? :( #worried :( wl pray 4 u,everyone,2013-02-24T15:41:24.000Z,160921748,Mobile Web (M2),hi,#worried,217703731,"[{'type': 'replied_to', 'id': '305703316585852931'}]",
305703043326947328,305699090015059969,"{'retweet_count': 0, 'reply_count': 1, 'like_count': 0, 'quote_count': 0}",@someuser tension mat le yaar! Jo hona hai wohi hoiga! #worried,everyone,2013-02-24T15:37:39.000Z,278592796,Twitter for BlackBerry¬Æ,hi,#worried,244036926,"[{'type': 'replied_to', 'id': '305699090015059969'}]",
303466938435248128,303466938435248128,"{'retweet_count': 0, 'reply_count': 1, 'like_count': 0, 'quote_count': 0}",Kal raat se padai shru ki 4 units khatm ho gayi ;-) ek unit baki hai. Sirf ek ek baar pada hai yaad kuch bi nai. :( #worried,everyone,2013-02-18T11:32:10.000Z,362872383,Mobile Web (M2),hi,#worried,,,
301779534674546688,301779534674546688,"{'retweet_count': 0, 'reply_count': 0, 'like_count': 0, 'quote_count': 0}",Shit shit shit shit shit shit shits hits hist shitshisthstishstishstihstihstihstihstiwhstishtsiushstiszis #worried,everyone,2013-02-13T19:47:02.000Z,65183517,TweetDeck,hi,#worried,,,
300695968435814401,300694245596090369,"{'retweet_count': 0, 'reply_count': 0, 'like_count': 0, 'quote_count': 0}",@someuser kya hua ? share wid us na .. #worried,everyone,2013-02-10T20:01:20.000Z,324836389,Twitter Web Client,hi,#worried,477279351,"[{'type': 'replied_to', 'id': '300694245596090369'}]",
295801492567375872,295798427101577216,"{'retweet_count': 0, 'reply_count': 0, 'like_count': 0, 'quote_count': 0}",@someuser teka ashi yabai ne daijyobu? :( #worried,everyone,2013-01-28T07:52:26.000Z,528602336,Twitter for iPhone,hi,#worried,528541650,"[{'type': 'replied_to', 'id': '295798689954410497'}]",
292900545818132480,292900545818132480,"{'retweet_count': 0, 'reply_count': 0, 'like_count': 0, 'quote_count': 0}",Yaar aaj #PM ne kuch jyada hi bol diya.. Kahin kal #Oprah show pe Unka bhi confession episode naa aa jaaye #worried,everyone,2013-01-20T07:45:06.000Z,46053737,Mobile Web (M2),hi,#worried,,,
291856709020954624,291856709020954624,"{'retweet_count': 0, 'reply_count': 0, 'like_count': 0, 'quote_count': 0}",Haaye..mera aur merey mulk ka kya baney ga? #Worried :/,everyone,2013-01-17T10:37:16.000Z,85093730,Twitter Web Client,hi,#worried,,,
290339764715016192,290338865485594625,"{'retweet_count': 0, 'reply_count': 0, 'like_count': 0, 'quote_count': 0}","@someuser #worried #lahore kisi ki light jaa nahe rahi, r hmari aa nahe rahy :/ kya ye khula tazaad nahe.. :P",everyone,2013-01-13T06:09:28.000Z,468229888,Twitter for BlackBerry¬Æ,hi,#worried,626403802,"[{'type': 'replied_to', 'id': '290338865485594625'}]",
287098975931232256,286720678495911936,"{'retweet_count': 0, 'reply_count': 1, 'like_count': 0, 'quote_count': 0}",@someuser toh phir good kaise hua ji ?!! :o #worried,everyone,2013-01-04T07:31:44.000Z,75550736,Twitter Web Client,hi,#worried,280581850,"[{'type': 'replied_to', 'id': '287098461042647041'}]",
285630653964361728,285630653964361728,"{'retweet_count': 1, 'reply_count': 1, 'like_count': 1, 'quote_count': 0}",Ammi kbi kisi kaam se khush q nai hoti. #worried #nervous #irritatesme,everyone,2012-12-31T06:17:09.000Z,326780997,Twitter for Android,hi,#worried,,,
282761347119329280,282761347119329280,"{'retweet_count': 0, 'reply_count': 0, 'like_count': 0, 'quote_count': 0}",Kant bhabhalazi liphatha abant abanjani #worried,everyone,2012-12-23T08:15:33.000Z,344861638,Twitter for BlackBerry¬Æ,hi,#worried,,,
281051788285722624,281051788285722624,"{'retweet_count': 0, 'reply_count': 0, 'like_count': 0, 'quote_count': 0}","bape jam je lagi nie, huaa :(( #worried",everyone,2012-12-18T15:02:22.000Z,1003549675,Twitter Web Client,hi,#worried,,,
279868091142385664,279868091142385664,"{'retweet_count': 0, 'reply_count': 0, 'like_count': 0, 'quote_count': 0}",Kya toh bhi Ho rha hai jeevan mein :/ #Worried,everyone,2012-12-15T08:38:47.000Z,48271649,Twitter for Windows Phone,hi,#worried,,,
276881354145271809,276881354145271809,"{'retweet_count': 0, 'reply_count': 0, 'like_count': 0, 'quote_count': 0}",@someuser kouthi achha nani? Kana khabara ?? #worried,everyone,2012-12-07T02:50:33.000Z,74727957,Twitter for Android,hi,#worried,270256965,,
276575181542154240,276573490990157827,"{'retweet_count': 0, 'reply_count': 1, 'like_count': 0, 'quote_count': 0}",@someuser aai nai wapis -_- kaun rehta hai hamsayo mai #Worried,everyone,2012-12-06T06:33:56.000Z,118436770,UberSocial for BlackBerry,hi,#worried,268570370,"[{'type': 'replied_to', 'id': '276574915619061760'}]",
274595570176360448,274595277082603520,"{'retweet_count': 0, 'reply_count': 1, 'like_count': 0, 'quote_count': 0}",@someuser ki hoyaa jaan?! #worried,everyone,2012-11-30T19:27:40.000Z,362247722,Twitter for iPhone,hi,#worried,384027539,"[{'type': 'replied_to', 'id': '274595470515511296'}]",
267285136872194049,267285136872194049,"{'retweet_count': 3, 'reply_count': 2, 'like_count': 0, 'quote_count': 0}",is tarike se Ahmedabad ke alag alag area mei aag lag rahi hai... kahi news site pe ek section aisa na aa jaaye FIRE NEWS #Worried,everyone,2012-11-10T15:18:37.000Z,50560293,Twitter Web Client,hi,#worried,,,
257490155076722688,257485209799364609,"{'retweet_count': 0, 'reply_count': 1, 'like_count': 0, 'quote_count': 0}",@someuser @someuser haha!! bachha haru le Santi aye pachi ta Cesc bhanne birsechan jhan Spurs le unthinkable garde ta k hola #worried,everyone,2012-10-14T14:36:51.000Z,233986940,Twitter for Mac,hi,#worried,226421256,"[{'type': 'replied_to', 'id': '257489548718788610'}]",
256821493395243008,256821493395243008,"{'retweet_count': 0, 'reply_count': 1, 'like_count': 0, 'quote_count': 0}",Bale v Hutton. #worried,everyone,2012-10-12T18:19:50.000Z,344207628,Twitter for iPhone,hi,#worried,,,
249782625810657280,249782625810657280,"{'retweet_count': 0, 'reply_count': 1, 'like_count': 0, 'quote_count': 0}",Malai maan parne khane kurako list haru din pratidin ghatdai gairakheko cha :( #worried,everyone,2012-09-23T08:09:53.000Z,323285817,TweetDeck,hi,#worried,,,
246239108098293760,246231020783927296,"{'retweet_count': 0, 'reply_count': 0, 'like_count': 0, 'quote_count': 0}",@someuser baday senti horahai ho khariat tou hai #worried,everyone,2012-09-13T13:29:12.000Z,147474517,Mobile Web,hi,#worried,556970021,"[{'type': 'replied_to', 'id': '246238825955872768'}]",
245489642286243840,245489642286243840,"{'retweet_count': 0, 'reply_count': 0, 'like_count': 0, 'quote_count': 0}",Poor jeddo #worried üòû,everyone,2012-09-11T11:51:06.000Z,259264529,Twitter for iPhone,hi,#worried,,,
243776026428207104,243771725974757377,"{'retweet_count': 0, 'reply_count': 1, 'like_count': 0, 'quote_count': 0}",@someuser phuza wise #worried,everyone,2012-09-06T18:21:48.000Z,484769007,Twitter for BlackBerry¬Æ,hi,#worried,513504077,"[{'type': 'replied_to', 'id': '243774530454183936'}]",
241898959919005696,241898959919005696,"{'retweet_count': 0, 'reply_count': 0, 'like_count': 0, 'quote_count': 0}",Last week it was @someuser and now its @someuser dekh tere sansar ki halat kya ho gayi bhagwan kitni badal gayi nari #worried,everyone,2012-09-01T14:03:00.000Z,141869297,Twitter for Nokia S40,hi,#worried,,,
239739722413514752,239713253800964096,"{'retweet_count': 0, 'reply_count': 1, 'like_count': 0, 'quote_count': 0}",@someuser is it like gastric? :< aiyoo #worried,everyone,2012-08-26T15:02:58.000Z,311777570,Twitter for iPhone,hi,#worried,260112080,"[{'type': 'replied_to', 'id': '239739384847560704'}]",
239431057236180992,239431057236180992,"{'retweet_count': 0, 'reply_count': 0, 'like_count': 0, 'quote_count': 0}",Ngathi asizulibona apha!| #Worried,everyone,2012-08-25T18:36:27.000Z,234403798,Mobile Web,hi,#worried,,,
234803402306117632,234799718847352832,"{'retweet_count': 0, 'reply_count': 0, 'like_count': 0, 'quote_count': 0}",@someuser dalee! #Worried,everyone,2012-08-13T00:07:48.000Z,68314829,Twitter for iPhone,hi,#worried,179642996,"[{'type': 'replied_to', 'id': '234803292474048512'}]",
234281915513974784,234281915513974784,"{'retweet_count': 0, 'reply_count': 0, 'like_count': 0, 'quote_count': 0}",Tamboka jud bai. üòîüòì #bathroom #bored #worried  http://someurl,everyone,2012-08-11T13:35:36.000Z,93363975,Instagram,hi,#worried,,,
232691668552384514,232691668552384514,"{'retweet_count': 0, 'reply_count': 0, 'like_count': 0, 'quote_count': 0}",Is sam mikulak gay? #worried #pleasedontbe,everyone,2012-08-07T04:16:31.000Z,624987405,Twitter for Android,hi,#worried,,,
224209858621227008,224209858621227008,"{'retweet_count': 0, 'reply_count': 0, 'like_count': 0, 'quote_count': 0}",mjhay ajkal itniiiiiiiiiiiiiiiiiiiiiiiiiiiiiiiiiiiiiiiiiiiiiiiiii neennndd kiun arahi haiiiiiiiiiiiiiiii... #WoRrIeD,everyone,2012-07-14T18:32:50.000Z,290081192,Twitter Web Client,hi,#worried,,,
218090028390297600,218090028390297600,"{'retweet_count': 0, 'reply_count': 0, 'like_count': 0, 'quote_count': 0}",Ya raaab ekteebha 7ag Spaain!! #scared #worried #balanteyat,everyone,2012-06-27T21:14:49.000Z,260951374,UberSocial for BlackBerry,hi,#worried,,,
217315707006885889,217314503396827136,"{'retweet_count': 0, 'reply_count': 1, 'like_count': 0, 'quote_count': 0}",@someuser ami dinner koresi....tui nijer ektuo khayal rakhish na tai na???? abar jor hoyese....plezzzzzzzzzz take care... #WORRIED 4 u,everyone,2012-06-25T17:57:56.000Z,386043233,Twitter Web Client,hi,#worried,450244845,"[{'type': 'replied_to', 'id': '217314503396827136'}]",
217315593966194688,217314503396827136,"{'retweet_count': 0, 'reply_count': 0, 'like_count': 0, 'quote_count': 0}",@someuser ami dinner koresi....tui nijer ektuo khayal rakhish na tai na???? abar jor hoyese....plezzzzzzzzz take care... #WORRIED 4 u,everyone,2012-06-25T17:57:29.000Z,386043233,Twitter Web Client,hi,#worried,450244845,"[{'type': 'replied_to', 'id': '217314503396827136'}]",
216047783969435648,216047783969435648,"{'retweet_count': 0, 'reply_count': 0, 'like_count': 0, 'quote_count': 0}",@someuser kis ko keh rahee hoo #worried,everyone,2012-06-22T05:59:40.000Z,87794333,Twitter Web Client,hi,#worried,251398976,,
214541603229020161,214541603229020161,"{'retweet_count': 0, 'reply_count': 0, 'like_count': 0, 'quote_count': 0}",My poor nend. .1ghnta phlay ankh khuli the kbsy sony ke koshsh krng par neendain he dhoka dayrahe hain ajkal . .;( #worried,everyone,2012-06-18T02:14:38.000Z,290081192,Nimbuzz Mobile,hi,#worried,,,
211515035560837120,211513958027370496,"{'retweet_count': 0, 'reply_count': 0, 'like_count': 0, 'quote_count': 0}",@someuser pheewww!! #worried,everyone,2012-06-09T17:48:08.000Z,399499067,Twitter for BlackBerry¬Æ,hi,#worried,71229689,"[{'type': 'replied_to', 'id': '211513958027370496'}]",
208529312771616769,208517228029677568,"{'retweet_count': 0, 'reply_count': 1, 'like_count': 0, 'quote_count': 0}",@someuser Oye Shero ke shera ko kya ho gaya?! #worried,everyone,2012-06-01T12:03:57.000Z,17906755,Twitter Web Client,hi,#worried,76855729,"[{'type': 'replied_to', 'id': '208517228029677568'}]",
201866686733881345,201866686733881345,"{'retweet_count': 0, 'reply_count': 0, 'like_count': 0, 'quote_count': 0}","Hyaa dimaag kharab, Kaa bata suru garum ma... #Confused #Worried #Tensed >_<",everyone,2012-05-14T02:49:03.000Z,115934274,Gravity,hi,#worried,,,
198393381565640704,198393381565640704,"{'retweet_count': 0, 'reply_count': 0, 'like_count': 0, 'quote_count': 0}",khawatir guaa #worried,everyone,2012-05-04T12:47:22.000Z,241846376,Write Longer,hi,#worried,,,
195544618534842369,195544618534842369,"{'retweet_count': 0, 'reply_count': 0, 'like_count': 0, 'quote_count': 0}","Komele ndiqale ukuzilawula,umkhaba pho!! #Worried",everyone,2012-04-26T16:07:24.000Z,157388591,UberSocial for BlackBerry,hi,#worried,,,
193063160591302656,193063160591302656,"{'retweet_count': 0, 'reply_count': 0, 'like_count': 0, 'quote_count': 0}",Charlie! Charlie! Charlie! Anu nangyayari sayo? #worried!,everyone,2012-04-19T19:46:59.000Z,212844513,Twitter for BlackBerry¬Æ,hi,#worried,,,
192687524412526592,192687081670189057,"{'retweet_count': 0, 'reply_count': 2, 'like_count': 0, 'quote_count': 0}",@someuser @someuser Haai Ceeboo itheni iGrand Pa?! #Worried,everyone,2012-04-18T18:54:20.000Z,354367004,Twitter for BlackBerry¬Æ,hi,#worried,376175572,"[{'type': 'replied_to', 'id': '192687081670189057'}]",
191747038982053888,191747038982053888,"{'retweet_count': 0, 'reply_count': 0, 'like_count': 0, 'quote_count': 0}",Lukiye lukiye mogojdholai toiri hochhena toh????? #worried,everyone,2012-04-16T04:37:11.000Z,59372005,Twitter for BlackBerry¬Æ,hi,#worried,,,
183435185587630080,183427709119111168,"{'retweet_count': 0, 'reply_count': 0, 'like_count': 0, 'quote_count': 0}",@someuser oyeee u ok naa?Itni bujhi bujhi to kabbhi nai rehti..feeling low kya? #Worried,everyone,2012-03-24T06:08:50.000Z,85130943,TweetCaster for Android,hi,#worried,314180732,"[{'type': 'replied_to', 'id': '183427709119111168'}]",
182613116100673536,182612885904687104,"{'retweet_count': 0, 'reply_count': 1, 'like_count': 0, 'quote_count': 0}",@someuser haahaa!! #worried,everyone,2012-03-21T23:42:14.000Z,80414523,Twitter for iPhone,hi,#worried,420388991,"[{'type': 'replied_to', 'id': '182612885904687104'}]",
180080945725050880,180080945725050880,"{'retweet_count': 0, 'reply_count': 0, 'like_count': 0, 'quote_count': 0}",shee ainn actinn thee samee //: #Worried,everyone,2012-03-15T00:00:17.000Z,318125530,Twitter Web Client,hi,#worried,,,
179764179929014272,179764179929014272,"{'retweet_count': 0, 'reply_count': 0, 'like_count': 0, 'quote_count': 0}",shayad mera braine mujhe dhoka de raha hai #worried,everyone,2012-03-14T03:01:35.000Z,98878742,Twitter Web Client,hi,#worried,,,
176339716386467840,176339716386467840,"{'retweet_count': 0, 'reply_count': 0, 'like_count': 0, 'quote_count': 0}",@someuser sabaidee mai? Hope ur ok na kaa.. Prayin for u :( #Worried,everyone,2012-03-04T16:13:59.000Z,371723837,Mobile Web,hi,#worried,154609624,,
172702132653395970,172701189077614592,"{'retweet_count': 0, 'reply_count': 1, 'like_count': 0, 'quote_count': 0}",@someuser arey ladki!! Kya hua hai tujhe? Luv-wuv to ni hua na?!! #worried,everyone,2012-02-23T15:19:31.000Z,123219025,Mobile Web,hi,#worried,310164671,"[{'type': 'replied_to', 'id': '172701189077614592'}]",
170648166578917376,170648166578917376,"{'retweet_count': 0, 'reply_count': 0, 'like_count': 0, 'quote_count': 0}",#confused. #worried #wtf #ETS # eeyyyy yuuuuuu,everyone,2012-02-17T23:17:48.000Z,372981947,Twitter for BlackBerry¬Æ,hi,#worried,,,
169057307509002240,169057307509002240,"{'retweet_count': 0, 'reply_count': 0, 'like_count': 0, 'quote_count': 0}","ojo karo kae, liyane wae akeh. #worried",everyone,2012-02-13T13:56:17.000Z,113527186,Write Longer,hi,#worried,,,
168103259653943296,168103259653943296,"{'retweet_count': 0, 'reply_count': 0, 'like_count': 0, 'quote_count': 0}",random sharp pain ? #worried,everyone,2012-02-10T22:45:14.000Z,80208134,Twitter Web Client,hi,#worried,,,
163685770266292226,163685551311044609,"{'retweet_count': 0, 'reply_count': 0, 'like_count': 0, 'quote_count': 0}",@someuser Hain. I thought it was well above 20 :/ Mujhe sardi kyun nahi lag rahi aaj? #Worried,everyone,2012-01-29T18:11:43.000Z,117767974,TweetDeck,hi,#worried,28613278,"[{'type': 'replied_to', 'id': '163685551311044609'}]",
163170907509104640,163170907509104640,"{'retweet_count': 0, 'reply_count': 0, 'like_count': 1, 'quote_count': 0}",Abanye abantu baphila ingathi banobomi obuse tyesini...#worried...,everyone,2012-01-28T08:05:50.000Z,369165358,Mobile Web,hi,#worried,,,
162224230493200384,162224230493200384,"{'retweet_count': 0, 'reply_count': 0, 'like_count': 0, 'quote_count': 0}",Abantu abadeshi!!! #worried,everyone,2012-01-25T17:24:05.000Z,276579496,UberSocial for iPhone,hi,#worried,,,
158820579393290240,158820148210438144,"{'retweet_count': 0, 'reply_count': 0, 'like_count': 0, 'quote_count': 0}",@someuser Aisa kya bol diya bhai :P #worried,everyone,2012-01-16T07:59:11.000Z,83825802,Twitter Web Client,hi,#worried,85509068,"[{'type': 'replied_to', 'id': '158820148210438144'}]",
149069049354125312,149069049354125312,"{'retweet_count': 0, 'reply_count': 0, 'like_count': 0, 'quote_count': 0}",Sir agr PML N ke punjab hakoomat khatam ho gae tau phir bhi Laptop aur scholarship jo announce hua hy woh mily ga na ..!? ? ? #worried,everyone,2011-12-20T10:10:05.000Z,53306885,Twitter Web Client,hi,#worried,,,{'place_id': '64a07f675a8a699a'}
146435047619170304,146435047619170304,"{'retweet_count': 0, 'reply_count': 0, 'like_count': 0, 'quote_count': 0}",Yarab english sahel!!! #inshalla #worried,everyone,2011-12-13T03:43:30.000Z,378191504,Twitter for iPhone,hi,#worried,,,
144780808522182656,144780808522182656,"{'retweet_count': 0, 'reply_count': 0, 'like_count': 0, 'quote_count': 0}",shiva poudel ko mritu bhayo re vanne sunera maan ma nana thari kuro kheleko chha...k bhako hola chitwan ma.. #worried,everyone,2011-12-08T14:10:09.000Z,186786949,Twitter Web Client,hi,#worried,,,
139442618311507968,139442618311507968,"{'retweet_count': 1, 'reply_count': 0, 'like_count': 0, 'quote_count': 0}",awejoshy #feelbetter #worried,everyone,2011-11-23T20:38:05.000Z,361951169,Twitter Web Client,hi,#worried,,,
136706410770743298,136706410770743298,"{'retweet_count': 0, 'reply_count': 0, 'like_count': 0, 'quote_count': 0}",Kya hum aapse mil b payenge.. @someuser #worried,everyone,2011-11-16T07:25:22.000Z,227239038,Mobile Web,hi,#worried,,,
119435960508354560,119431649166495744,"{'retweet_count': 0, 'reply_count': 0, 'like_count': 0, 'quote_count': 0}",@someuser safari <3 bc meri webkit bhi aaj kal hand ho jati and memory crash dump ho jati hai kabhi kabhi :O #worried,everyone,2011-09-29T15:38:46.000Z,239812123,Twitter Web Client,hi,#worried,138384180,"[{'type': 'replied_to', 'id': '119431649166495744'}]",
115446225490284544,115443995668262912,"{'retweet_count': 0, 'reply_count': 0, 'like_count': 0, 'quote_count': 0}",@someuser enshallaa yaraabÓê¢Óê¢ #worried,everyone,2011-09-18T15:24:59.000Z,51091502,UberSocial for iPhone,hi,#worried,264305993,"[{'type': 'replied_to', 'id': '115443995668262912'}]",
113689432707698688,113689432707698688,"{'retweet_count': 0, 'reply_count': 0, 'like_count': 0, 'quote_count': 0}",@someuser sis plz khumbul ekhaya!! #worried,everyone,2011-09-13T19:04:07.000Z,126869185,UberSocial for BlackBerry,hi,#worried,127352142,,
109292476078100480,109292476078100480,"{'retweet_count': 0, 'reply_count': 0, 'like_count': 0, 'quote_count': 0}",Sahikunathinum illedey oru paridhi? RT @someuser 5 pere phone vilichu arum phone eduttila.. #worried,everyone,2011-09-01T15:52:11.000Z,80637583,TweetCaster for Android,hi,#worried,,,
108046040611037185,108046040611037185,"{'retweet_count': 1, 'reply_count': 0, 'like_count': 0, 'quote_count': 0}",Raya 4hari jee then kena study balik ! #worried,everyone,2011-08-29T05:19:18.000Z,338963884,Twitter for BlackBerry¬Æ,hi,#worried,,,
104248433136762880,104247642623713281,"{'retweet_count': 0, 'reply_count': 1, 'like_count': 0, 'quote_count': 0}","@someuser lolzz , usspe mai daily trade krta hau... aaj vari girawat aayi hai... Dow v bahut gir gya hai aaj... :( #worried",everyone,2011-08-18T17:48:57.000Z,182914957,Twitter Web Client,hi,#worried,52332335,"[{'type': 'replied_to', 'id': '104247642623713281'}]",
101961336950501376,101960582160334848,"{'retweet_count': 0, 'reply_count': 1, 'like_count': 0, 'quote_count': 0}",@someuser   dhurrrr....  1st tut e afne bad news dilen sara din r ki asbo tl e ke jane...  #worried,everyone,2011-08-12T10:20:51.000Z,134859031,Twitter Web Client,hi,#worried,113967083,"[{'type': 'replied_to', 'id': '101960582160334848'}]",
98941540189220864,98941540189220864,"{'retweet_count': 0, 'reply_count': 1, 'like_count': 0, 'quote_count': 0}",Mo gadir anaam #Worried :),everyone,2011-08-04T02:21:16.000Z,200050394,Twitter for BlackBerry¬Æ,hi,#worried,,,
98741453269909504,98741453269909504,"{'retweet_count': 0, 'reply_count': 0, 'like_count': 0, 'quote_count': 0}",Yaa Sattteerrrrr #Worried,everyone,2011-08-03T13:06:11.000Z,315057860,Twitter for BlackBerry¬Æ,hi,#worried,,,
95560464360148992,95560464360148992,"{'retweet_count': 0, 'reply_count': 0, 'like_count': 0, 'quote_count': 0}",LaishLaishLaishLaishLaishLaishLaishLaishLaishLaishLaishLaishLaishLaishLaishLaishLaishLaishLaishLaishLaish #Worried !!,everyone,2011-07-25T18:26:04.000Z,264370625,Twitter for BlackBerry¬Æ,hi,#worried,,,
92639335349895168,92639335349895168,"{'retweet_count': 0, 'reply_count': 1, 'like_count': 0, 'quote_count': 0}",Mumbai il ekku ulla plane a enthum sambhavikkam #worried,everyone,2011-07-17T16:58:33.000Z,137669033,Sweet As Revenge,hi,#worried,,,
91162678013333504,91159908833169408,"{'retweet_count': 0, 'reply_count': 1, 'like_count': 0, 'quote_count': 0}",@someuser tum Sub theek thaak ho?? #worried,everyone,2011-07-13T15:10:50.000Z,161413109,TweetDeck,hi,#worried,29388282,"[{'type': 'replied_to', 'id': '91159908833169408'}]",
81910707091800064,81910707091800064,"{'retweet_count': 0, 'reply_count': 0, 'like_count': 0, 'quote_count': 0}","Hoping , Yarab ajeeb kwaise #worried",everyone,2011-06-18T02:26:49.000Z,247301062,erased734497,hi,#worried,,,
81798057414500352,81798057414500352,"{'retweet_count': 0, 'reply_count': 0, 'like_count': 0, 'quote_count': 0}",Kitabon se door doosra din... #worried,everyone,2011-06-17T18:59:11.000Z,52636334,Snaptu,hi,#worried,,,
81773153247969280,81773153247969280,"{'retweet_count': 0, 'reply_count': 1, 'like_count': 1, 'quote_count': 0}","sathya baba mujhe de jaate ismein se 50lakh, is baande ka kuch kaam ban jaata, ab pata nahi kiske haath jaye #worried",everyone,2011-06-17T17:20:13.000Z,98936360,Twitter Web Client,hi,#worried,,,
77250753495973888,77250753495973888,"{'retweet_count': 0, 'reply_count': 0, 'like_count': 0, 'quote_count': 0}",Eyeye siphi isibhilivane sami.. #worried,everyone,2011-06-05T05:49:49.000Z,248083976,Twitter for BlackBerry¬Æ,hi,#worried,,,
77065283625431040,77045232956473345,"{'retweet_count': 0, 'reply_count': 0, 'like_count': 0, 'quote_count': 0}",@someuser k ke bhuti #worried,everyone,2011-06-04T17:32:50.000Z,200787847,Twitter for BlackBerry¬Æ,hi,#worried,40880583,"[{'type': 'replied_to', 'id': '77045232956473345'}]",
77037207331930112,77021750843555841,"{'retweet_count': 0, 'reply_count': 0, 'like_count': 0, 'quote_count': 0}",@someuser bhai take care  ! #worried,everyone,2011-06-04T15:41:16.000Z,89668207,Twitter Web Client,hi,#worried,147108331,"[{'type': 'replied_to', 'id': '77021750843555841'}]",
76567081637781504,76566682243571712,"{'retweet_count': 0, 'reply_count': 0, 'like_count': 0, 'quote_count': 0}",@someuser amar bashay atmosphere khub kharap... bujhtasi na hotat ki hoitase... :s #worried,everyone,2011-06-03T08:33:09.000Z,74975367,Echofon,hi,#worried,128640274,"[{'type': 'replied_to', 'id': '76566682243571712'}]",
75975070752833536,75974000928501762,"{'retweet_count': 0, 'reply_count': 0, 'like_count': 0, 'quote_count': 0}",@someuser Ki hoya? Enna sad kyu sound kar re ho? #worried,everyone,2011-06-01T17:20:43.000Z,49310711,Mobile Web,hi,#worried,221722106,"[{'type': 'replied_to', 'id': '75974000928501762'}]",
74143074636406784,74143074636406784,"{'retweet_count': 0, 'reply_count': 0, 'like_count': 0, 'quote_count': 0}",Arrey koi @someuser ko phone karo..theek thaak hai ya nahi. #Worried,everyone,2011-05-27T16:01:01.000Z,56708562,Twitter for BlackBerry¬Æ,hi,#worried,,,
72521654865108992,72521654865108992,"{'retweet_count': 0, 'reply_count': 0, 'like_count': 0, 'quote_count': 0}",jaslai j mann tei gagira6...haina k bhaako yo desh ma...#worried!!!!,everyone,2011-05-23T04:38:04.000Z,273509004,Twitter Web Client,hi,#worried,,,
69850402794913793,69850402794913793,"{'retweet_count': 0, 'reply_count': 0, 'like_count': 0, 'quote_count': 0}",aat thee hospitaal w/moms hopee shee ook . #worried,everyone,2011-05-15T19:43:28.000Z,277270882,Twitter SMS,hi,#worried,,,
68675229936918530,68675229936918530,"{'retweet_count': 0, 'reply_count': 0, 'like_count': 0, 'quote_count': 0}",Maaabgaa shaaai‚òπ #worried #badtempered #headache #sleepy #feelingsick #calculus,everyone,2011-05-12T13:53:45.000Z,153875929,Twitter for BlackBerry¬Æ,hi,#worried,,,
58967000743034880,47555360332062720,"{'retweet_count': 0, 'reply_count': 0, 'like_count': 0, 'quote_count': 0}",@someuser usaphila?#worried,everyone,2011-04-15T18:56:43.000Z,249130867,Twitter for BlackBerry¬Æ,hi,#worried,228419235,"[{'type': 'replied_to', 'id': '47555360332062720'}]",
53410974820081664,53410974820081664,"{'retweet_count': 0, 'reply_count': 0, 'like_count': 0, 'quote_count': 0}","Udh di balik ke hotel RT @someuser Mom, waar ben jiij ? #worried",everyone,2011-03-31T10:59:03.000Z,80296140,erased734497,hi,#worried,,,
38280990963146753,38280475810201600,"{'retweet_count': 0, 'reply_count': 0, 'like_count': 0, 'quote_count': 0}",@someuser nai yaar! #worried,everyone,2011-02-17T16:57:54.000Z,188709320,√úberSocialOrig,hi,#worried,26058562,"[{'type': 'replied_to', 'id': '38280475810201600'}]",
37403847785857024,37403215041400832,"{'retweet_count': 0, 'reply_count': 0, 'like_count': 0, 'quote_count': 0}",@someuser he he he ....abey logon ke 2k ker ke phase hue hain....so #worried,everyone,2011-02-15T06:52:26.000Z,75047532,Twitter Web Client,hi,#worried,53332667,"[{'type': 'replied_to', 'id': '37403215041400832'}]",
15491768699068416,15491768699068416,"{'retweet_count': 0, 'reply_count': 0, 'like_count': 0, 'quote_count': 0}",main toh refresh kar kar ke budhhi ho jaoongee...... #worried,everyone,2010-12-16T19:41:40.000Z,112127485,Twitter Web Client,hi,#worried,,,
10350461110456320,10350461110456320,"{'retweet_count': 0, 'reply_count': 0, 'like_count': 0, 'quote_count': 0}",Ee Qatar bid nammude sensation newsnu ksheenamaakuo?? #worried,everyone,2010-12-02T15:11:56.000Z,52336224,Gravity,hi,#worried,,,
4444489238192128,4444489238192128,"{'retweet_count': 0, 'reply_count': 0, 'like_count': 0, 'quote_count': 0}",dhika mana yaa? #worried,everyone,2010-11-16T08:03:43.000Z,114158853,Twitter Web Client,hi,#worried,,,
489195357339648,489195357339648,"{'retweet_count': 0, 'reply_count': 0, 'like_count': 0, 'quote_count': 0}",@someuser usaphila???? #worried,everyone,2010-11-05T10:06:47.000Z,43070687,Twitter Web Client,hi,#worried,49968038,,
16540174103,16504102399,"{'retweet_count': 0, 'reply_count': 0, 'like_count': 0, 'quote_count': 0}","@someuser What nonsense !! Wapis aaja kudiye, pardess me tera fayda uthaya jaa raha hai #worried",everyone,2010-06-19T11:51:34.000Z,153753692,Twitter Web Client,hi,#worried,32505523,"[{'type': 'replied_to', 'id': '16504102399'}]",
8247197220,8247197220,"{'retweet_count': 0, 'reply_count': 0, 'like_count': 0, 'quote_count': 0}",Bhaiyaa abb US pahuch ke naukri dhundhni hai... jindagi ki real jaddojahat #worried,everyone,2010-01-26T19:26:33.000Z,60443937,Twitter Web Client,hi,#worried,,,
