author_id,created_at,reply_settings,conversation_id,id,source,text,lang,public_metrics,search_query,geo,in_reply_to_user_id,referenced_tweets
2229848282,2016-12-21T06:35:31.000Z,everyone,811460071062433793,811460071062433793,Facebook,‡¶ï‡ßç‡¶≤‡¶æ‡¶®‡ßç‡¶§‡¶ø ‡¶ï‡ßá‡¶ü‡ßá ‡¶Ø‡¶æ‡¶¨‡ßá ‡¶ó‡ßá‡¶á‡¶Æ‡¶∏‡ßá !! ‡¶Ü‡¶™‡¶°‡ßá‡¶ü ‡¶ó‡ßá‡¶á‡¶Æ‡¶∏ ‡¶§‡ßã ‡¶§‡¶æ‡¶á #Angry #birds #games http://someurl,bn,"{'retweet_count': 0, 'reply_count': 0, 'like_count': 0, 'quote_count': 0}",#angry,,,
594676291,2016-12-16T08:33:38.000Z,everyone,809677854619205633,809677854619205633,Twitter Web Client,#MamataBanerjee #Angry #UrjitPatel ‡¶â‡¶∞‡ßç‡¶ú‡¶ø‡¶§‡ßá ‚Äò‡¶ï‡ßç‡¶∑‡ßÅ‡¶¨‡ßç‡¶ß‚Äô ‡¶Æ‡¶Æ‡¶§‡¶æ http://someurl http://someurl,bn,"{'retweet_count': 1, 'reply_count': 1, 'like_count': 3, 'quote_count': 0}",#angry,,,
716159002074177536,2016-11-09T04:55:37.000Z,everyone,796214637167542273,796214637167542273,Hootsuite,"‡¶∏‡ßç‡¶≤‡ßç‡¶Ø‡¶æ‡¶Ç ‡¶¨‡ßç‡¶Ø‡¶¨‡¶π‡¶æ‡¶∞‡ßá‡¶∞ ‡¶ï‡ßç‡¶∑‡ßá‡¶§‡ßç‡¶∞‡ßá ‡¶ï‡ßá ‡¶è‡¶ó‡¶ø‡¶Ø‡¶º‡ßá...? ‡¶∏‡ßç‡¶¨‡¶æ‡¶≠‡¶æ‡¶¨‡¶ø‡¶ï‡¶≠‡¶æ‡¶¨‡ßá‡¶á ‡¶™‡ßÅ‡¶∞‡ßÅ‡¶∑‡ßá‡¶∞ ‡¶¶‡¶ø‡¶ï‡ßá ‡¶Ü‡¶ô‡ßç‡¶ó‡ßÅ‡¶≤ ‡¶ì‡¶†‡ßá, ‡¶ï‡¶ø‡¶®‡ßç‡¶§‡ßÅ ‡¶®‡¶æ...| #Lifestyle #Angry| http://someurl",bn,"{'retweet_count': 0, 'reply_count': 0, 'like_count': 2, 'quote_count': 0}",#angry,,,
710489042,2016-10-12T15:39:48.000Z,everyone,786229894384529409,786229894384529409,Facebook,‡¶ß‡ßç‡¶Ø‡¶æ‡¶§‡¶§‡ßá‡¶∞‡¶ø‡•§‡¶Ö‡¶∏‡¶π‡ßç‡¶Ø ÛæåΩÛæåΩÛæåΩ| #Disappoint #Angry,bn,"{'retweet_count': 0, 'reply_count': 0, 'like_count': 0, 'quote_count': 0}",#angry,,,
2409568443,2016-09-27T14:24:36.000Z,everyone,780775149104537601,780775149104537601,Twitter for Android,‡¶ï‡¶æ‡¶ú‡ßá‡¶∞ ‡¶¨‡ßá‡¶≤‡¶æ‡¶Ø‡¶º ‡¶ï‡¶æ‡¶ú‡ßÄ ‡¶ï‡¶æ‡¶ú ‡¶´‡ßÅ‡¶∞‡ßÅ‡¶≤‡ßá‡¶á ‡¶™‡¶æ‡¶ú‡¶ø! ‡¶∂‡¶æ‡¶≤‡¶æ‡¶∞‡¶æ ‡¶§‡ßÅ‡¶¶‡ßá‡¶∞ ‡¶¨‡¶®‡ßç‡¶ß‡ßÅ‡¶§‡ßç‡¶¨‡ßá‡¶∞ ‡¶ñ‡ßá‡¶§‡¶æ ‡¶™‡ßÅ‡¶∞‡¶ø!!!| ‡¶Ø‡¶§‡ßç‡¶§‡¶∏‡¶¨ ‡¶π‡¶æ‡¶∞‡¶æ‡¶Æ‡¶ø‡¶∞ ‡¶¶‡¶≤! ‡¶¨‡¶ø‡¶™‡¶¶‡ßá‡¶∞ ‡¶™‡¶∞‡¶≤‡ßá‡¶á ‡¶è‡¶á ‡¶¨‡¶æ‡¶≤‡ßá‡¶∞‡ßá ‡¶Æ‡¶®‡ßá ‡¶π‡¶Ø‡¶º ‡¶®‡¶æ?!!!!!| #angry,bn,"{'retweet_count': 0, 'reply_count': 0, 'like_count': 1, 'quote_count': 0}",#angry,,,
2989305476,2016-09-27T07:23:30.000Z,everyone,780669177451413504,780669177451413504,Facebook,felings #angry| ‡¶∏‡¶¨‡¶æ‡¶á ‡¶Ü‡¶Æ‡¶æ‡¶ï‡ßá ‡¶¶‡ßÅ‡¶É‡¶ñ‡ßá‡¶∞ ‡¶ï‡¶•‡¶æ ‡¶¨‡¶≤‡ßá| ‡¶Æ‡¶®‡ßá ‡¶π‡¶Ø‡¶º ‡¶Ü‡¶Æ‡¶æ‡¶∞ ‡¶ï‡¶™‡¶æ‡¶≤‡¶ü‡¶æ ‡¶Ø‡ßá‡¶® ‡¶∏‡ßã‡¶®‡¶æ‡¶Ø‡¶º ‡¶¨‡¶æ‡¶ß‡¶æ‡¶®‡ßã.... ‡¶π‡ßÅ,bn,"{'retweet_count': 0, 'reply_count': 0, 'like_count': 0, 'quote_count': 0}",#angry,,,
739792942659821572,2016-09-25T14:14:50.000Z,everyone,780047914269863941,780047914269863941,Facebook,‡¶è‡¶á ‡¶™‡ßã‡¶∑‡ßç‡¶ü‡ßá ‡¶Ø‡¶æ‡¶∞‡¶æ #AngryÛæåΩ ‡¶¶‡¶ø‡¶∏‡ßá ‡¶§‡¶æ‡¶∞‡¶æ ‡¶∏‡¶¨‡¶æ‡¶á ‡¶ñ‡¶æ‡¶ü‡ßã...Ûæå¥Ûæå¥Ûæå¥ http://someurl,bn,"{'retweet_count': 0, 'reply_count': 0, 'like_count': 1, 'quote_count': 0}",#angry,,,
2409568443,2016-08-20T23:51:57.000Z,everyone,767147189327896576,767147189327896576,Twitter for Android,‡¶è‡¶´‡¶¨‡¶ø‡¶§‡ßá ‡¶ñ‡ßÅ‡¶¨‡¶á‡¶á ‡¶ï‡¶æ‡¶õ‡ßá‡¶∞ ‡¶è‡¶ï ‡¶¨‡¶®‡ßç‡¶ß‡ßÅ‡¶ï‡ßá ‡¶¨‡ßç‡¶≤‡¶ï ‡¶¶‡¶ø‡¶≤‡¶æ‡¶Æ! | ‡¶Ü‡¶ú‡¶æ‡¶á‡¶∞‡¶æ ‡¶≠‡¶æ‡¶¨ ‡¶Ü‡¶Æ‡¶æ‡¶∞ ‡¶¶‡ßÅ‡¶á ‡¶ö‡ßã‡¶ï‡ßç‡¶∑‡ßá‡¶∞ ‡¶¨‡¶ø‡¶∑! | ‡¶Ø‡¶æ ‡¶¶‡ßÅ‡¶∞‡ßá ‡¶ó‡¶ø‡¶Ø‡¶º‡¶æ ‡¶Æ‡¶∞! #angry,bn,"{'retweet_count': 0, 'reply_count': 0, 'like_count': 0, 'quote_count': 0}",#angry,,,
3100151623,2016-08-15T13:18:42.000Z,everyone,765175886131892224,765175886131892224,Twitter for Android,"‡¶ú‡ßÄ‡¶¨‡¶®‡ßá ‡¶è‡¶Æ‡¶® ‡¶è‡¶ï‡¶ü‡¶æ ‡¶Æ‡¶æ‡¶®‡ßÅ‡¶∑ ‡¶ñ‡ßÅ‡¶¨ ‡¶™‡ßç‡¶∞‡¶Ø‡¶º‡ßã‡¶ú‡¶®,‡¶Ü‡¶™‡¶®‡¶ø| ‡¶∞‡¶æ‡¶ó ‡¶ï‡¶∞‡¶§‡ßá ‡¶ï‡¶∞‡¶§‡ßá ‡¶ü‡¶æ‡¶Ø‡¶º‡¶æ‡¶∞‡ßç‡¶° ‡¶π‡¶Ø‡¶º‡ßá ‡¶ó‡ßá‡¶≤‡ßá‡¶ì‡¶∏‡ßá ‡¶∞‡¶æ‡¶ó| ‡¶≠‡¶æ‡¶ô‡¶æ‡¶§‡ßá ‡¶ï‡¶ñ‡¶®‡ßã ‡¶ü‡¶æ‡¶Ø‡¶º‡¶æ‡¶∞‡ßç‡¶° ‡¶π‡¶¨‡ßá ‡¶®‡¶æ| #Angryüò° http://someurl",bn,"{'retweet_count': 1, 'reply_count': 2, 'like_count': 64, 'quote_count': 1}",#angry,{'place_id': '001aff55522d96c9'},,
594676291,2016-08-01T12:48:22.000Z,everyone,760094822195527680,760094822195527680,Twitter Web Client,#JacquelineFernandez #Angry #KatrinaKaif ‡¶ï‡ßç‡¶Ø‡¶æ‡¶ü‡¶∞‡¶ø‡¶®‡¶æ‡¶∞ ‡¶∏‡¶æ‡¶•‡ßá ‡¶§‡ßÅ‡¶≤‡¶®‡¶æ ‡¶ü‡¶æ‡¶®‡¶æ‡¶Ø‡¶º ‡¶ï‡ßç‡¶∑‡ßÅ‡¶¨‡ßç‡¶ß ‡¶ú‡ßç‡¶Ø‡¶æ‡¶ï‡¶≤‡¶ø‡¶® http://someurl http://someurl,bn,"{'retweet_count': 1, 'reply_count': 0, 'like_count': 2, 'quote_count': 0}",#angry,,,
3305671442,2016-06-24T16:00:03.000Z,everyone,746372322106314752,746372322106314752,Facebook,‡¶Æ‡ßá‡¶∏‡¶ø? ‡¶ï‡ßá ‡¶Ö‡¶•‡¶¨‡¶æ ‡¶ï‡¶ø? | | #Agressive | #Angry| #Adamant| #Beautiful| #calm| #cute| #Dazzling | #Efficient| #Fantastic | #Great... http://someurl,bn,"{'retweet_count': 0, 'reply_count': 0, 'like_count': 0, 'quote_count': 0}",#angry,,,
4753784371,2016-06-20T14:08:55.000Z,everyone,744894804002168832,744894804002168832,Facebook,‡¶è‡¶§‡¶ø‡¶Æ ‡¶ï‡¶∞‡ßá ‡¶¶‡ßá‡¶ì‡¶Ø‡¶º‡¶æ‡¶∞ ‡¶Æ‡¶§ ‡¶∞‡¶æ‡¶ó‡•§| #angry sky,bn,"{'retweet_count': 0, 'reply_count': 0, 'like_count': 0, 'quote_count': 0}",#angry,,,
3000581406,2016-04-30T17:01:08.000Z,everyone,726456364243935233,726456364243935233,Twitter Web App,‡¶Æ‡ßá‡¶ú‡¶æ‡¶ú‡ßç ‡¶ñ‡¶æ‡¶∞‡¶æ‡¶™!!! ‡¶è‡¶§ ‡¶è‡¶§ Math ‡¶ï‡¶∞‡¶æ ‡¶Ø‡¶æ‡¶Ø‡¶º!!! #Angry,bn,"{'retweet_count': 0, 'reply_count': 0, 'like_count': 0, 'quote_count': 0}",#angry,,,
3000581406,2016-04-12T06:33:38.000Z,everyone,719775467230732288,719775467230732288,Twitter Web App,‡¶è‡¶§ ‡¶∂‡ßÄ‡¶§ ‡¶Æ‡¶®‡ßç‡¶¶ ‡¶®‡¶æ... ‡¶ñ‡¶æ‡¶≤‡¶ø ‡¶ú‡ßÄ‡¶¨‡¶® ‡¶ù‡¶æ‡¶≤‡¶æ‡¶™‡¶æ‡¶≤‡¶æ...| #Angry,bn,"{'retweet_count': 0, 'reply_count': 0, 'like_count': 2, 'quote_count': 0}",#angry,,,
713644569464705025,2016-03-30T14:28:20.000Z,everyone,715183887727640577,715183887727640577,Facebook,‡¶ï‡ßã‡¶® ‡¶ñ‡¶æ‡¶¨‡¶æ‡¶∞? ‡¶ú‡ßá‡¶®‡ßá ‡¶®‡¶ø‡¶® ‡¶ï‡ßç‡¶≤‡¶ø‡¶ï ‡¶ï‡¶∞‡ßá...| | #Angry #Food #Taste #SangbadPratidin http://someurl,bn,"{'retweet_count': 0, 'reply_count': 0, 'like_count': 0, 'quote_count': 0}",#angry,,,
2410367052,2016-03-12T15:47:15.000Z,everyone,708680763038945280,708680763038945280,Facebook,"‡¶¨‡¶æ‡¶≤‡¶ø‡¶ï‡¶æ ‡¶§‡ßÅ‡¶Æ‡¶ø ‡¶ö‡¶≤‡¶ø‡¶Ø‡¶º‡¶æ ‡¶ó‡ßá‡¶≤‡ßá,| ‡¶§‡ßã‡¶Æ‡¶æ‡¶ï‡ßá ‡¶ß‡¶∞‡¶ø‡¶Ø‡¶º‡¶æ ‡¶∞‡¶æ‡¶ñ‡¶æ‡¶∞ ‡¶∏‡ßá‡¶á ‡¶π‡ßá‡¶°‡¶Æ ‡¶Ü‡¶Æ‡¶æ‡¶∞ ‡¶®‡¶æ‡¶á‡•§| #Angry¬Æ",bn,"{'retweet_count': 0, 'reply_count': 0, 'like_count': 1, 'quote_count': 0}",#angry,,,
2402605819,2016-02-26T04:38:07.000Z,everyone,703076555040362496,703076555040362496,Facebook,"‡¶π‡ßá‡¶π‡ßá‡¶π‡ßá!!!| ,| ‡¶Æ‡¶® ‡¶®‡¶æ ‡¶ö‡¶æ‡¶á‡¶≤‡ßá ‡¶¶‡¶ø‡¶≤‡¶æ‡¶Æ ‡¶®‡¶æ ‡¶Ü‡¶∞ ‡¶ï‡¶æ‡¶â‡¶∞‡ßá ‡¶≤‡¶æ‡¶á‡¶ï :p| ,| ‡¶≤‡¶æ‡¶™‡ßç‡¶™‡ßÅ‡¶â,,,, ‡¶ú‡ßÅ‡¶ï‡¶æ‡¶∞ ‡¶Æ‡¶æ‡¶Æ‡ßç‡¶Æ‡¶æ ;)| | #like #love #haha #wow #sad #angry :p :p :p ‚Äî feeling silly",bn,"{'retweet_count': 0, 'reply_count': 0, 'like_count': 0, 'quote_count': 0}",#angry,,,
819130177,2016-02-21T10:20:37.000Z,everyone,701350805534695424,701350805534695424,Twitter Web Client,‡¶è‡¶á ‡ßß‡ß´ ‡¶ï‡¶æ‡¶ú‡ßá ‡¶Ø‡ßá ‡¶ï‡ßá‡¶â ‡¶ñ‡¶ö‡ßá-‡¶ñ ‡¶π‡¶¨‡ßá‡¶®| http://someurl| #Angry #Attitude #EiSamay http://someurl,bn,"{'retweet_count': 0, 'reply_count': 0, 'like_count': 2, 'quote_count': 0}",#angry,,,
3106609956,2015-11-19T13:45:25.000Z,everyone,667337885192876032,667337885192876032,Twitter Web Client,#Angry #Lifestyle #Women| ‡¶∂‡ßÄ‡¶§‡ßá ‡¶¨‡¶æ‡¶°‡¶º‡ßá ‡¶Æ‡ßá‡¶Ø‡¶º‡ßá‡¶¶‡ßá‡¶∞ ‡¶∞‡¶æ‡¶ó! ‡¶§‡¶•‡ßç‡¶Ø ‡¶∞‡¶ø‡¶∏‡¶æ‡¶∞‡ßç‡¶ö‡ßá| http://someurl http://someurl,bn,"{'retweet_count': 0, 'reply_count': 0, 'like_count': 0, 'quote_count': 0}",#angry,,,
1945979065,2015-07-22T14:28:33.000Z,everyone,623862197693779968,623862197693779968,Oneindia Bengali,(‡¶õ‡¶¨‡¶ø) ‡¶è‡¶á ‡ßß‡ß¶‡¶ü‡¶ø ‡¶ú‡¶ø‡¶®‡¶ø‡¶∏‡ßá ‡¶Ü‡¶ï‡ßç‡¶ï‡ßá‡¶≤ ‡¶ó‡ßÅ‡ßú‡ßÅ‡¶Æ ‡¶π‡ßü ‡¶™‡ßç‡¶∞‡¶§‡ßç‡¶Ø‡ßá‡¶ï ‡¶≠‡¶æ‡¶∞‡¶§‡ßÄ‡ßü‡¶∞  http://someurl #Angry #bengali,bn,"{'retweet_count': 0, 'reply_count': 0, 'like_count': 0, 'quote_count': 0}",#angry,,,
1482468246,2015-06-20T18:40:52.000Z,everyone,612329282640023554,612329282640023554,Twitter for Android,"‡¶Ü‡¶Æ‡¶ø ‡¶Ü‡¶∞ ‡¶ï‡ßã‡¶®‡ßã ‡¶≠‡ßÅ‡¶≤ ‡¶ï‡¶∞‡¶§‡ßá ‡¶ö‡¶æ‡¶á‡¶®‡¶æ, ‡¶§‡¶æ‡¶á ‡¶Ø‡¶æ‡¶∞‡¶æ ‡¶õ‡ßá‡¶≤‡ßá ‡¶π‡ßü‡ßá‡¶á ‡¶Æ‡ßá‡ßü‡ßá‡¶∞ ‡¶õ‡¶¨‡¶ø ‡¶¶‡¶ø‡ßü‡ßá ‡¶∞‡¶æ‡¶ñ‡¶õ‡ßá‡¶® ‡¶§‡¶æ‡¶¶‡ßá‡¶∞‡¶ï‡ßá ‡¶Ü‡¶Æ‡¶ø ‡¶Ü‡¶®‡¶´‡¶≤‡ßã ‡¶ï‡¶∞‡¶¨‡ßã #angry",bn,"{'retweet_count': 0, 'reply_count': 3, 'like_count': 0, 'quote_count': 0}",#angry,,,
244433198,2015-05-27T13:50:36.000Z,everyone,603558926550990848,603558926550990848,Facebook,‡¶Ü‡¶ú ‡¶è‡¶á #‡¶Ö‡¶®‡¶ø‡¶®‡ßç‡¶¶‡ßç‡¶Ø_‡¶ö‡¶æ‡¶ï‡¶Æ‡¶æ_‡¶Ö‡ßü‡¶® ‡¶¨‡ßÅ‡¶ù‡¶≤ ‡¶Ü‡¶∏‡¶≤‡ßá ‡¶è‡¶á ‡¶™‡ßÉ‡¶•‡¶ø‡¶¨‡ßÄ‡¶§‡ßá ‡¶Ü‡¶™‡¶® ‡¶¨‡¶≤‡¶§‡ßá ‡¶ï‡ßá‡¶â ‡¶®‡ßá‡¶á‡•§‡¶•‡¶æ‡¶ï‡¶≤‡ßá‡¶ì ‡¶¶‡¶æ‡¶Æ ‡¶®‡ßá‡¶á‡•§ ‚Äî feeling #Angry #Hot #Mood_Off etc,bn,"{'retweet_count': 0, 'reply_count': 0, 'like_count': 0, 'quote_count': 0}",#angry,,,
1684987068,2015-05-21T09:44:12.000Z,everyone,601089272993550336,601322592243294208,Twitter for Android,"@someuser ‡¶ß‡ßÅ‡¶∞!!! ‡¶¨‡¶ó‡ßÅ‡ßú‡¶æ‡¶∞ ‡¶Æ‡¶§‡ßã ‡¶∏‡¶ø‡¶ü‡¶ø‡¶§‡ßá ‡¶§‡ßã‡¶Æ‡¶æ‡¶¶‡ßá‡¶∞ ‡¶•‡ßç‡¶∞‡¶ø‡¶ú‡¶ø ‡¶®‡¶æ‡¶á, ‡¶è‡¶Æ‡¶®‡¶ø‡¶§‡ßá‡¶á ‡¶∏‡ßç‡¶™‡¶ø‡¶° ‡¶∏‡ßç‡¶™‡¶ø‡¶° ‡¶ï‡¶∞! #Angry",bn,"{'retweet_count': 0, 'reply_count': 0, 'like_count': 1, 'quote_count': 0}",#angry,,228400385,"[{'type': 'replied_to', 'id': '601089272993550336'}]"
312200903,2015-03-24T11:19:52.000Z,everyone,580328172488519681,580328172488519681,Twitter for iPhone,üòÜüòÜüòÜüòÜüòÜüòÜüòÜüòÜ #clashofclanes #game ‡¶ö‡¶≤ ‡¶ö‡¶≤ ‡¶ö‡¶≤ ‡¶â‡¶ß‡¶∞‡ßç ‡¶ó‡¶ó‡¶®‡ßá ‡¶¨‡¶æ‡¶ú‡ßá ‡¶Æ‡¶æ‡¶¶‡¶≤ üòÇüòÇüòÇüòÇüòÇ #angry #team http://someurl,bn,"{'retweet_count': 0, 'reply_count': 0, 'like_count': 0, 'quote_count': 0}",#angry,,,
2534384807,2015-02-16T20:35:33.000Z,everyone,567422050847842304,567422050847842304,Mobile Web (M2),‡¶ô‡¶ï‡¶ó‡ßÉ‡¶®‡¶°‡¶®‡¶ø‡¶π‡¶ï‡¶ô‡¶¨ ‡¶ô‡¶§‡¶Æ‡¶ø‡¶∏‡¶π ‡¶ô‡¶π‡ßÅ‡¶∏‡¶Ø‡¶ï‡¶π‡¶ô ‡¶Ø‡¶π‡¶®‡¶Ø‡¶ï‡¶§‡¶Ø| ‡¶Ø‡ßá‡ßá‡¶¨‡¶ï‡¶ï‡ßÅ ‡¶∏‡ßÅ‡¶∏‡¶∏‡¶Ø‡¶ï‡¶ô‡¶ï| | #angry #hungry,bn,"{'retweet_count': 0, 'reply_count': 0, 'like_count': 0, 'quote_count': 0}",#angry,,,
2911215237,2014-12-14T10:35:46.000Z,everyone,544078287790948354,544078287790948354,Mobile Web (M2),‡¶Ü‡¶Æ‡¶æ‡¶∞ ‡¶è‡¶§‡¶á ‡¶∞‡¶æ‡¶ó ‡¶â‡¶†‡¶õ‡ßá‡•§ ‡¶Æ‡¶®‡¶ü‡¶æ ‡¶ö‡¶æ‡¶á‡¶§‡¶æ‡¶õ‡ßá ‡¶ï‡¶æ‡¶∞‡ßã ‡¶ó‡¶æ‡¶≤ ‡¶™‡¶æ‡¶ö‡¶ø‡ßü‡ßá ‡¶è‡¶ï‡¶ü‡¶ø ‡¶ö‡ßã‡¶™‡¶æ‡¶∞ ‡¶¶‡¶ø‡¶§‡ßá‡•§‡•§‡•§‡•§‡•§ | felling so #angry,bn,"{'retweet_count': 1, 'reply_count': 3, 'like_count': 2, 'quote_count': 0}",#angry,,,
384929562,2014-09-13T17:54:09.000Z,everyone,510848925306454017,510848925306454017,Mobile Web (M2),‡ßß‡ß® ‡¶ü‡¶æ ‡¶•‡ßá‡¶ï‡ßá ‡¶Æ‡¶æ‡¶¶‡ßç‡¶∞‡¶ø‡¶¶ ‡¶°‡¶æ‡¶∞‡ßç‡¶¨‡¶ø ‡¶è‡¶ñ‡¶®‡ßã ‡¶ï‡¶æ‡¶∞‡ßá‡¶®‡ßç‡¶ü ‡¶Ü‡¶π‡ßá ‡¶®‡¶æ‡¶á :@ #angry,bn,"{'retweet_count': 0, 'reply_count': 1, 'like_count': 0, 'quote_count': 0}",#angry,,,
2229848282,2014-09-01T09:27:53.000Z,everyone,506372865621778432,506372865621778432,Facebook,‡¶ö‡¶≤‡¶ö‡ßç‡¶ö‡¶ø‡¶§‡ßç‡¶∞ ‡¶¨‡¶æ‡¶®‡¶æ‡¶®‡ßã‡¶∞ ‡¶®‡¶§‡ßÅ‡¶® ‡¶è ‡¶â‡¶¶‡ßç‡¶Ø‡ßã‡¶ó‡ßá‡¶∞ ‡¶™‡¶æ‡¶∂‡¶æ‡¶™‡¶æ‡¶∂‡¶ø ‡¶è ‡¶ó‡ßá‡¶á‡¶Æ ‡¶®‡¶ø‡¶∞‡ßç‡¶Æ‡¶æ‡¶§‡¶æ ‡¶™‡ßç‡¶∞‡¶§‡¶ø‡¶∑‡ßç‡¶†‡¶æ‡¶®‡¶ü‡¶ø ‡¶¨‡ßç‡¶Ø‡¶¨‡¶∏‡¶æ‡¶§‡ßá‡¶ì ‡¶™‡¶∞‡¶ø‡¶¨‡¶∞‡ßç‡¶§‡¶® ‡¶Ü‡¶®‡¶õ‡ßá‡•§| | #angry #game #movie http://someurl,bn,"{'retweet_count': 0, 'reply_count': 0, 'like_count': 0, 'quote_count': 0}",#angry,,,
1618401734,2014-07-24T07:03:36.000Z,everyone,492163687361155072,492203427058188288,Mobile Web (M2),"@someuser ‡¶≠‡¶æ‡¶á ‡¶Æ‡¶®‡ßá ‡¶π‡ßü ‡¶¨‡¶≤‡¶§‡ßá‡¶õ . , ‡¶Ü‡¶Æ‡¶ø ‡¶è‡¶á ‡¶≠‡¶æ‡¶¨‡ßá ‡¶ñ‡ßá‡¶≤‡¶≤‡ßç‡¶≤‡ßá ‡¶∏‡¶Æ‡¶∏‡ßç‡¶Ø‡¶æ ‡¶ï‡ßÄ . .? -_-| | #ANgry #tiger :)",bn,"{'retweet_count': 0, 'reply_count': 0, 'like_count': 0, 'quote_count': 0}",#angry,,1963913304,"[{'type': 'replied_to', 'id': '492163687361155072'}]"
1006433840,2014-05-11T07:43:43.000Z,everyone,465396822169903104,465396822169903104,Facebook,"‡¶ö‡¶∞‡¶Æ ‡¶Æ‡¶æ‡¶•‡¶æ ‡¶¨‡ßç‡¶Ø‡¶æ‡¶•‡¶æ,‡¶ú‡ßç‡¶¨‡¶∞ ,‡¶∏‡¶∞‡ßç‡¶¶‡¶ø ‡¶è‡¶¨‡¶Ç ‡¶ó‡¶≤‡¶æ ‡¶¨‡ßç‡¶Ø‡¶æ‡¶•‡¶æ ‡¶è‡¶∞ ‡¶ï‡¶æ‡¶∞‡¶®‡ßá ‡¶Ü‡¶Æ‡¶ø ‡¶ï‡¶æ‡¶∞‡ßã ‡¶´‡ßã‡¶® ‡¶ï‡¶≤ ‡¶ß‡¶∞‡¶§‡ßá ‡¶∏‡¶ï‡ßç‡¶∑‡¶Æ ‡¶π‡¶ö‡ßç‡¶õ‡¶ø ‡¶®‡¶æ... | | #sick #irritated #angry ‚Äî feeling sick",bn,"{'retweet_count': 0, 'reply_count': 0, 'like_count': 0, 'quote_count': 0}",#angry,,,
247685567,2013-10-06T06:20:02.000Z,everyone,386737596287561731,386737596287561731,Facebook,‡¶™‡¶´‡¶ñ‡ßà‡¶° ‡¶ö‡¶æ‡¶è‡¶™‡ßß‡¶ö‡¶ï‡¶æ‡¶™‡¶ö‡¶§‡¶ü‡ßá ‡¶ö‡¶æ‡¶ï‡ßá‡¶§‡¶æ‡¶ü‡¶ï‡ßØ‡¶ö‡¶æ‡¶§‡¶ö‡¶ï‡¶æ ‡¶ö‡¶æ‡¶ï‡ßá‡¶ï‡¶ö‡ßç‡¶∞ ‡¶ö‡¶æ‡¶ï‡¶ö‡¶ü‡¶§‡ßá ‡¶ï‡¶æ‡¶§‡¶ö‡¶ï‡¶ü ‡¶ï‡¶æ‡¶ö‡¶§‡¶æ‡¶ü‡¶ï‡ßç‡¶∞‡ßá‡¶ö‡¶æ‡¶§| | #datsHWifeel| #angry,bn,"{'retweet_count': 0, 'reply_count': 0, 'like_count': 0, 'quote_count': 0}",#angry,,,
488275233,2013-06-25T17:20:51.000Z,everyone,349577943653158913,349577943653158913,Twitter Web Client,‡¶¨‡ßÉ‡¶∑‡¶ü‡¶ø ‡¶Ü‡¶∏‡¶æ‡¶∞ ‡¶ï‡¶ø ‡¶Ü‡¶∞ ‡¶ï‡ßã‡¶® ‡¶∏‡¶Æ‡¶á ‡¶™‡¶æ‡¶á‡¶≤ ‡¶®‡¶æ ??? #Angry :Q,bn,"{'retweet_count': 0, 'reply_count': 0, 'like_count': 0, 'quote_count': 0}",#angry,,,
615850116,2013-04-01T14:57:24.000Z,everyone,318738874069307392,318738874069307392,Twitter Web Client,"‡¶ó‡¶¨‡ßá‡¶ü ‡¶Æ‡¶π‡¶ø‡¶≤‡¶æ , ‡¶§‡ßÅ‡¶á ‡¶ï‡¶ø ‡¶§‡ßã‡¶∞ ‡¶Ü‡¶ï‡ßç‡¶ï‡ßá‡¶≤  ‡¶ü‡ßü‡¶≤‡ßá‡¶ü‡ßá ‡¶´‡ßç‡¶≤‡¶æ‡¶∂ ‡¶ï‡¶á‡¶∞‡¶æ ‡¶¶‡¶ø‡¶õ‡¶ø‡¶∏ ?! ‡¶∏‡¶æ‡¶Æ‡¶æ‡¶®‡ßç‡¶Ø ‡¶ú‡¶ø‡¶®‡¶ø‡¶∏ ‡¶ï‡ßç‡¶Ø‡¶æ‡¶® ‡¶§‡¶∞ ‡¶ò‡¶ø‡¶≤‡ßÅ ‡¶§‡ßá ‡¶¢‡ßã‡¶ï‡ßá ‡¶®‡¶æ ! ‡¶≠‡¶æ‡¶≤‡ßç‡¶≤‡¶æ‡¶ó‡ßá ‡¶®‡¶æ ‡¶§‡ßã ‡¶¨‡¶æ‡¶∏‡¶æ ‡¶õ‡¶æ‡ßú ! #angry",bn,"{'retweet_count': 0, 'reply_count': 0, 'like_count': 0, 'quote_count': 0}",#angry,,,
481042381,2013-03-22T11:44:22.000Z,everyone,315066419870060544,315066419870060544,Mobile Web (M2),@someuser ‡¶Ü‡¶Æ‡¶ø ‡¶™‡ßá‡¶ú‡ßá ‡¶ï‡¶Æ‡ßá‡¶®‡ßç‡¶ü ‡¶ï‡¶∞‡¶§‡ßá ‡¶™‡¶æ‡¶∞‡¶õ‡¶ø ‡¶®‡¶æ ‡¶ï‡ßá‡¶®? #Angry,bn,"{'retweet_count': 0, 'reply_count': 0, 'like_count': 0, 'quote_count': 0}",#angry,,1176335252,
51707811,2012-10-25T06:01:18.000Z,everyone,261346680081895424,261346680081895424,Silver Bird,Zbigz ‡¶¶‡¶ø‡ßü‡¶æ ‡¶°‡¶æ‡¶≤‡ßã ‡¶π‡¶á‡¶§‡ßá‡¶õ‡ßá ‡¶®‡¶æ! ‡¶Æ‡ßá‡¶ú‡¶æ‡¶ú ‡¶ñ‡¶æ‡¶∞‡¶æ‡¶™! :S #Angry,bn,"{'retweet_count': 0, 'reply_count': 1, 'like_count': 0, 'quote_count': 0}",#angry,,,
355716252,2012-05-13T16:51:36.000Z,everyone,201716336110477312,201716336110477312,Mobile Web,"‡¶ó‡¶æ‡¶≤‡¶ø ‡¶¶‡ßá‡¶ì‡ßü‡¶æ‡¶∞ ‡¶Æ‡¶§‡ßã ‡¶≠‡¶æ‡¶∑‡¶æ ‡¶ñ‡ßÅ‡¶ú‡ßá ‡¶™‡¶æ‡¶á‡¶§‡ßá‡¶õ‡¶ø ‡¶®‡¶æ! ‡¶â‡¶á‡¶®‡ßç‡¶°‡ßã‡¶∏‡¶ü‡¶æ ‡¶∏‡ßá‡¶ü‡¶æ‡¶™ ‡¶¶‡¶ø‡¶ö‡ßç‡¶õ‡¶ø‡¶≤‡¶æ‡¶Æ‡ßç, ‡¶è‡¶á ‡¶∏‡¶Æ‡ßü‡ßá ‡¶ï‡¶æ‡¶∞‡ßá‡¶®‡ßç‡¶ü ‡¶ü‡¶æ ‡¶®‡¶æ ‡¶ó‡ßá‡¶≤‡ßá‡¶á ‡¶®‡ßü‡ßç!!!! #dammn #angry grrrrr",bn,"{'retweet_count': 0, 'reply_count': 0, 'like_count': 0, 'quote_count': 0}",#angry,,,
