lang,reply_settings,source,public_metrics,created_at,text,conversation_id,id,author_id,search_query,geo,referenced_tweets,in_reply_to_user_id
bn,everyone,Twitter for Android,"{'retweet_count': 0, 'reply_count': 0, 'like_count': 0, 'quote_count': 0}",2016-09-30T00:32:16.000Z,‡¶∂‡ßÅ‡¶≠ ‡¶Æ‡¶π‡¶æ‡¶≤‡¶Ø‡¶º‡¶æ üôè| #DurgaPuja #excited,781652850615214080,781652850615214080,2313344346,#excited,,,
bn,everyone,Mobile Web (M2),"{'retweet_count': 0, 'reply_count': 0, 'like_count': 0, 'quote_count': 0}",2016-08-08T17:50:02.000Z,‡¶è‡¶ï‡¶ü‡¶æ #‡¶ï‡ßÅ‡¶§‡ßç‡¶§‡¶æ ‡¶Ü‡¶∞ #‡¶®‡¶§‡ßÅ‡¶®_‡¶¨‡¶∞ ‡¶è‡¶∞ ‡¶Æ‡¶ß‡ßç‡¶Ø‡ßá ‡¶™‡¶æ‡¶∞‡ßç‡¶•‡¶ï‡ßç‡¶Ø ‡¶ï‡ßÄ??? ‡¶è‡¶ï ‡¶¨‡¶õ‡¶∞ ‡¶™‡¶∞‡¶ì ‡¶Ü‡¶™‡¶®‡¶æ‡¶∞ ‡¶ï‡ßÅ‡¶§‡ßç‡¶§‡¶æ‡¶ü‡¶æ ‡¶Ü‡¶™‡¶®‡¶æ‡¶ï‡ßá ‡¶¶‡ßá‡¶ñ‡ßá #excited ‡¶π‡¶¨‡ßá... #sid,762707454476124160,762707454476124160,3280831580,#excited,,,
bn,everyone,Facebook,"{'retweet_count': 0, 'reply_count': 0, 'like_count': 0, 'quote_count': 0}",2016-04-29T01:52:04.000Z,#mid_break| ‡¶Ö‡¶®‡ßá‡¶ï ‡¶¶‡¶ø‡¶® ‡¶™‡¶∞ ‡¶¨‡¶æ‡¶∏‡¶æ‡¶Ø‡¶º ‡¶Ø‡¶æ‡¶ì‡¶Ø‡¶º‡¶æ  ‡•§  ‡¶∏‡¶æ‡¶•‡ßá  ‡¶§‡ßá‡¶≤‡¶ø‡¶ó‡¶æ‡¶§‡¶ø‡¶∞ ‡¶ó‡¶∞‡¶Æ ‡¶•‡ßá‡¶ï‡ßá ‡¶Æ‡ßÅ‡¶ï‡ßç‡¶§‡¶ø ‡•§Ûæå∞Ûæå∞Ûæå∞| #excited ‚Äî traveling to Bhola District,725865200256057348,725865200256057348,2156582841,#excited,,,
bn,everyone,Facebook,"{'retweet_count': 0, 'reply_count': 0, 'like_count': 0, 'quote_count': 0}",2016-03-23T11:14:41.000Z,"‡¶è‡¶á‡¶¨‡¶æ‡¶∞ ‡¶Ü‡¶Ø‡¶º ‡¶≤‡¶ï‡ßç‡¶∑‡¶ø,| ‡¶∏‡¶¨‡¶ü‡¶ø‡¶∞‡ßá ‡¶≤‡¶Æ‡ßÅ ‡¶≠‡¶æ‡¶ú‡ßá!!  ÛæìµÛæìµÛæìµ| |  #H0lii2k16! ÛæçòÛæçòÛæçò|  #Excited!! Ûæå≤Ûæå≤Ûæå≤Ûæå≤|  #DriNks!! Ûæ¶ÜÛæ¶ÜÛæ¶ÜÛæ¶ÜÛæ¶Ü| k k Asba... http://someurl",712598435287830531,712598435287830531,1933852394,#excited,,,
bn,everyone,Facebook,"{'retweet_count': 0, 'reply_count': 0, 'like_count': 0, 'quote_count': 0}",2016-03-08T02:16:57.000Z,Good Morning everyone ...| | ‡¶ó‡¶§ ‡ß¨-‡ß≠ ‡¶Æ‡¶æ‡¶∏‡ßá‡¶∞ ‡¶Æ‡¶ß‡ßç‡¶Ø‡ßá ‡¶è‡¶á ‡¶™‡ßç‡¶∞‡¶•‡¶Æ ‡¶∏‡¶ï‡¶æ‡¶≤‡ßá ‡¶â‡¶†‡¶≤‡¶æ‡¶Æ ...‡•§| | #excited ...,707027296163536896,707027296163536896,549685887,#excited,,,
bn,everyone,Twitter for iPhone,"{'retweet_count': 0, 'reply_count': 0, 'like_count': 1, 'quote_count': 0}",2016-03-06T10:20:02.000Z,‡¶Ü‡¶ú‡¶ï‡ßá ‡¶∏‡¶æ‡¶°‡¶º‡ßá ‡¶∏‡¶æ‡¶§‡¶ü‡¶æ ‡¶¨‡¶æ‡¶ú‡¶§‡ßá ‡¶è‡¶ï‡¶ü‡ßÅ ‡¶¨‡ßá‡¶∂‡¶ø‡¶á ‡¶¶‡ßá‡¶∞‡¶ø ‡¶π‡¶ö‡ßç‡¶õ‡ßá! üòï| #Excited #AsiaCupT20Final #BANvIND,706424090786050048,706424090786050048,306204728,#excited,{'place_id': '001aff55522d96c9'},,
bn,everyone,Twitter for Android,"{'retweet_count': 0, 'reply_count': 1, 'like_count': 0, 'quote_count': 0}",2016-02-01T06:46:46.000Z,"@someuser ‡¶ï‡ßç‡¶∞‡¶ø‡¶ü‡¶ø‡¶ï‡¶¶‡ßá‡¶∞ ‡¶Æ‡¶§‡ßá, ‡¶¶‡ßÅ‡¶ü‡ßã ‡¶Æ‡ßÅ‡¶≠‡¶ø‡¶∞ ‡¶ï‡¶®‡¶ü‡ßá‡¶®‡ßç‡¶ü ‡¶ñ‡ßÅ‡¶¨‡¶á ‡¶≠‡¶æ‡¶≤‡ßã‡•§| ‡¶¶‡ßÅ‡¶ü‡ßã ‡¶Æ‡ßÅ‡¶≠‡¶ø‡¶§‡ßá‡¶á ‡¶®‡¶æ‡¶Ø‡¶º‡¶ø‡¶ï‡¶æ ‡¶®‡¶§‡ßÅ‡¶® ‡¶Æ‡ßÅ‡¶ñ, ‡¶®‡¶ø‡¶ú‡ßá‡¶∞‡¶ì ‡¶®‡¶§‡ßÅ‡¶® ‡¶≤‡ßÅ‡¶ï, ‡¶è‡¶ï‡¶ü‡¶æ‡¶§‡ßá ‡¶°‡¶æ‡¶¨‡¶≤ ‡¶∞‡ßã‡¶≤‡¶ì!| #Excited",694019504146219008,694049232995528704,1914039967,#excited,,"[{'type': 'replied_to', 'id': '694019504146219008'}]",569781633
bn,everyone,Twitter Web Client,"{'retweet_count': 0, 'reply_count': 2, 'like_count': 1, 'quote_count': 0}",2016-01-02T03:55:00.000Z,‡¶Ü‡¶ú‡¶ï‡ßá ‡¶Ü‡¶Æ‡¶æ‡¶∞ ‡¶¶‡¶∂‡¶Æ ‡¶∂‡ßç‡¶∞‡ßá‡¶£‡ßÄ‡¶∞ ‡¶™‡ßç‡¶∞‡¶•‡¶Æ ‡¶ï‡ßç‡¶≤‡¶æ‡¶∏ !!! - #excited #class10,683134371251916802,683134371251916802,1640747809,#excited,,,
bn,everyone,Twitter for iPhone,"{'retweet_count': 0, 'reply_count': 0, 'like_count': 0, 'quote_count': 0}",2015-10-13T13:35:09.000Z,@someuser üëåüèΩ‡¶è #excited  üòú,653912675425067008,653926954454904832,3254240307,#excited,,"[{'type': 'replied_to', 'id': '653912675425067008'}]",2237145742
bn,everyone,Twitter for Android,"{'retweet_count': 0, 'reply_count': 0, 'like_count': 1, 'quote_count': 0}",2015-08-12T07:24:34.000Z,#feelings| #excited| ‡¶≠‡ßã‡¶ü‡¶æ‡¶∞ ‡¶π‡¶ì‡ßü‡¶æ‡¶∞ ‡¶∏‡¶¨ ‡¶ï‡¶æ‡¶∞‡ßç‡¶Ø‡¶ï‡ßç‡¶∞‡¶Æ ‡¶∂‡ßá‡¶∑‡•§| ‡¶Ö‡¶™‡ßá‡¶ï‡ßç‡¶∑‡¶æ ‡¶∏‡ßç‡¶Æ‡¶æ‡¶∞‡ßç‡¶ü ‡¶Ü‡¶á‡¶°‡¶ø ‡¶ï‡¶æ‡¶∞‡ßç‡¶° ‡¶™‡¶æ‡¶ì‡ßü‡¶æ‡¶∞‡•§,631365644504576000,631365644504576000,2233206899,#excited,{'place_id': '001aff55522d96c9'},,
bn,everyone,Facebook,"{'retweet_count': 0, 'reply_count': 0, 'like_count': 0, 'quote_count': 0}",2015-07-21T09:33:09.000Z,"43 ‡¶§‡¶Æ ‡¶¶‡¶ø‡¶®, leaving  ‡¶∏‡¶ø‡¶≤‡ßá‡¶ü  going to ‡¶¨‡¶æ‡¶∏‡¶æ ‡¶´‡¶ø‡¶≤‡¶ø‡¶Ç #excited ... :) ‚Äî feeling ‡¶¨‡¶æ‡¶®‡ßç‡¶¶‡¶æ ‡¶∞‡¶∏‡¶ø ‡¶ñ‡ßÅ‡¶≤‡¶õ‡ßá ‡¶∞‡ßá....‡¶≠‡¶æ‡¶ó ‡¶ì....",623425470457999360,623425470457999360,216464468,#excited,,,
bn,everyone,Twitter for Android,"{'retweet_count': 0, 'reply_count': 0, 'like_count': 1, 'quote_count': 0}",2015-06-19T07:28:02.000Z,"‡¶è‡¶ï‡¶∏‡¶æ‡¶•‡ßá ‡¶è‡¶§‡¶ú‡¶® ‡¶Ö‡¶∏‡¶æ‡¶ß‡¶æ‡¶∞‡¶® ‡¶Ö‡¶≠‡¶ø‡¶®‡ßá‡¶§‡¶æ‡¶¶‡ßá‡¶∞ ‡¶°‡¶ø‡¶∞‡ßá‡¶ï‡ßç‡¶ü ‡¶ï‡¶∞‡¶æ ‡¶ï‡¶†‡¶ø‡¶®,‡¶â‡¶§‡ßç‡¶§‡ßá‡¶ú‡¶®‡¶æ‡¶∞ ‡¶è‡¶¨‡¶Ç ‡¶∏‡ßå‡¶≠‡¶æ‡¶ó‡ßç‡¶Ø‡ßá‡¶∞!!#‡¶¶‡ßá‡¶π‡¶æ‡¶®‡ßç‡¶§‡¶∞‡ßá‡¶∞ ‡¶≤‡¶ø‡¶° ‡¶ï‡¶æ‡¶∏‡ßç‡¶ü‡¶ø‡¶Ç ‡¶™‡ßç‡¶∞‡¶ï‡¶æ‡¶∂‡¶ø‡¶§ ‡¶π‡¶¨‡ßá ‡¶ï‡¶æ‡¶≤,‡¶∂‡¶®‡¶ø‡¶¨‡¶æ‡¶∞ ‡¶∞‡¶æ‡¶§ ‡ßØ‡¶ü‡¶æ‡ßü‡•§| #excited",611797571732811776,611797571732811776,206194237,#excited,,,
bn,everyone,Facebook,"{'retweet_count': 0, 'reply_count': 0, 'like_count': 0, 'quote_count': 0}",2015-04-22T13:55:52.000Z,‡¶∏‡ßå‡¶Æ‡ßç‡¶Ø ‡¶∏‡¶∞‡¶ï‡¶æ‡¶∞‡ßá‡¶∞ ‡¶¨‡ßç‡¶Ø‡¶æ‡¶ü‡¶ø‡¶Ç ‡¶Æ‡ßÅ‡¶ó‡ßç‡¶ß ‡¶ï‡¶∞‡¶õ‡¶ø‡¶≤‡•§ ‡¶ï‡¶ø‡¶®‡ßç‡¶§‡ßÅ ‡¶π‡¶†‡¶æ‡ßé ‡¶ï‡¶∞‡ßá ‡¶§‡¶æ‡¶ï‡ßá‡¶ì ‡¶§‡¶æ‡¶Æ‡¶ø‡¶Æ‡ßá‡¶∞ ‡¶Æ‡¶§ ‡¶è‡¶ï‡¶ü‡ßÅ ‡¶Æ‡¶æ‡¶•‡¶æ ‡¶ó‡¶∞‡¶Æ ‡¶Æ‡¶®‡ßá ‡¶π‡¶ö‡ßç‡¶õ‡ßá‡•§ | #BANvsPAK| #excited... http://someurl,590876676810235906,590876676810235906,336864405,#excited,,,
bn,everyone,Mobile Web (M2),"{'retweet_count': 0, 'reply_count': 1, 'like_count': 1, 'quote_count': 0}",2015-04-21T07:19:03.000Z,‡¶Ü‡¶ú first time ‡¶®‡¶¶‡ßÄ‡¶§‡ßá ‡¶ó‡ßã‡¶∏‡¶≤ ‡¶ï‡¶∞‡¶§‡ßá ‡¶Ø‡¶æ‡¶¨‡ßã....so #excited,590414428232781824,590414428232781824,2860664325,#excited,,,
bn,everyone,Instagram,"{'retweet_count': 0, 'reply_count': 0, 'like_count': 0, 'quote_count': 0}",2015-04-14T19:34:11.000Z,‡ßß‡¶Æ ‡¶ó‡ßç‡¶∞‡ßÅ‡¶™ ‡¶õ‡¶¨‡¶ø ‡ßß‡ß¶‡ß® ‡¶¨‡ßç‡¶Ø‡¶æ‡¶ö ‡¶è‡¶∞ ‡¶≠‡¶æ‡¶á‡¶¶‡ßá‡¶∞ ‡¶∏‡¶æ‡¶•‡ßá‡•§| feeling #Excited http://someurl,588062714309804033,588062714309804033,768716892,#excited,,,
bn,everyone,Twitter for Android,"{'retweet_count': 0, 'reply_count': 0, 'like_count': 1, 'quote_count': 0}",2015-04-03T19:01:12.000Z,‡¶ï‡¶§‡¶¶‡¶ø‡¶® ‡¶™‡¶∞ ‡¶Æ‡¶æ ‡¶Ü‡¶∞ ‡¶õ‡ßã‡¶ü ‡¶¨‡ßã‡¶®‡ßá‡¶∞ ‡¶¶‡ßá‡¶ñ‡¶æ ‡¶™‡¶æ‡¶¨‡ßã‡•§ ‡¶¶‡ßÄ‡¶∞‡ßç‡¶ò ‡¶™‡¶æ‡¶Å‡¶ö ‡¶Æ‡¶æ‡¶∏ ‡¶™‡¶∞‡•§ #excited,584068147516280833,584068147516280833,125922271,#excited,,,
bn,everyone,Facebook,"{'retweet_count': 0, 'reply_count': 0, 'like_count': 0, 'quote_count': 0}",2015-03-12T05:25:10.000Z,"‡¶Ö‡¶®‡ßá‡¶ï ‡¶¶‡¶ø‡¶® ‡¶™‡¶∞ ‡¶ï‡¶æ‡¶ú‡¶ø‡¶®‡¶ó‡ßÅ‡¶≤‡ßã ‡¶è‡¶ï ‡¶∏‡¶æ‡¶•‡ßá ‡¶•‡¶æ‡¶ï‡¶¨‡ßã :-D #excited ‚Äî traveling to ‡¶Æ‡ßå‡¶ö‡¶æ‡¶ï, ‡¶ö‡¶ø‡¶ü‡¶æ‡¶ó‡¶æ‡¶Ç ‡¶∞‡ßã‡¶°,  ‡¶®‡¶æ‡¶∞‡¶æ‡ßü‡¶£‡¶ó‡¶û‡ßç‡¶ú",575890253455716353,575890253455716353,420311246,#excited,,,
bn,everyone,Twitter Web Client,"{'retweet_count': 0, 'reply_count': 0, 'like_count': 1, 'quote_count': 0}",2015-02-24T11:41:04.000Z,‡¶®‡¶ø‡¶§‡ßç‡¶Ø‡¶¶‡¶ø‡¶® ‡¶è‡¶∞ ‡¶ú‡ßÄ‡¶¨‡¶® ‡¶•‡ßá‡¶ï‡ßá ‡¶ï‡¶ø‡¶õ‡ßÅ‡¶¶‡¶ø‡¶®‡ßá‡¶∞ ‡¶ú‡¶®‡ßç‡¶Ø ‡¶è‡¶ï‡¶ü‡ßÅ ‡¶¶‡ßÅ‡¶∞‡ßá ‡¶ö‡¶≤‡¶≤‡¶æ‡¶Æ...| Off to Purulia for #rockclimbing.. #matha #friends #camp #Bonfire #excited .. ‚ò∫,570186645179273216,570186645179273216,560147842,#excited,,,
bn,everyone,Twitter for Android,"{'retweet_count': 1, 'reply_count': 8, 'like_count': 6, 'quote_count': 0}",2015-02-22T16:04:10.000Z,#‡¶Ü‡¶≤‡¶π‡¶æ‡¶Æ‡¶¶‡ßÅ‡¶≤‡¶ø‡¶≤‡ßç‡¶≤‡¶æ‡¶π‡ßç‚Äå| ‡¶è‡¶á‡¶Æ‡¶æ‡¶§‡ßç‡¶∞ ‡¶¶‡ßá‡¶∂‡ßá ‡¶Ø‡¶æ‡¶ì‡ßü‡¶æ‡¶∞ ‡¶ú‡¶®‡ßç‡¶Ø ‡¶ü‡¶ø‡¶ï‡¶ø‡¶ü ‡¶ï‡¶®‡¶´‡¶æ‡¶∞‡ßç‡¶Æ ‡¶ï‡¶∞‡¶≤‡¶æ‡¶Æ‡•§ | | #‡¶´‡¶ø‡¶≤‡¶ø‡¶Ç‡¶∏:- #Excited üòÉüòä,569528081146208256,569528081146208256,817128324,#excited,,,
bn,everyone,Facebook,"{'retweet_count': 0, 'reply_count': 0, 'like_count': 0, 'quote_count': 0}",2015-02-16T13:16:37.000Z,"‡¶Ü‡¶ó‡ßá ‡¶Æ‡¶æ‡¶®‡ßÅ‡¶∑ ‡¶õ‡¶ø‡¶≤ #excited‡•§ ‡¶¨‡¶∞‡ßç‡¶§‡¶Æ‡¶æ‡¶®‡ßá ‡¶¨‡¶ø‡¶ú‡ßç‡¶û‡¶æ‡¶®‡ßá‡¶∞ ‡¶¨‡¶¶‡ßå‡¶≤‡¶§‡ßá ‡¶Æ‡¶æ‡¶®‡ßÅ‡¶∑ ‡¶∏‡¶æ‡¶∞‡¶æ‡¶¶‡¶ø‡¶®‡¶á #Sexcited‡•§ ‡¶®‡¶æ ‡¶π‡ßü‡ßá ‡¶Ø‡¶æ‡¶¨‡ßá‡¶á‡¶¨‡¶æ ‡¶ï‡ßã‡¶•‡¶æ‡ßü !!  | TV,... http://someurl",567311588412379136,567311588412379136,1310361571,#excited,,,
bn,everyone,Mobile Web (M2),"{'retweet_count': 0, 'reply_count': 1, 'like_count': 0, 'quote_count': 0}",2015-02-01T17:33:20.000Z,‡¶¶‡ßá‡¶ñ‡¶§‡ßá ‡¶¶‡ßá‡¶ñ‡¶§‡ßá ‡¶´‡ßá‡¶¨‡ßç‡¶∞‡ßÅ‡ßü‡¶æ‡¶∞‡ßÄ‡¶ü‡¶æ ‡¶ö‡¶≤‡ßá‡¶á ‡¶è‡¶≤ ! ‡¶Ü‡¶∞ ‡¶§‡ßã ‡¶Æ‡¶æ‡¶§‡ßç‡¶∞ ‡¶ï‡¶ü‡¶æ ‡¶¶‡¶ø‡¶® (^_-) #excited,561940374789169152,561940374789169152,2856280637,#excited,,,
bn,everyone,Mobile Web (M2),"{'retweet_count': 0, 'reply_count': 2, 'like_count': 1, 'quote_count': 0}",2015-01-22T17:56:51.000Z,‡¶Ü‡¶ú‡¶ï‡ßá ‡¶∏‡¶æ‡¶∞‡¶æ‡¶∞‡¶æ‡¶§ ‡¶Ü‡¶°‡ßç‡¶°‡¶æ‡¶¨‡¶æ‡¶ú‡¶ø .... #Excited ‡¶Ö‡¶®‡ßá‡¶ï ‡¶Ö‡¶®‡ßá‡¶ï ‡¶¶‡¶ø‡¶® ‡¶™‡¶∞ ‡¶Ü‡¶Æ‡¶∞‡¶æ 3 Idiots ‡¶Ü‡¶¨‡¶æ‡¶∞‡ßã ‡¶è‡¶ï‡¶∏‡¶æ‡¶•‡ßá :),558322413973151745,558322413973151745,2856280637,#excited,,,
bn,everyone,Instagram,"{'retweet_count': 0, 'reply_count': 0, 'like_count': 0, 'quote_count': 0}",2014-09-20T13:20:34.000Z,‡¶™‡ßÅ‡¶ú‡ßã ‡¶Ü‡¶∏‡¶õ‡ßá ............ üòçüòçüòçüòçüòçüòçüòç#Durga #Pujo#FUN #making #Raw #Excited #Love ‚ù§ #InstaClick http://someurl,513316788939939842,513316788939939842,363768239,#excited,,,
bn,everyone,Mobile Web (M2),"{'retweet_count': 0, 'reply_count': 0, 'like_count': 0, 'quote_count': 0}",2014-08-21T18:22:24.000Z,‡¶∏‡¶ï‡¶æ‡¶≤ ‡ß¨ ‡¶ü‡¶æ‡ßü ‡¶´‡ßÅ‡¶ü‡¶¨‡¶≤ ‡¶Æ‡ßç‡¶Ø‡¶æ‡¶ö ‡¶Ü‡¶õ‡ßá #excited,502521112128151554,502521112128151554,384929562,#excited,,,
bn,everyone,Facebook,"{'retweet_count': 0, 'reply_count': 0, 'like_count': 0, 'quote_count': 0}",2014-07-22T16:26:04.000Z,":) ‡¶Ü‡¶Æ‡¶ø ‡¶Æ‡¶á‡¶∞‡¶æ ‡¶Ø‡¶æ‡¶Æ‡ßÅ ‡•§‡¶Æ‡¶æ ‡¶®‡¶æ‡¶ü‡¶ï ‡¶∂‡ßá‡¶∑| ‡¶π‡ßü‡ßá ‡¶Ø‡¶æ‡¶¨‡ßá ‡ß© ‡¶§‡¶æ‡¶∞‡¶ø‡¶ñ‡ßá ‡•§| ‡¶ï‡¶æ‡¶∞‡ßá ‡¶®‡¶ø‡ßü‡¶æ ‡¶•‡¶æ‡¶ï‡¶Æ‡ßÅ?| ‡¶´‡¶ø‡¶≤‡¶ø‡¶Ç #EXCITED ,BCZ star jalshaR ‡¶¶‡¶ø‡¶®| ‡¶∂‡ßá‡¶∑... http://someurl",491620200945811456,491620200945811456,2155583734,#excited,,,
bn,everyone,Facebook,"{'retweet_count': 0, 'reply_count': 0, 'like_count': 0, 'quote_count': 0}",2014-07-04T20:04:15.000Z,Brazil ‡¶Ü‡¶ú‡¶ï‡ßá ‡¶π‡¶æ‡¶∞‡¶¨‡ßá‡•§ ‡¶Ü‡¶ú‡¶ï ‡¶Ü‡¶Æ‡¶æ‡¶∞ ‡¶≠‡¶¨‡¶ø‡¶∑‡ßç‡¶Ø‡ßé‡¶¨‡¶æ‡¶£‡ßÄ ‡¶†‡¶ø‡¶ï ‡¶π‡¶á‡¶§‡ßá‡¶õ‡ßá‡•§ ‡¶¶‡ßá‡¶ñ‡¶æ ‡¶Ø‡¶æ‡¶ï ‡¶è‡¶á ‡¶Æ‡ßç‡¶Ø‡¶ö‡ßá‡¶∞‡¶ü‡¶æ ‡¶ï‡¶ø ‡¶π‡ßü‡•§ #Excited ‚Äî watching Brazil vs. Colombia,485152127019261952,485152127019261952,1370326436,#excited,,,
bn,everyone,Mobile Web (M2),"{'retweet_count': 0, 'reply_count': 1, 'like_count': 0, 'quote_count': 0}",2014-06-17T05:32:01.000Z,"‡¶´‡¶ø‡¶ô‡ßç‡¶ó‡¶æ‡¶∞‡¶∏‡ßç ‡¶ï‡ßç‡¶∞‡¶∏‡¶°‡ßç #Bangladesh #OrdemEProgresso RT @someuser ‡¶Ü‡¶ú‡¶ï‡ßá ‡¶¨‡¶æ‡¶Ç‡¶≤‡¶æ‡¶¶‡ßá‡¶∂‡ßá‡¶∞‡¶ì ‡¶Æ‡ßç‡¶Ø‡¶æ‡¶ö ‡¶Ü‡¶¨‡¶æ‡¶∞ ‡¶¨‡ßç‡¶∞‡¶æ‡¶ú‡¶ø‡¶≤‡ßá‡¶∞‡¶ì!Hope,Both the teamll win:D #Excited",478772027676172288,478772027676172288,1134981072,#excited,,,
bn,everyone,Twitter Web Client,"{'retweet_count': 0, 'reply_count': 0, 'like_count': 0, 'quote_count': 0}",2014-05-19T19:46:33.000Z,@someuser ‡¶á‡¶°‡ßá‡¶®‡ßá ‡¶Ü‡¶∏‡ßÅ‡¶® ‡¶≤‡ßú‡¶æ‡¶á‡ßü‡ßá ‡¶∏‡¶æ‡¶ï‡ßç‡¶∑‡ßÄ ‡¶•‡¶æ‡¶ï‡ßÅ‡¶® | #Kolkata #Excited #Knights #KLJ,468475122643238912,468477829210857473,559764462,#excited,,"[{'type': 'replied_to', 'id': '468475122643238912'}]",23592970
bn,everyone,Twitter for iPhone,"{'retweet_count': 0, 'reply_count': 2, 'like_count': 0, 'quote_count': 0}",2014-02-10T14:10:12.000Z,‡¶ï‡¶æ‡¶≤ ‡¶ü‡¶ø‡ß®‡ß¶ ‡¶ì‡ßü‡¶æ‡¶∞‡ßç‡¶≤‡ßç‡¶°‡¶ï‡¶æ‡¶™‡ßá‡¶∞ ‡¶ü‡¶ø‡¶ï‡¶ø‡¶ü ‡¶ó‡ßÅ‡¶≤‡¶ø ‡¶∏‡¶Ç‡¶ó‡ßç‡¶∞‡¶π ‡¶ï‡¶∞‡¶æ‡¶∞ ‡¶ö‡ßá‡¶∑‡ßç‡¶ü‡¶æ ‡¶ï‡¶∞‡¶¨‡ßã #Excited,432879174420676608,432879174420676608,79785986,#excited,,,
bn,everyone,TweetDeck,"{'retweet_count': 0, 'reply_count': 0, 'like_count': 0, 'quote_count': 0}",2014-02-06T06:22:55.000Z,#Excited @someuser ‡¶ï‡¶æ‡¶∞ ‡¶Ü‡¶ó‡ßá ‡¶∏‡ßá‡¶û‡ßç‡¶ö‡ßÅ‡¶∞‡¶ø ‡¶π‡¶¨‡ßá ?  #BanvSL,431312028540477440,431312028540477440,149590945,#excited,,,
bn,everyone,Twitter Web Client,"{'retweet_count': 0, 'reply_count': 0, 'like_count': 0, 'quote_count': 0}",2013-12-18T15:22:33.000Z,‡¶Ü‡¶ó‡¶æ‡¶Æ‡ßÄ ‡¶ï‡¶æ‡¶≤ ‡¶∏‡¶ø‡¶∞‡¶æ‡¶ú‡¶ó‡¶û‡ßç‡¶ú ‡¶Ø‡¶æ‡¶ö‡ßç‡¶õ‡¶ø :D #excited,413328439295242241,413328439295242241,383228072,#excited,,,
bn,everyone,Facebook,"{'retweet_count': 0, 'reply_count': 0, 'like_count': 0, 'quote_count': 0}",2013-11-21T07:18:51.000Z,‡¶∂‡¶™‡¶ø‡¶Ç ‡¶è‡¶∞ ‡¶ï‡¶•‡¶æ ‡¶¨‡¶≤‡¶≤‡ßá‡¶á ‡¶Æ‡ßá‡ßü‡ßá‡¶∞‡¶æ #Excited ‡¶π‡ßü ‡¶ï‡ßá‡¶® ‡¶∏‡ßá‡¶ü‡¶æ ‡¶Ü‡¶ú‡¶ì ‡¶¨‡ßÅ‡¶ù‡¶≤‡¶æ‡¶Æ ‡¶®‡¶æ‡•§ ‡¶ï‡¶ø‡¶®‡ßç‡¶§‡ßÅ ‡¶ï‡ßá‡¶â ‡¶Ü‡¶Æ‡¶æ‡¶ï‡ßá ‡¶∂‡¶™‡¶ø‡¶Ç ‡¶∂‡ßá‡¶∑‡ßá ‡¶ï‡¶ø‡¶õ‡ßÅ #gift ‡¶ï‡¶∞‡¶≤‡ßá ‡¶Ü‡¶Æ‡¶ø ‡¶ï‡¶ø‡¶®‡ßç‡¶§‡ßÅ ‡¶è‡¶ï‡¶ü‡ßÅ ‡¶¨‡ßá‡¶∂‡¶ø ‡¶ñ‡ßÅ‡¶∂‡¶ø ‡¶π‡¶á :P,403422239850127360,403422239850127360,1130370307,#excited,,,
bn,everyone,Hotot for Chrome,"{'retweet_count': 0, 'reply_count': 0, 'like_count': 0, 'quote_count': 0}",2013-08-03T08:56:02.000Z,‡¶Ü‡¶ú ‡¶∏‡ßç‡¶ï‡ßÅ‡¶≤ ‡¶´‡ßç‡¶∞‡ßá‡¶®‡ßç‡¶° ‡¶¶‡ßá‡¶∞ ‡¶∏‡¶æ‡¶•‡ßá ‡¶á‡¶´‡¶§‡¶æ‡¶∞ ‡¶™‡¶æ‡¶∞‡ßç‡¶ü‡¶ø :) #excited,363584029838557184,363584029838557184,364216233,#excited,,,
bn,everyone,Twitter Web Client,"{'retweet_count': 0, 'reply_count': 0, 'like_count': 0, 'quote_count': 0}",2013-08-01T06:29:51.000Z,‡¶®‡ßÄ‡¶∞‡¶¨‡¶§‡¶æ‡¶∞ ‡¶¨‡¶æ‡¶ß‡¶Å ‡¶≠‡ßá‡¶ô‡ßç‡¶ó‡ßá ‡¶Ü‡¶ó‡¶æ‡¶Æ‡ßÄ‡¶ï‡¶æ‡¶≤ ‡¶ï‡ßã‡¶≤‡¶æ‡¶π‡¶≤‡ßá ‡¶™‡ßç‡¶∞‡¶¨‡ßá‡¶∂ ‡¶ï‡¶∞‡¶¨‡ßã!! #Excited,362822466046922754,362822466046922754,369469725,#excited,,,
bn,everyone,Facebook,"{'retweet_count': 0, 'reply_count': 0, 'like_count': 0, 'quote_count': 0}",2013-07-27T09:31:36.000Z,"‡¶¶‡¶æ‡¶¨‡¶æ‡¶®‡¶≤ ‡¶¶‡ßá‡¶ñ‡ßá‡¶õ, ‡¶Ü‡¶Æ‡¶æ‡¶∞ ‡¶Ö‡¶≠‡¶ø‡¶Æ‡¶æ‡¶® ‡¶¶‡ßá‡¶ñ‡¶®‡¶ø| | ‡¶Ü‡¶á ‡¶è‡¶Æ ‡¶¶‡¶æ ‡¶¨‡ßá‡¶∏‡ßç‡¶ü..‡¶¨‡¶æ‡¶ï‡¶ø ‡¶∏‡¶¨ ‡¶ó‡¶≤‡¶ø‡¶∞ ‡¶Æ‡ßã‡ßú‡ßá‡¶∞..‡¶ñ‡¶æ‡¶Æ‡ßç‡¶¨‡¶æ‡¶∞ ‡¶™‡¶æ‡¶∂‡ßá..‡¶™‡¶∞‡ßá ‡¶•‡¶æ‡¶ï‡¶æ ‡¶ì‡ßü‡ßá‡¶∏‡ßç‡¶ü  :v| #Excited",361056263934705665,361056263934705665,342077691,#excited,,,
bn,everyone,Mobile Web (M2),"{'retweet_count': 0, 'reply_count': 1, 'like_count': 0, 'quote_count': 0}",2013-07-23T15:33:56.000Z,‡¶≤‡¶æ‡¶á‡¶´ ‡¶è ‡¶´‡¶æ‡¶∏‡ßç‡¶ü ‡¶π‡¶ø‡¶®‡ßç‡¶¶‡ßÅ ‡¶¨‡¶ø‡ßü‡ßá ‡¶¶‡ßá‡¶ñ‡¶¨+‡¶ñ‡¶æ‡¶¨  #excited,359697897492725760,359697897492725760,522867415,#excited,,,
bn,everyone,Mobile Web (M2),"{'retweet_count': 0, 'reply_count': 1, 'like_count': 0, 'quote_count': 0}",2013-06-11T03:09:34.000Z,#Excited ‡¶´‡¶∞ ‡¶®‡¶æ‡¶•‡¶ø‡¶Ç.. ;),344290282231185408,344290282231185408,547804988,#excited,,,
bn,everyone,Twitter Web Client,"{'retweet_count': 0, 'reply_count': 0, 'like_count': 0, 'quote_count': 0}",2013-02-01T03:34:47.000Z,‡¶è‡¶ï‡ßÅ‡¶∂‡ßá ‡¶¨‡¶á ‡¶Æ‡ßá‡¶≤‡¶æ ‡¶Ü‡¶ú‡¶ï‡ßá ‡¶•‡ßá‡¶ï‡ßá #excited ^_^,297186206205227008,297186206205227008,149744596,#excited,,,
