source,conversation_id,author_id,reply_settings,id,text,created_at,public_metrics,lang,search_query,geo,referenced_tweets,in_reply_to_user_id
Twitter Web Client,812314399385886721,65438891,everyone,812314399385886721,"‡¶Ø‡¶¶‡¶ø ‡¶Ü‡¶ï‡¶æ‡¶∂‡ßá‡¶∞ ‡¶ó‡¶æ‡¶Ø‡¶º‡ßá ‡¶ï‡¶æ‡¶® ‡¶®‡¶æ ‡¶™‡¶æ‡¶§‡¶ø, ‡¶§‡ßã‡¶Æ‡¶æ‡¶∞ ‡¶ï‡¶•‡¶æ ‡¶∂‡ßÅ‡¶®‡¶§‡ßá ‡¶™‡¶æ‡¶¨‡ßã‡¶®‡¶æ| ‡¶Ø‡¶¶‡¶ø ‡¶¨‡¶æ‡¶§‡¶æ‡¶∏‡¶ï‡ßá ‡¶Ü‡¶Æ‡¶ø ‡¶õ‡ßÅ‡¶Å‡¶Ø‡¶º‡ßá ‡¶®‡¶æ ‡¶¶‡ßá‡¶ñ‡¶ø, ‡¶§‡ßã‡¶Æ‡¶æ‡¶∞ ‡¶∂‡¶∞‡ßÄ‡¶∞ ‡¶∏‡ßç‡¶™‡¶∞‡ßç‡¶∂ ‡¶™‡¶æ‡¶¨‡ßã‡¶®‡¶æ‡•§| ‡¶§‡ßã‡¶Æ‡¶æ‡¶∞ ‡¶ï‡¶•‡¶æ ‡¶∂‡ßÅ‡¶®‡¶§‡ßá ‡¶™‡¶æ‡¶¨‡ßã‡¶®‡¶æ..#Sad",2016-12-23T15:10:19.000Z,"{'retweet_count': 0, 'reply_count': 0, 'like_count': 0, 'quote_count': 0}",bn,#sad,,,
Facebook,807236842236088320,3519664273,everyone,807236842236088320,‡¶®‡¶æ‡¶∞‡ßÄ ‡¶ú‡¶æ‡¶§‡¶ø ‡¶π‡ßá‡¶°‡¶´‡ßã‡¶®‡ßá‡¶∞ ‡¶Æ‡¶§...| ‡¶Ø‡¶§‡¶á ‡¶≠‡¶æ‡¶ú ‡¶ï‡¶∞‡ßá ‡¶∞‡¶æ‡¶ñ‡¶ø ‡¶®‡¶æ ‡¶ï‡ßá‡¶® ‡¶ó‡¶ø‡¶ü‡ßç‡¶ü‡¶æ ‡¶≤‡¶æ‡¶ó‡¶¨‡ßá‡¶á :( | | #Sad but #True üòí,2016-12-09T14:53:55.000Z,"{'retweet_count': 0, 'reply_count': 0, 'like_count': 0, 'quote_count': 0}",bn,#sad,,,
Twitter for Android,804234713657393152,768559150590754816,everyone,804234713657393152,‡¶Æ‡¶æ‡¶ù‡ßá ‡¶Æ‡¶æ‡¶ù‡ßá ‡¶Æ‡¶®‡ßá‡¶π‡¶Ø‡¶º twitter ‡¶ï‡¶¨‡¶ø‡¶∞ ‡¶Ö‡¶≠‡¶æ‡¶¨ ‡¶®‡¶æ‡¶á but ‡¶ï‡¶¨‡¶ø‡¶§‡¶æ ‡¶™‡¶°‡¶º‡¶æ‡¶∞ ‡¶≤‡ßã‡¶ï‡ßá‡¶∞ ‡¶¨‡¶°‡¶º‡¶á ‡¶Ö‡¶≠‡¶æ‡¶¨ #sad,2016-12-01T08:04:32.000Z,"{'retweet_count': 0, 'reply_count': 0, 'like_count': 0, 'quote_count': 0}",bn,#sad,,,
Facebook,804197096316370944,2951826030,everyone,804197096316370944,"‡¶Æ‡ßÅ‡¶≤‡¶§ ‡¶Ü‡¶¨‡¶æ‡¶≤ ‡¶§‡¶æ‡¶∞‡¶æ‡¶á ‡¶Ø‡¶æ‡¶∞‡¶æ #sad ‡¶™‡ßã‡¶∏‡ßç‡¶ü ‡¶è‡¶ì #Like ‡¶¶‡ßá‡¶Ø‡¶º,,,,!!!",2016-12-01T05:35:03.000Z,"{'retweet_count': 0, 'reply_count': 0, 'like_count': 0, 'quote_count': 0}",bn,#sad,,,
Twitter Web Client,799161857017643008,739053070932287488,everyone,799161857017643008,#SAD NEWS@someuser ‡ß∞‡¶æ‡¶ú‡ßç‡¶Ø‡¶™‡¶æ‡¶≤ ‡¶è‡¶õ ‡¶ï‡ßá ‡¶∏‡¶ø‡¶®‡¶π‡¶æ ‡¶Ü‡ß∞‡ßÅ ‡¶®‡¶æ‡¶á| ‡¶Ö‡¶∏‡¶Æ‡ß∞ ‡ß∞‡¶æ‡¶ú‡ßç‡¶Ø‡¶™‡¶æ‡¶≤ ‡¶Ü‡¶õ‡¶ø‡¶≤ ‡¶è‡¶õ ‡¶ï‡ßá ‡¶∏‡¶ø‡¶®‡¶π‡¶æ | ‡¶¶‡¶ø‡¶≤‡ßç‡¶≤‡ßÄ‡¶§ ‡¶¶‡ßá‡¶π‡¶æ‡ß±‡¶∏‡¶æ‡¶® ‡¶™‡ßç‡ß∞‡¶æ‡¶ï‡ßç‡¶§‡¶® ‡ß∞‡¶æ‡¶ú‡ßç‡¶Ø‡¶™‡¶æ‡¶≤‡¶ú‡¶®‡ß∞,2016-11-17T08:06:49.000Z,"{'retweet_count': 0, 'reply_count': 0, 'like_count': 0, 'quote_count': 0}",bn,#sad,,,
Twitter for Android,798129144772997120,3282275006,everyone,798129144772997120,‡¶®‡¶æ‡¶´‡ßÄ‡¶∏-‡¶Æ‡¶æ‡¶≤‡¶æ‡¶®‡ßá‡¶∞ ‡¶§‡¶æ‡¶£‡ßç‡¶°‡¶¨‡ßá ‡¶¨‡¶∞‡¶ø‡¶∂‡¶æ‡¶≤‡ßá‡¶∞ ‡¶∏‡¶π‡¶ú ‡¶ú‡¶Ø‡¶º!!!! #sad Chittagong,2016-11-14T11:43:11.000Z,"{'retweet_count': 0, 'reply_count': 0, 'like_count': 2, 'quote_count': 0}",bn,#sad,,,
Twitter for Windows,797660603917602816,2429928446,everyone,797660603917602816,"‡¶¨‡ßç‡¶Ø‡¶æ‡¶ô‡ßç‡¶ï‡ßá‡¶∞ ‡¶≤‡¶æ‡¶á‡¶®‡ßá ‡¶π‡¶æ‡¶∞‡ßç‡¶ü ‡¶Ö‡ßç‡¶Ø‡¶æ‡¶ü‡¶æ‡¶ï, ‡¶π‡¶æ‡¶∏‡¶™‡¶æ‡¶§‡¶æ‡¶≤‡ßá ‡¶Æ‡ßÉ‡¶§‡ßç‡¶Ø‡ßÅ ‡¶ï‡ßÉ‡¶∑‡¶ï‡ßá‡¶∞ http://someurlWhos responsible here @someuser ? Nobody I guess #sad.",2016-11-13T04:41:22.000Z,"{'retweet_count': 0, 'reply_count': 0, 'like_count': 0, 'quote_count': 0}",bn,#sad,,,
Instagram,785839114075664384,2463853416,everyone,785839114075664384,‡¶∂‡ßÅ‡¶≠ ‡¶¨‡¶ø‡¶ú‡¶Ø‡¶º‡¶æ‡¶∞ ‡¶™‡ßç‡¶∞‡ßÄ‡¶§‡¶ø ‡¶∂‡ßÅ‡¶≠‡ßá‡¶ö‡ßç‡¶õ‡¶æ ‡¶ì ‡¶Ö‡¶≠‡¶ø‡¶®‡¶®‡ßç‡¶¶‡¶®...| #pujo #bijoya #lastday #dugga #festive #sad http://someurl,2016-10-11T13:46:59.000Z,"{'retweet_count': 0, 'reply_count': 0, 'like_count': 0, 'quote_count': 0}",bn,#sad,,,
Mobile Web (M2),776621749731491840,2756175334,everyone,776621749731491840,‡¶è‡¶á‡¶≠‡¶æ‡¶¨‡ßá ‡¶ñ‡ßá‡¶≤‡¶æ‡¶ü‡¶æ ‡¶®‡¶∑‡ßç‡¶ü ‡¶π‡¶¨‡ßá ‡¶ö‡¶ø‡¶®‡ßç‡¶§‡¶æ‡¶ì ‡¶ï‡¶∞‡¶ø‡¶®‡¶æ‡¶á‡•§‡•§ #sad,2016-09-16T03:20:28.000Z,"{'retweet_count': 0, 'reply_count': 1, 'like_count': 1, 'quote_count': 0}",bn,#sad,,,
Twitter for Android,770795275120062464,715847387584073728,everyone,770795275120062464,"‡¶Ü‡¶®‡¶®‡ßç‡¶¶ ‡¶≠‡¶æ‡¶ó‡¶ï‡¶∞‡¶≤‡ßá ‡¶ï‡¶Æ‡ßá ‡¶®‡¶æ,| ‡¶¨‡¶∞‡¶Ç ‡¶¶‡ßÅ‡¶É‡¶ñ ‡¶≠‡¶æ‡¶ó ‡¶ï‡¶∞‡¶≤‡ßá ‡¶ï‡¶Æ‡ßá ‡¶Ø‡¶æ‡¶Ø‡¶º‡•§| ‡¶ï‡¶ø‡¶õ‡ßÅ ‡¶Æ‡¶æ‡¶®‡ßÅ‡¶∑ ‡¶®‡¶ø‡¶∞‡¶®‡ßç‡¶§‡¶∞ ‡¶¨‡ßç‡¶Ø‡¶æ‡¶•‡¶æ ‡¶¶‡¶ø‡¶Ø‡¶º‡ßá ‡¶•‡¶æ‡¶ï‡ßá,|  ‡¶®‡¶ø‡¶∞‡¶¨‡ßá ‡¶π‡ßÉ‡¶¶‡¶Ø‡¶º‡ßá‡¶∞ ‡¶â‡ßé‡¶ï‡ßÉ‡¶∑‡ßç‡¶ü ‡¶ú‡¶æ‡¶Ø‡¶º‡¶ó‡¶æ‡¶Ø‡¶º‡•§| | filling #Sad",2016-08-31T01:28:08.000Z,"{'retweet_count': 0, 'reply_count': 4, 'like_count': 41, 'quote_count': 0}",bn,#sad,,,
Twitter for Android,766721577740279808,2790034738,everyone,766721577740279808,"‡¶Ü‡¶Æ‡¶ø ‡¶¨‡ßÉ‡¶∑‡ßç‡¶ü‡¶ø ‡¶Æ‡ßá‡¶ñ‡ßá‡¶õ‡¶ø,| ‡¶Ü‡¶Æ‡¶ø ‡¶≠‡¶ø‡¶ú‡ßá ‡¶ó‡ßá‡¶õ‡¶ø ‡¶Ö‡¶¨‡¶ø‡¶∞‡¶≤ | ‡¶Ü‡¶Æ‡¶æ‡¶∞ ‡¶¶‡ßÅ‡¶É‡¶ñ ‡¶ó‡ßÅ‡¶≤‡ßã ‡¶ï‡¶æ‡¶ó‡¶ú‡ßá‡¶∞ ‡¶®‡ßå‡¶ï‡¶æ,|  ‡¶ï‡ßá‡¶â ‡¶¶‡ßá‡¶ñ‡ßá‡¶®‡¶ø ‡¶ö‡ßã‡¶ñ‡ßá‡¶∞ ‡¶ú‡¶≤ üò¢ (m@someuser #kobita #sad",2016-08-19T19:40:43.000Z,"{'retweet_count': 0, 'reply_count': 0, 'like_count': 0, 'quote_count': 0}",bn,#sad,,,
Twitter for Android,764769181979975680,715847387584073728,everyone,764769181979975680,"‡¶®‡¶ø‡¶∑‡ßç‡¶†‡ßÅ‡¶∞ ‡¶™‡ßÉ‡¶•‡¶ø‡¶¨‡ßÄ‡¶∞ ‡¶®‡¶ø‡¶∑‡ßç‡¶†‡ßÅ‡¶∞ ‡¶ß‡¶æ‡¶∞‡¶æ,| ‡¶∏‡¶Æ‡¶æ‡¶ú‡¶ü‡¶æ ‡¶Ü‡¶ú ‡¶Æ‡¶æ‡¶®‡¶¨‡¶§‡¶æ‡¶∞ ‡¶Ö‡¶¨‡¶ï‡ßç‡¶∑‡¶Ø‡¶º‡ßá ‡¶≠‡¶∞‡¶æ‡•§| ‡¶Æ‡¶æ‡¶®‡ßÅ‡¶∑‡ßá‡¶∞ ‡¶Æ‡¶® ‡¶ï‡ßá‡¶® ‡¶è‡¶§‡ßã ‡¶¨‡¶ø‡¶∑‡¶æ‡¶ï‡ßç‡¶§?| ‡¶∏‡¶Æ‡¶æ‡¶ú‡ßá‡¶∞ ‡¶®‡¶ø‡¶∑‡ßç‡¶†‡ßÅ‡¶∞‡¶§‡¶æ‡¶Ø‡¶º ‡¶Ü‡¶Æ‡¶ø ‡¶Æ‡¶∞‡ßç‡¶Æ‡¶æ‡¶π‡¶§‡•§| | feeling #Sad",2016-08-14T10:22:36.000Z,"{'retweet_count': 3, 'reply_count': 5, 'like_count': 57, 'quote_count': 0}",bn,#sad,,,
Twitter Web Client,764372365157380096,164176032,everyone,764372365157380096,"‡¶π‡ßÉ‡¶¶‡¶ø ‡¶≠‡ßá‡¶∏‡ßá ‡¶Ø‡¶æ‡¶Ø‡¶º ‡¶Ö‡¶≤‡¶ï‡¶æ‡¶®‡¶®‡ßç‡¶¶‡¶æ ‡¶ú‡¶≤‡ßá| ‡¶Ö‡¶§‡¶≤, ‡¶§‡ßã‡¶Æ‡¶æ‡¶∞ ‡¶∏‡¶æ‡¶ï‡ßç‡¶∑‡¶æ‡¶§ ‡¶™‡ßá‡¶Ø‡¶º‡ßá ‡¶ö‡¶ø‡¶®‡¶§‡ßá ‡¶™‡¶æ‡¶∞‡¶ø‡¶®‡¶ø ‡¶¨‡¶≤‡ßá | ‡¶π‡ßÉ‡¶¶‡¶ø ‡¶≠‡ßá‡¶∏‡ßá ‡¶ó‡ßá‡¶≤ ‡¶Ö‡¶≤‡¶ï‡¶æ‡¶®‡¶®‡ßç‡¶¶‡¶æ ‡¶ú‡¶≤‡ßá| ‡¶ï‡¶∞‡ßã ‡¶Ü‡¶®‡¶®‡ßç‡¶¶ ‡¶Ü‡¶Ø‡¶º‡ßã‡¶ú‡¶® ‡¶ï‡¶∞‡ßá ‡¶™‡¶°‡¶º‡ßã | #luv #sad",2016-08-13T08:05:47.000Z,"{'retweet_count': 0, 'reply_count': 0, 'like_count': 0, 'quote_count': 0}",bn,#sad,,,
Instagram,759329498026221568,244932681,everyone,759329498026221568,‡¶´‡¶ø‡¶≤‡¶ø‡¶Ç - ‡¶Æ‡¶® ‡¶ñ‡¶æ‡¶∞‡¶æ‡¶™ ‡•§| #zishaoun | #selfie| #photo| #insta| #bd| #sad| #fb http://someurl,2016-07-30T10:07:14.000Z,"{'retweet_count': 0, 'reply_count': 0, 'like_count': 0, 'quote_count': 0}",bn,#sad,,,
Twitter Web Client,757976743072309248,3145354891,everyone,757976743072309248,‡¶§‡ßÅ‡¶Æ‡¶ø ‡¶Ø‡¶¶‡¶ø ‡¶Ü‡¶Æ‡¶æ‡¶Ø‡¶º ‡¶è‡¶ï‡¶¨‡¶æ‡¶∞ ‡¶Ü‡¶Æ‡¶æ‡¶Ø‡¶º ‡¶¨‡ßÅ‡¶ù‡¶§‡ßá!| ‡¶è‡¶§ ‡¶¶‡ßÅ‡¶É‡¶ñ ‡¶Ü‡¶Æ‡¶ø ‡¶∞‡¶æ‡¶ñ‡¶¨‡ßã ‡¶ï‡ßã‡¶•‡¶æ‡¶Ø‡¶º?| #SAd,2016-07-26T16:31:52.000Z,"{'retweet_count': 0, 'reply_count': 2, 'like_count': 2, 'quote_count': 1}",bn,#sad,{'place_id': '9f4e63426a3f3da2'},,
Facebook,755907426046578688,2253849156,everyone,755907426046578688,‡¶∞‡¶ø‡¶≤‡ßá‡¶∂‡¶® ‡¶ï‡¶ø ‡¶§‡¶ñ‡¶® ‡¶¨‡ßÅ‡¶ù‡¶æ ‡¶Ø‡¶æ‡¶Ø‡¶º | ‡¶Ø‡¶ñ‡¶® ‡¶∏‡ßá‡¶á ‡¶Æ‡¶æ‡¶®‡ßÅ‡¶∑‡ßá‡¶ï ‡¶∏‡¶æ‡¶•‡ßá ‡¶ï‡¶•‡¶æ ‡¶π‡¶Ø‡¶º ‡¶®‡¶æ ‡•§| | #SaD,2016-07-20T23:29:09.000Z,"{'retweet_count': 0, 'reply_count': 0, 'like_count': 0, 'quote_count': 0}",bn,#sad,,,
Facebook,755673751140835328,2253849156,everyone,755673751140835328,"‡¶Ø‡¶¶‡¶ø ‡¶ï‡ßã‡¶®‡ßã ‡¶Æ‡ßá‡¶Ø‡¶º‡ßá ‡¶¨‡¶≤‡ßá , ‡¶§‡ßÅ‡¶Æ‡¶ø ‡¶Ü‡¶Æ‡¶æ‡¶∞ ‡¶•‡ßá‡¶ï‡ßá ‡¶≠‡¶æ‡¶≤‡ßã ‡¶Æ‡ßá‡¶Ø‡¶º‡ßá ‡¶°‡¶ø‡¶∏‡¶æ‡¶∞‡ßç‡¶¨ ‡¶ï‡¶∞‡ßã | ‡¶§‡¶æ‡¶π‡¶≤‡ßá ‡¶¨‡ßÅ‡¶ù‡¶¨‡ßá‡¶® ‡¶Ü‡¶™‡¶®‡¶æ‡¶∞ ‡¶¶‡¶ø‡¶® ‡¶∂‡ßá‡¶∑,‡¶∏‡ßá ‡¶Ü‡¶™‡¶®‡¶æ‡¶∞ ‡¶•‡ßá‡¶ï‡ßá ‡¶≠‡¶æ‡¶≤‡ßã ‡¶è‡¶ï‡¶ú‡¶® ‡¶™‡ßá‡¶Ø‡¶º‡ßá ‡¶ó‡ßá‡¶õ‡ßá!! | #sad",2016-07-20T08:00:36.000Z,"{'retweet_count': 0, 'reply_count': 0, 'like_count': 0, 'quote_count': 1}",bn,#sad,,,
Twitter Web Client,754030819031658497,3033259416,everyone,754030819031658497,‡¶∏‡ßÅ‡¶ñ ‡¶Ü‡¶∞ ‡¶¶‡ßÅ‡¶É‡¶ñ ‡¶¶‡ßÅ‡¶ü‡¶ø‡¶ï‡ßá ‡¶è‡¶ï ‡¶™‡¶æ‡¶≤‡ßç‡¶≤‡¶æ‡¶Ø‡¶º ‡¶Æ‡¶æ‡¶™‡¶≤‡ßá; ‡¶¶‡ßÅ‡¶É‡¶ñ‡ßá‡¶∞ ‡¶™‡¶æ‡¶≤‡ßç‡¶≤‡¶æ‡¶ü‡¶æ ‡¶Ö‡¶®‡ßá‡¶ï ‡¶≠‡¶æ‡¶∞‡ßÄ ‡¶π‡¶¨‡ßá| ‡¶∏‡ßÅ‡¶ñ ‡¶∏‡¶π‡ßç‡¶Ø ‡¶ï‡¶∞‡¶æ ‡¶∏‡¶π‡¶ú ‡¶ï‡¶ø‡¶®‡ßç‡¶§‡ßÅ ‡¶¶‡ßÅ‡¶É‡¶ñ ‡¶∏‡¶π‡ßç‡¶Ø ‡¶ï‡¶∞‡¶æ ‡¶Ö‡¶®‡ßá‡¶ï ‡¶ï‡¶ü‡¶ø‡¶® ;| #Happy #Sad,2016-07-15T19:12:11.000Z,"{'retweet_count': 0, 'reply_count': 0, 'like_count': 2, 'quote_count': 0}",bn,#sad,,,
Twitter Web Client,754009080448950272,594676291,everyone,754009080448950272,#salman #contro #sad ‡¶¨‡¶ï‡ßç‡¶§‡¶¨‡ßç‡¶Ø ‚Äò‡¶¨‡¶ø‡¶ï‡ßÉ‡¶§‚Äô ‡¶π‡¶ì‡¶Ø‡¶º‡¶æ‡¶Ø‡¶º ‡¶¨‡ßç‡¶Ø‡¶•‡¶ø‡¶§ ‡¶∏‡¶≤‡¶Æ‡¶® http://someurl http://someurl,2016-07-15T17:45:48.000Z,"{'retweet_count': 2, 'reply_count': 0, 'like_count': 4, 'quote_count': 0}",bn,#sad,,,
Facebook,753304838931222528,4243844182,everyone,753304838931222528,‡¶∞‡¶æ‡¶§‡ßá‡¶∞ ‡¶®‡¶ø‡¶∞‡¶¨‡¶§‡¶æ ‡¶ï‡¶∑‡ßç‡¶ü‡¶∏‡¶ø‡¶ï‡ßç‡¶§ ‡¶π‡ßÉ‡¶¶‡¶Ø‡¶º‡ßá ‡¶∏‡ßÅ‡¶á‡¶Ø‡¶º‡ßá‡¶∞ ‡¶Æ‡¶§‡ßã ‡¶¨‡¶ø‡¶ß‡ßá‡•§| ‡¶Ø‡¶æ‡¶∞ ‡¶®‡ßç‡¶Ø‡¶æ‡¶Ø‡¶º ‡¶π‡ßÉ‡¶¶‡¶Ø‡¶º‡ßá ‡¶π‡¶Ø‡¶º ‡¶∞‡¶ï‡ßç‡¶§‡¶ï‡ßç‡¶∑‡¶∞‡¶£ ‡¶Ü‡¶∞ ‡¶§‡¶æ‡¶∞ ‡¶¨‡¶π‡¶ø‡¶É‡¶™‡ßç‡¶∞‡¶ï‡¶æ‡¶∂ ‡¶π‡¶≤‡ßã ‡¶ö‡ßã‡¶ñ‡ßá‡¶∞ ‡¶ú‡¶≤‡•§‡•§‡•§| | #Sad! :( :( :-( :-(,2016-07-13T19:07:23.000Z,"{'retweet_count': 0, 'reply_count': 0, 'like_count': 0, 'quote_count': 0}",bn,#sad,,,
Twitter for Android,751638356388253698,744017414531194880,everyone,751638356388253698,"@someuser| ‡¶ñ‡ßá‡¶≤‡¶æ ‡¶ß‡ßÅ‡¶≤‡¶æ ‡¶Ü‡¶∞ ‡¶™‡¶∞‡¶æ‡¶∂‡ßÅ‡¶®‡¶æ,| ‡¶ï‡¶æ‡¶Æ‡¶æ‡¶≤ ‡¶õ‡¶ø‡¶≤ ‡¶¶‡ßÅ‡¶∞‡¶®‡ßç‡¶§,| ‡¶§‡¶æ‡¶á‡¶§‡ßã ‡¶¨‡¶®‡ßç‡¶ß‡ßÅ‡¶∞| @someuser| #girl| #‡¶≤‡ßã‡¶π‡¶æ‡¶®| #sad http://someurl",2016-07-09T04:45:23.000Z,"{'retweet_count': 0, 'reply_count': 0, 'like_count': 0, 'quote_count': 0}",bn,#sad,,,
Twitter for Android,750449029352333313,744017414531194880,everyone,750449029352333313,"‡¶Æ‡¶®‡ßá ‡¶•‡¶æ‡¶ï‡¶¨‡ßá,,,‡¶Æ‡ßÅ‡¶ñ‡ßã‡¶∂ ‡¶â‡¶®‡ßç‡¶Æ‡ßã‡¶ö‡¶® ‡¶è‡¶∞ ‡¶Ü‡¶Æ‡¶æ‡¶¶‡ßá‡¶∞ ‡¶è‡¶á ‡¶™‡ßç‡¶∞‡¶§‡ßç‡¶§‡¶Ø‡¶º,,,‡¶≠‡¶æ‡¶≤‡ßã ‡¶Ü‡¶∞ ‡¶Æ‡¶®‡ßç‡¶¶ ‡¶®‡¶ø‡¶Ø‡¶º‡ßá ‡¶õ‡¶ø‡¶≤‡¶æ‡¶Æ,,‡ß≠‡ßß ‡¶è‡¶∞ | ‡¶∏‡¶ï‡¶≤ ‡¶¨‡¶ø‡¶∞‡¶æ‡¶Ç‡¶ó‡¶®‡¶æ‡¶ï‡ßá ‡¶π‡¶æ‡¶ú‡¶æ‡¶∞ ‡¶õ‡¶æ‡¶≤‡¶æ‡¶Æ,,| #sad| #sr| #h&t",2016-07-05T21:59:25.000Z,"{'retweet_count': 0, 'reply_count': 1, 'like_count': 0, 'quote_count': 0}",bn,#sad,,,
Twitter for Android,746437909520080898,484104532,everyone,746437909520080898,‡¶§‡ßÅ‡¶Æ‡¶ø ‡¶ö‡¶≤‡ßá ‡¶ó‡ßá‡¶≤‡ßá| ‡¶´‡ßá‡¶≤‡ßá ‡¶ó‡ßá‡¶≤‡ßá ‡¶ú‡¶≤| ‡¶¨‡ßÅ‡¶ï ‡¶ö‡¶ø‡¶∞‡ßá ‡¶Ü‡¶ú ‡¶∂‡¶¨‡ßç‡¶¶ ‡¶¨‡ßá‡¶°‡¶º‡ßã‡¶Ø‡¶º| ‡¶∞‡¶æ‡¶§‡¶ó‡ßÅ‡¶≤‡ßã ‡¶®‡¶ø‡¶∑‡ßç‡¶´‡¶≤‡•§| | #sad| #broken| #heartbroken,2016-06-24T20:20:40.000Z,"{'retweet_count': 0, 'reply_count': 0, 'like_count': 1, 'quote_count': 0}",bn,#sad,,,
Twitter for Android,745413959159685122,744017414531194880,everyone,745413959159685122,"‡¶Ö‡¶¨‡¶∂‡ßá‡¶∂‡ßá ‡¶§‡¶æ‡¶ï‡ßá ‡¶Ü‡¶∏‡¶§‡ßá ‡¶π‡¶≤,,‡¶¨‡¶¶‡ßç‡¶ß ‡¶è‡¶ï ‡¶™‡¶∞‡¶ø‡¶¨‡ßá‡¶∂‡ßá,, ‡¶¨‡¶®‡ßç‡¶ß ‡¶π‡¶§‡ßá ‡¶ö‡¶≤‡¶õ‡ßá ‡¶§‡¶æ‡¶∞ ‡¶∏‡¶ï‡¶≤ ‡¶∏‡¶æ‡¶¨‡¶≤‡¶ø‡¶≤‡¶§‡¶æ,,‡¶è‡¶Æ‡¶®‡¶ø ‡¶ï‡¶∞‡ßá ‡¶π‡¶æ‡¶∞‡¶ø‡¶Ø‡¶º‡ßá ‡¶Ø‡¶æ‡¶¨‡ßá ‡¶§‡¶ø‡¶®‡¶ø #sad #imran #woman",2016-06-22T00:31:51.000Z,"{'retweet_count': 0, 'reply_count': 0, 'like_count': 0, 'quote_count': 0}",bn,#sad,,,
Twitter Web Client,742345877059076101,594676291,everyone,742345877059076101,"#Rahul #SAD ‡¶Ö‡¶ï‡¶æ‡¶≤‡¶ø ‡¶¶‡¶≤‡¶ï‡ßá ‡¶§‡ßã‡¶™, ‡¶™‡¶û‡ßç‡¶ú‡¶æ‡¶¨‡¶ï‡ßá ‡¶Æ‡¶æ‡¶¶‡¶ï‡¶Æ‡ßÅ‡¶ï‡ßç‡¶§ ‡¶ï‡¶∞‡¶§‡ßá ‡¶Ü‡¶á‡¶® ‡¶Ü‡¶®‡¶¨‡ßá ‡¶ï‡¶Ç‡¶ó‡ßç‡¶∞‡ßá‡¶∏, ‡¶™‡ßç‡¶∞‡¶§‡¶ø‡¶∂‡ßç‡¶∞‡ßÅ‡¶§‡¶ø ‡¶∞‡¶æ‡¶π‡ßÅ‡¶≤‡ßá‡¶∞ http://someurl http://someurl",2016-06-13T13:20:23.000Z,"{'retweet_count': 0, 'reply_count': 0, 'like_count': 3, 'quote_count': 0}",bn,#sad,,,
Mobile Web (M2),740233517347508224,4661079564,everyone,740233517347508224,‡¶Ü‡¶¨‡¶æ‡¶∞ ‡¶¨‡ßã‡¶∞‡¶ø‡¶Ç ‡¶≤‡¶æ‡¶á‡¶´‡ßá  ‡¶¨‡ßç‡¶Ø‡¶æ‡¶ï ‡¶Ø‡¶æ‡¶á‡¶§‡ßá ‡¶π‡¶¨‡ßá :-(| #sad :-(,2016-06-07T17:26:38.000Z,"{'retweet_count': 0, 'reply_count': 0, 'like_count': 0, 'quote_count': 0}",bn,#sad,,,
Twitter for iPhone,718730536118661120,1181171480,everyone,718730536118661120,‡¶è‡¶§‡¶¶‡¶ø‡¶® ‡¶¶‡ßá‡¶ñ‡¶≤‡¶æ‡¶Æ ‡¶≠‡¶æ‡¶∞‡¶§‡¶ï‡ßá ‡¶ó‡¶æ‡¶≤‡¶ø ‡¶¶‡¶ø‡¶§‡ßá ‡¶¶‡¶ø‡¶§‡ßá ‡¶Æ‡ßÅ‡¶ñ‡ßá ‡¶´‡ßá‡¶®‡¶æ ‡¶â‡¶†‡ßá ‡¶ó‡ßá‡¶õ‡ßá ‡•§| | ‡¶Ü‡¶¨‡¶æ‡¶∞ ‡¶¶‡ßá‡¶ñ‡¶ø #IPL2016 ‡¶®‡¶ø‡¶Ø‡¶º‡ßá ‡¶ñ‡ßÅ‡¶¨ ‡¶Æ‡¶æ‡¶§‡¶æ‡¶Æ‡¶æ‡¶§‡¶ø ‡•§ ‡¶è‡¶Æ‡¶®‡¶ï‡¶ø ‡¶™‡ßç‡¶∞‡ßã‡¶´‡¶æ‡¶á‡¶≤ ‡¶™‡¶ø‡¶ï ‡¶ö‡ßá‡¶®‡ßç‡¶ú ‡¶ï‡¶∞‡¶õ‡ßá ‡•§| | #sad,2016-04-09T09:21:27.000Z,"{'retweet_count': 0, 'reply_count': 1, 'like_count': 2, 'quote_count': 0}",bn,#sad,{'place_id': 'e7a411bac68f57b1'},,
Facebook,715859500398473216,3250908133,everyone,715859500398473216,#Upset.....| #Thinking.... #Sad.... #sorrow| #Mine_Confusion_| #My| #‡¶è‡¶ï‡ßç‡¶ü‡¶æ‡¶á_‡¶™‡ßç‡¶∞‡¶¨‡ßç‡¶≤‡ßá‡¶Æ| #‡¶Ü‡¶Æ‡¶æ‡¶∞_ #‡¶∂‡ßÅ‡¶®‡¶æ ‡¶ï‡¶•‡¶æ _ #‡¶õ‡ßã‡¶ü ‡¶•‡ßá‡¶ï‡ßá ‡¶¨‡¶°‡¶º... http://someurl,2016-04-01T11:12:59.000Z,"{'retweet_count': 0, 'reply_count': 0, 'like_count': 0, 'quote_count': 0}",bn,#sad,,,
Facebook,715858997606236160,3250908133,everyone,715858997606236160,#Upset.....| #Thinking.... #Sad....  #sorrow| #Mine_Confusion_| #My| #‡¶è‡¶ï‡ßç‡¶ü‡¶æ‡¶á_‡¶™‡ßç‡¶∞‡¶¨‡ßç‡¶≤‡ßá‡¶Æ| #‡¶Ü‡¶Æ‡¶ø_     #‡¶∂‡ßÅ‡¶®‡¶æ ‡¶ï‡¶•‡¶æ _ #‡¶õ‡ßã‡¶ü ‡¶•‡ßá‡¶ï‡ßá... http://someurl,2016-04-01T11:10:59.000Z,"{'retweet_count': 0, 'reply_count': 0, 'like_count': 0, 'quote_count': 0}",bn,#sad,,,
Facebook,715642742345437186,170528069,everyone,715642742345437186,"‡¶Æ‡ßÉ‡¶§ ‡¶õ‡ßá‡¶≤‡ßá‡¶∞ ‡¶Æ‡¶æ ‡¶π‡¶æ‡¶Å‡¶ï‡ßá ‡¶≤‡¶æ‡¶∂ ‡¶≤‡¶ø‡¶¨‡ßá‡¶® ‡¶ó‡ßã ‡¶¨‡¶æ‡¶¨‡ßÅ, ‡¶≤‡¶æ‡¶∂?| ‡¶ú‡¶Æ‡¶ø‡¶∞ ‡¶¨‡¶æ‡¶¨‡ßÅ ‡¶¶‡ßá‡¶Ø‡¶º ‡¶¶‡¶∞, ‡¶Æ‡ßÉ‡¶§ ‡¶¨‡ßç‡¶Ø‡¶ï‡ßç‡¶§‡¶ø‡¶∞ ‡¶™‡¶æ‡¶Å‡¶ö ‡¶≤‡¶ï‡ßç‡¶∑, ‡¶Ü‡¶π‡¶§‡¶¶‡ßá‡¶∞ ‡¶è‡¶ï ‡ß∑ #kolkata #sad",2016-03-31T20:51:40.000Z,"{'retweet_count': 0, 'reply_count': 0, 'like_count': 0, 'quote_count': 0}",bn,#sad,,,
Twitter for iPhone,712973027525275649,1181171480,everyone,712973027525275649,‡¶ü‡¶æ‡¶á‡¶Æ‡¶≤‡¶æ‡¶á‡¶®‡ßá ‡¶∂‡ßÅ‡¶ß‡ßÅ ‡¶∞‡¶Ç‡¶ó‡¶ø‡¶® ‡¶Ü‡¶¨‡¶π‡¶æ‡¶ì‡¶Ø‡¶º‡¶æ ‡¶¶‡ßá‡¶ñ‡¶æ ‡¶Ø‡¶æ‡¶Ø‡¶º ! | ‡¶™‡¶∞‡ßá ‡¶¨‡ßÅ‡¶ù‡¶≤‡¶æ‡¶Æ  ‡¶∏‡¶®‡¶æ‡¶§‡¶® ‡¶ß‡¶∞‡ßç‡¶Æ‡¶æ‡¶≤‡¶Æ‡ßç‡¶¨‡¶æ‡¶¶‡¶ø‡¶¶‡ßá‡¶∞ ‡¶π‡¶≤‡¶ø ‡¶ö‡¶≤‡¶õ‡ßá !| ‡¶Æ‡ßÅ‡¶∏‡¶≤‡¶Æ‡¶æ‡¶®‡¶∞‡¶æ ‡¶Ö‡¶®‡ßá‡¶ï‡¶á ‡¶Ü‡¶õ‡ßá‡¶® ‡¶è‡¶á ‡¶â‡ßé‡ßç‡¶Ø‡¶æ‡¶™‡¶®‡ßá !| #sad,2016-03-24T12:03:10.000Z,"{'retweet_count': 0, 'reply_count': 1, 'like_count': 1, 'quote_count': 0}",bn,#sad,{'place_id': 'e7a411bac68f57b1'},,
Twitter Web Client,708282932339744769,950370805,everyone,708282932339744769,‡¶Æ‡¶æ-‡¶¨‡¶æ‡¶¨‡¶æ ‡¶Ö‡¶®‡¶æ‡¶ï‡¶æ‡¶ô‡ßç‡¶ñ‡¶ø‡¶§ ‡¶∏‡¶®‡ßç‡¶§‡¶æ‡¶® ‡¶π‡¶≤‡ßá‡¶® ‡¶ï‡¶ô‡ßç‡¶ó‡¶®‡¶æ !| http://someurl #KanganaRanaut #entertainthis #sad http://someurl,2016-03-11T13:26:24.000Z,"{'retweet_count': 0, 'reply_count': 0, 'like_count': 2, 'quote_count': 0}",bn,#sad,,,
Facebook,705274570962563074,3239584664,everyone,705274570962563074,#Sad news: ‡¶ö‡¶æ‡¶Å‡¶™‡¶æ‡¶á‡¶®‡¶¨‡¶æ‡¶¨‡¶ó‡¶û‡ßç‡¶ú‡ßá‡¶∞ ‡¶∂‡¶ø‡¶¨‡¶ó‡¶û‡ßç‡¶ú ‡¶â‡¶™‡¶ú‡ßá‡¶≤‡¶æ‡¶∞ ‡¶™‡¶≤‡ßç‡¶≤‡ßÄ ‡¶¨‡¶ø‡¶¶‡ßç‡¶Ø‡ßÅ‡ßé ‡¶Æ‡ßã‡¶°‡¶º‡ßá ‡¶ü‡ßç‡¶∞‡¶æ‡¶ï‡¶ö‡¶æ‡¶™‡¶æ‡¶Ø‡¶º ‡¶ï‡¶∞‡ßç‡¶§‡¶¨‡ßç‡¶Ø‡¶∞‡¶§ ‡¶¶‡ßÅ‡¶á ‡¶™‡ßÅ‡¶≤‡¶ø‡¶∂ ‡¶ï‡¶∞‡ßç‡¶Æ‡¶ï‡¶∞‡ßç‡¶§‡¶æ ‡¶®‡¶ø‡¶π‡¶§ ‡¶π‡¶Ø‡¶º‡ßá‡¶õ‡ßá‡¶®‡•§,2016-03-03T06:12:15.000Z,"{'retweet_count': 0, 'reply_count': 0, 'like_count': 0, 'quote_count': 0}",bn,#sad,,,
Facebook,703076555040362496,2402605819,everyone,703076555040362496,"‡¶π‡ßá‡¶π‡ßá‡¶π‡ßá!!!| ,| ‡¶Æ‡¶® ‡¶®‡¶æ ‡¶ö‡¶æ‡¶á‡¶≤‡ßá ‡¶¶‡¶ø‡¶≤‡¶æ‡¶Æ ‡¶®‡¶æ ‡¶Ü‡¶∞ ‡¶ï‡¶æ‡¶â‡¶∞‡ßá ‡¶≤‡¶æ‡¶á‡¶ï :p| ,| ‡¶≤‡¶æ‡¶™‡ßç‡¶™‡ßÅ‡¶â,,,, ‡¶ú‡ßÅ‡¶ï‡¶æ‡¶∞ ‡¶Æ‡¶æ‡¶Æ‡ßç‡¶Æ‡¶æ ;)| | #like #love #haha #wow #sad #angry :p :p :p ‚Äî feeling silly",2016-02-26T04:38:07.000Z,"{'retweet_count': 0, 'reply_count': 0, 'like_count': 0, 'quote_count': 0}",bn,#sad,,,
Facebook,698528493865463810,2264700150,everyone,698528493865463810,‡¶ì‡¶∞‡ßá ‡¶®‡¶∑‡ßç‡¶ü ‡¶§‡ßã‡¶∞ ‡¶¨‡¶ø‡¶¨‡ßá‡¶ï ‡¶§‡ßã‡¶ï‡ßá‡¶á ‡¶ï‡ßÅ‡¶∞‡ßá ‡¶ï‡ßÅ‡¶∞‡ßá ‡¶ñ‡¶æ‡¶¨‡ßá...... #guilty #sad #heartbroken,2016-02-13T15:25:45.000Z,"{'retweet_count': 0, 'reply_count': 0, 'like_count': 0, 'quote_count': 0}",bn,#sad,,,
Twitter for Android,697395300281942016,923124529,everyone,697395300281942016,‡¶Ü‡¶ú‡¶ï‡ßá‡¶∞ ‡¶Ø‡ßá ‡¶¶‡¶ø‡¶®‡¶ü‡¶æ ‡¶ó‡ßá‡¶õ‡ßá ‡¶Ü‡¶Æ‡¶æ‡¶¶‡ßá‡¶∞ ‡¶´‡ßá‡¶Æ‡ßá‡¶≤‡¶ø‡¶∞ ‡¶â‡¶™‡¶∞ ‡•§ ‡¶ï‡ßã‡¶® ‡¶∂‡¶§‡ßç‡¶∞‡ßÅ‡¶∞ ‡¶ì ‡¶Ø‡ßá‡¶® ‡¶è‡¶á ‡¶∞‡¶ï‡¶Æ ‡¶¶‡¶ø‡¶® ‡¶®‡¶æ ‡¶Ü‡¶∏‡ßá ‡•§ ‡¶è‡¶ï‡¶ü‡¶æ ‡¶Æ‡¶æ‡¶®‡ßÅ‡¶∑ ‡¶Ü‡¶Æ‡¶æ‡¶¶‡ßá‡¶∞ ‡¶ú‡¶®‡ßç‡¶Ø ‡¶ï‡¶æ‡¶®‡ßç‡¶¶‡¶æ‡¶∞ ‡¶¨‡¶æ‡¶ï‡¶ø ‡¶∞‡¶á‡¶õ‡¶ø‡¶≤‡¶®‡¶æ ‡¶§‡¶ñ‡¶® ‡•§  #sad,2016-02-10T12:22:51.000Z,"{'retweet_count': 0, 'reply_count': 0, 'like_count': 0, 'quote_count': 0}",bn,#sad,,,
Twitter for Android,694961729688567812,3176995094,everyone,694961729688567812,‡¶Ø‡ßá ‡¶õ‡¶¨‡¶ø ‡¶∏‡¶§‡ßç‡¶Ø‡¶ø ‡¶ï‡¶•‡¶æ ‡¶¨‡¶≤‡ßá‡•§   #sad http://someurl,2016-02-03T19:12:42.000Z,"{'retweet_count': 0, 'reply_count': 0, 'like_count': 1, 'quote_count': 0}",bn,#sad,,,
Twitter Web Client,690237359204409344,445520845,everyone,690237359204409344,‡¶á‡¶ö‡ßç‡¶õ‡¶æ‡¶ï‡ßÉ‡¶§ ‡¶π‡ßã‡¶ï ‡¶Ü‡¶∞ ‡¶Ö‡¶®‡¶ø‡¶ö‡ßç‡¶õ‡¶æ‡¶ï‡ßÉ‡¶§ ‡¶π‡ßã‡¶ï ‡¶¨‡¶ø‡¶ö‡ßç‡¶õ‡ßá‡¶¶ ‡¶∏‡¶¨‡¶ï‡ßç‡¶∑‡ßá‡¶§‡ßç‡¶∞‡ßá‡¶á  ‡¶¨‡¶°‡¶º ‡¶¨‡ßá‡¶¶‡¶®‡¶æ‡¶Æ‡¶Ø‡¶º‡•§ #saD,2016-01-21T18:19:45.000Z,"{'retweet_count': 0, 'reply_count': 0, 'like_count': 0, 'quote_count': 0}",bn,#sad,,,
Facebook,686219588724342784,325921200,everyone,686219588724342784,‡¶≠‡¶æ‡¶≤ ‡¶•‡¶æ‡¶ï‡¶æ‡¶∞ ‡¶∂‡ßÅ‡¶ß‡ßÅ‡¶Æ‡¶æ‡¶§‡ßç‡¶∞ ‡¶è‡¶ï‡¶ü‡¶æ‡¶á ‡¶Æ‡¶æ‡¶§‡ßç‡¶∞ ‡¶â‡¶™‡¶æ‡¶Ø‡¶º...|  | ‡¶®‡ßá‡¶≠‡¶æ‡¶∞ ‡¶è‡¶ï‡ßç‡¶∏‡¶™‡ßá‡¶ï‡ßç‡¶ü ‡¶è‡¶®‡¶ø ‡¶•‡¶ø‡¶Ç‡¶ï‡¶∏‡ßç ‡¶´‡ßç‡¶∞‡¶Æ ‡¶è‡¶®‡¶ø‡¶ì‡¶Ø‡¶º‡¶æ‡¶®| | #Sad bt this is the dammmm... http://someurl,2016-01-10T16:14:33.000Z,"{'retweet_count': 0, 'reply_count': 0, 'like_count': 0, 'quote_count': 0}",bn,#sad,,,
Twitter Web App,675369970579017728,579051374,everyone,675369970579017728,‡¶è‡¶≠‡¶æ‡¶¨‡ßá ‡¶Ü‡¶∞ ‡¶ö‡¶≤‡¶¨‡ßá ‡¶ï‡¶§ ‡¶ï‡¶æ‡¶≤ ‡¶∞‡ßá.... ‡¶¶‡¶Ø‡¶º‡¶æ‡¶≤  #sad,2015-12-11T17:42:03.000Z,"{'retweet_count': 0, 'reply_count': 0, 'like_count': 0, 'quote_count': 0}",bn,#sad,,,
Mobile Web (M2),669524393496739840,2721605050,everyone,669524800247738369,"@someuser ‡¶á‡¶∂ ! ‡¶è‡¶á ‡¶ï‡¶æ‡¶ú‡¶ü‡¶æ ‡¶®‡¶æ ‡¶ï‡¶∞‡¶æ‡¶á ‡¶≠‡¶æ‡¶≤‡ßã ‡¶õ‡¶ø‡¶≤ ,,,#sad",2015-11-25T14:35:26.000Z,"{'retweet_count': 0, 'reply_count': 0, 'like_count': 0, 'quote_count': 0}",bn,#sad,,"[{'type': 'replied_to', 'id': '669524393496739840'}]",907765392
Twitter for Android,667586043474898944,164176032,everyone,667606952973725696,@someuser ‡¶è‡¶ï‡¶ü‡¶æ ‡¶´‡¶æ‡¶≤‡¶§‡ßÅ ‡¶ï‡¶æ‡¶ú‡ßá ‡¶Ü‡¶ü‡¶ï‡¶æ ‡¶™‡¶∞‡¶≤‡¶æ‡¶Æ ‡¶Ü‡¶ú ‡¶Ü‡¶∞ ‡¶®‡¶æ‡¶Æ‡¶æ‡¶ú ‡¶™‡¶∞‡¶æ ‡¶π‡¶¨‡ßá ‡¶®‡¶æ #sad,2015-11-20T07:34:35.000Z,"{'retweet_count': 0, 'reply_count': 1, 'like_count': 0, 'quote_count': 0}",bn,#sad,,"[{'type': 'replied_to', 'id': '667606605698105344'}]",2786243292
Twitter for Android,667586043474898944,164176032,everyone,667586043474898944,facebook ‡¶¨‡¶®‡ßç‡¶ß ‡¶è‡¶ü‡¶æ ‡¶Ü‡¶Æ‡¶ø ‡¶ï‡ßã‡¶® ‡¶≠‡¶æ‡¶¨‡ßá‡¶á ‡¶Æ‡¶æ‡¶®‡¶§‡ßá ‡¶™‡¶æ‡¶∞‡¶õ‡¶ø ‡¶®‡¶æ.bcoz facebook ‡¶õ‡¶æ‡¶°‡¶º‡¶æ ‡¶Ü‡¶Æ‡¶æ‡¶¶‡ßá‡¶∞ ‡¶è‡¶ï‡¶¶‡¶ø‡¶®‡ßã ‡¶ï‡¶ø ‡¶ö‡¶≤‡ßá????????????? #sad,2015-11-20T06:11:30.000Z,"{'retweet_count': 0, 'reply_count': 1, 'like_count': 0, 'quote_count': 0}",bn,#sad,,,
Facebook,666113767290245120,926127192,everyone,666113767290245120,‡¶Ü‡¶¨‡¶æ‡¶∞ ‡¶ï‡ßç‡¶Ø‡¶æ‡¶Æ-‡¶ü‡¶æ ‡¶∏‡ßá‡¶≤ ‡¶ï‡¶∞‡ßá ‡¶¶‡¶ø‡¶≤‡¶æ‡¶Æ :( | ‡¶®‡¶ø‡¶â ‡¶®‡¶ø‡¶¨‡ßã :D | | #Sad :(| #Happy :) | | ‡¶´‡ßç‡¶∞‡¶ø ‡¶è‡¶∞ ‡¶¶‡¶ø‡¶® ‡¶∂‡ßá‡¶∑ :D :P,2015-11-16T04:41:12.000Z,"{'retweet_count': 0, 'reply_count': 0, 'like_count': 0, 'quote_count': 0}",bn,#sad,,,
Facebook,654204746819997696,1377968539,everyone,654204746819997696,‡¶è‡¶ï‡¶ü‡¶ø ‡¶õ‡ßá‡¶≤‡ßá‡¶∞ ‡¶∞‡¶π‡¶∏‡ßç‡¶Ø‡¶Æ‡ßü ‡¶ï‡¶æ‡¶π‡¶ø‡¶®‡ßÄ #Part 3 .......................... Purai #Sad Story!!!!!!!!!!| ‡¶Ü‡¶™‡¶®‡¶æ‡¶¶‡ßá‡¶∞ ‡¶≠‡¶æ‡¶≤‡ßã ‡¶≤‡¶æ‡¶ó‡¶æ‡¶á ‡¶Ü‡¶Æ‡¶æ‡¶∞... http://someurl,2015-10-14T07:59:00.000Z,"{'retweet_count': 0, 'reply_count': 0, 'like_count': 0, 'quote_count': 0}",bn,#sad,,,
Facebook,652872677812637696,1377968539,everyone,652872677812637696,‡¶è‡¶ï‡¶ü‡¶ø ‡¶õ‡ßá‡¶≤‡ßá‡¶∞ ‡¶∞‡¶π‡¶∏‡ßç‡¶Ø‡¶Æ‡ßü ‡¶ï‡¶æ‡¶π‡¶ø‡¶®‡ßÄ  #Part 2.......................... Purai #Sad Story!!!!!!!!!!| | ‡¶õ‡ßá‡¶≤‡ßá‡¶ü‡¶ø ‡¶ñ‡ßÅ‡¶¨ ‡¶á #Cute (Cute... http://someurl,2015-10-10T15:45:50.000Z,"{'retweet_count': 0, 'reply_count': 0, 'like_count': 0, 'quote_count': 0}",bn,#sad,,,
Facebook,651290686369599488,1377968539,everyone,651290686369599488,‡¶è‡¶ï‡¶ü‡¶ø ‡¶õ‡ßá‡¶≤‡ßá‡¶∞ ‡¶∞‡¶π‡¶∏‡ßç‡¶Ø‡¶Æ‡ßü ‡¶ï‡¶æ‡¶π‡¶ø‡¶®‡ßÄ .......................... Purai #Sad Story!!!!!!!!!!| | ‡¶õ‡ßá‡¶≤‡ßá‡¶ü‡¶ø ‡¶ñ‡ßÅ‡¶¨ ‡¶á #Cute  (Cute Pola)... http://someurl,2015-10-06T06:59:34.000Z,"{'retweet_count': 0, 'reply_count': 0, 'like_count': 0, 'quote_count': 0}",bn,#sad,,,
Facebook,651289694492356608,1377968539,everyone,651289694492356608,‡¶è‡¶ï‡¶ü‡¶ø ‡¶õ‡ßá‡¶≤‡ßá‡¶∞ ‡¶∞‡¶π‡¶∏‡ßç‡¶Ø‡¶Æ‡ßü ‡¶ï‡¶æ‡¶π‡¶ø‡¶®‡ßÄ .......................... Purai #Sad Story!!!!!!!!!!| | ‡¶õ‡ßá‡¶≤‡ßá‡¶ü‡¶ø ‡¶ñ‡ßÅ‡¶¨ ‡¶á  C√ªt√©  ‡¶¶‡ßá‡¶ñ‡¶§‡ßá  ‡¶Ø‡¶æ... http://someurl,2015-10-06T06:55:38.000Z,"{'retweet_count': 0, 'reply_count': 0, 'like_count': 0, 'quote_count': 0}",bn,#sad,,,
Tumblr,648807378218057728,56756294,everyone,648807378218057728,Photo: ‡¶ñ‡¶æ‡¶Å‡¶ö‡¶æ‡¶∞ ‡¶™‡¶æ‡¶ñ‡¶ø ... #Cagedbird #Helpless #ThereIsNoWayOut #Instaclick #InstaDaily #Sad #Brutal... http://someurl,2015-09-29T10:31:47.000Z,"{'retweet_count': 0, 'reply_count': 0, 'like_count': 0, 'quote_count': 0}",bn,#sad,,,
Facebook,627484293422546944,2865812348,everyone,627484293422546944,#Sad Weekend | ‡¶è‡¶§ ‡¶¶‡¶ø‡¶®‡ßá ‡¶¨‡ßÅ‡¶ù‡¶≤‡¶æ‡¶Æ http://someurl,2015-08-01T14:21:28.000Z,"{'retweet_count': 0, 'reply_count': 0, 'like_count': 0, 'quote_count': 0}",bn,#sad,,,
Facebook,622801611610390528,1203441997,everyone,622801611610390528,‡¶â‡¶´‡¶´ ‡¶è‡¶§‡ßç‡¶§ ‡¶è‡¶§‡ßç‡¶§ ‡¶¨‡ßÉ‡¶∑‡ßç‡¶ü‡¶ø :/| ‡¶à‡¶¶-‡¶ü‡¶æ‡¶á ‡¶™‡ßÅ‡¶∞‡¶æ ‡¶™‡¶æ‡¶®‡¶ø ‡¶π‡ßü‡ßá ‡¶ó‡ßá‡¶≤ :p :p :p| #$000 #sad ‚Äî feeling sad,2015-07-19T16:14:09.000Z,"{'retweet_count': 0, 'reply_count': 0, 'like_count': 0, 'quote_count': 0}",bn,#sad,,,
Facebook,617214974205636608,2982180697,everyone,617214974205636608,‡¶Ü‡¶Æ‡¶ø ‡¶≠‡ßÅ‡¶ü‡ßç‡¶ü‡¶æ ‡¶π‡¶á‡¶≤‡ßá ‡¶≠‡¶æ‡¶≤ ‡¶π‡¶á‡¶§ ‡•§ ‡¶Ü‡¶Æ‡¶ø ‡¶ó‡¶∞‡¶Æ‡ßá ‡¶ï‡¶æ‡¶≤‡¶æ ‡¶π‡¶á ‡¶Ü‡¶∞ ‡¶è‡¶∞‡¶æ ‡¶∏‡¶æ‡¶¶‡¶æ ‡•§  #sad http://someurl,2015-07-04T06:14:51.000Z,"{'retweet_count': 0, 'reply_count': 0, 'like_count': 0, 'quote_count': 0}",bn,#sad,,,
Twitter for Android,615942298040320000,2286205532,everyone,615942298040320000,‡¶¨‡¶æ‡¶Ç‡¶≤‡¶æ‡¶¶‡ßá‡¶∂‡ßá‡¶∞ ‡¶™‡ßÅ‡¶≤‡¶ø‡¶∂ ‡¶Ø‡¶¶‡¶ø ‡¶≠‡¶æ‡¶≤‡ßã ‡¶π‡¶§‡ßã ‡¶§‡¶æ‡¶π‡¶≤‡ßá ‡¶¨‡¶æ‡¶Ç‡¶≤‡¶æ‡¶¶‡ßá‡¶∂ ‡¶Ü‡¶ú ‡¶Ö‡¶®‡ßá‡¶ï ‡¶è‡¶ó‡¶ø‡¶è ‡¶Ø‡ßá‡¶§‡ßã !!!| #Felling #Sad #DMP #BD,2015-06-30T17:57:42.000Z,"{'retweet_count': 0, 'reply_count': 0, 'like_count': 0, 'quote_count': 0}",bn,#sad,,,
Facebook,615586034890469376,2558171356,everyone,615586034890469376,‡¶∏‡ßá ‡¶Ü‡¶ó‡ßá ‡¶Ü‡¶Æ‡¶æ‡¶∞ ‡¶≤‡ßá‡¶ñ‡¶æ ‡¶ó‡ßÅ‡¶≤‡ßã‡¶§‡ßá ‡¶™‡ßú‡¶§‡ßã ‡•§ | ‡¶ï‡¶ø‡¶®‡ßç‡¶§‡ßÅ ‡¶è‡¶ñ‡¶® ‡¶™‡ßú‡ßá‡¶®‡¶æ !!| ‡¶∏‡ßá ‡¶ï‡¶ø ‡¶ú‡¶æ‡¶®‡ßá‡¶®‡¶æ??| ‡¶Ü‡¶Æ‡¶æ‡¶∞ ‡¶≤‡ßá‡¶ñ‡¶æ ‡¶ó‡ßÅ‡¶≤‡ßã ‡¶∂‡ßÅ‡¶ß‡ßÅ ‡¶§‡¶æ‡¶∞ ‡¶ú‡¶®‡ßç‡¶Ø !!!| | #sad,2015-06-29T18:22:02.000Z,"{'retweet_count': 0, 'reply_count': 0, 'like_count': 0, 'quote_count': 0}",bn,#sad,,,
Twitter for Android,610495424831451136,1482468246,everyone,610495424831451136,‡¶ú‡¶æ‡¶®‡¶ø ‡¶§‡ßÅ‡¶á ‡¶Ü‡¶∞ ‡¶Ü‡¶Æ‡¶ø ‡¶è‡¶ï ‡¶®‡¶á......... #Song #Feelings #Sad #143,2015-06-15T17:13:46.000Z,"{'retweet_count': 0, 'reply_count': 0, 'like_count': 1, 'quote_count': 0}",bn,#sad,,,
Twitter for Android,608162543933124608,1482468246,everyone,608162543933124608,‡¶¨‡¶∞‡ßç‡¶§‡¶Æ‡¶æ‡¶®‡ßá ‡¶Ü‡¶Æ‡¶æ‡¶∞ ‡¶Æ‡¶®‡ßá‡¶∞ ‡¶Ö‡¶¨‡¶∏‡ßç‡¶•‡¶æ #Feelings #Sad #Life #Dream #FactsOfLife http://someurl,2015-06-09T06:43:44.000Z,"{'retweet_count': 0, 'reply_count': 0, 'like_count': 0, 'quote_count': 0}",bn,#sad,,,
Mobile Web (M2),601037321211813889,2721605050,everyone,601037667019665408,@someuser ‡¶ï‡ßã‡¶® ‡¶¶‡ßá‡¶∂‡ßá ‡¶•‡¶æ‡¶ï‡¶ø‡¶∞‡ßá  ‡¶≠‡¶æ‡¶á ? #sad,2015-05-20T14:52:01.000Z,"{'retweet_count': 0, 'reply_count': 0, 'like_count': 0, 'quote_count': 0}",bn,#sad,,"[{'type': 'replied_to', 'id': '601037321211813889'}]",459129708
Facebook,593679144820551680,3160061457,everyone,593679144820551680,"‡¶Ü‡¶Æ‡¶æ‡¶∞ ‡¶π‡¶æ‡¶∞‡¶ø‡ßü‡ßá ‡¶´‡ßá‡¶≤‡¶æ‡¶∞ ‡¶ï‡ßá‡¶â ‡¶®‡ßá‡¶á,| ‡¶ï‡¶æ‡¶ú‡ßá‡¶á ‡¶ñ‡ßÅ‡¶Å‡¶ú‡ßá ‡¶™‡¶æ‡¶ì‡ßü‡¶æ‡¶∞‡¶ì ‡¶ï‡ßá‡¶â ‡¶®‡ßá‡¶á,| ‡¶Ü‡¶Æ‡¶ø ‡¶Æ‡¶æ‡¶ù‡ßá ‡¶Æ‡¶æ‡¶ù‡ßá ‡¶®‡¶ø‡¶ú‡ßá‡¶ï‡ßá ‡¶π‡¶æ‡¶∞‡¶ø‡ßü‡ßá ‡¶´‡ßá‡¶≤‡¶ø,| ‡¶Ü‡¶¨‡¶æ‡¶∞ ‡¶ñ‡ßÅ‡¶Å‡¶ú‡ßá ‡¶™‡¶æ‡¶á! | | -----#SaD+",2015-04-30T07:31:52.000Z,"{'retweet_count': 0, 'reply_count': 0, 'like_count': 0, 'quote_count': 0}",bn,#sad,,,
Facebook,593433404533821440,3160061457,everyone,593433404533821440,‡¶Ø‡¶æ‡¶ï‡ßá ‡¶ï‡¶ñ‡¶®‡ßã ‡¶™‡¶æ‡¶¨‡ßã ‡¶®‡¶æ| ‡¶§‡¶æ‡¶ï‡ßá ‡¶®‡¶ø‡ßü‡ßá ‡¶∏‡ßç‡¶¨‡¶™‡ßç‡¶® ‡¶¶‡ßá‡¶ñ‡¶æ| ‡¶®‡¶ø‡¶ú‡ßá‡¶ï‡ßá ‡¶ï‡¶∑‡ßç‡¶ü ‡¶¶‡ßá‡¶ì‡ßü‡¶æ ‡¶õ‡¶æ‡¶°‡¶º‡¶æ| ‡¶Ü‡¶∞ ‡¶ï‡¶ø‡¶õ‡ßÅ‡¶á ‡¶®‡¶æ.... :( | - ‡¶Ö‡¶®‡¶ø -| #SaD,2015-04-29T15:15:23.000Z,"{'retweet_count': 0, 'reply_count': 0, 'like_count': 0, 'quote_count': 0}",bn,#sad,,,
Twitter for Android,588700569759449088,125922271,everyone,588700569759449088,"‡¶Æ‡¶æ ‡¶Ü‡¶∞ ‡¶õ‡ßã‡¶ü ‡¶¨‡ßã‡¶®‡¶ï‡ßá ‡¶¨‡¶ø‡¶¶‡¶æ‡ßü ‡¶¶‡¶ø‡¶§‡ßá ‡¶ö‡ßã‡¶ñ ‡¶è‡¶≠‡¶æ‡¶¨‡ßá ‡¶Ö‡¶∂‡ßç‡¶∞‡ßÅ‡¶∏‡¶ø‡¶ï‡ßç‡¶§ ‡¶π‡ßü‡ßá ‡¶™‡ßú‡¶¨‡ßá, ‡¶§‡¶æ ‡¶Ü‡¶ó‡ßá ‡¶≠‡¶æ‡¶¨‡¶ø‡¶®‡¶ø‡•§ #sad",2015-04-16T13:48:48.000Z,"{'retweet_count': 0, 'reply_count': 0, 'like_count': 0, 'quote_count': 0}",bn,#sad,,,
Twitter for Android,584940112938573824,1134981072,everyone,585138002692739073,@someuser #Sad ‡¶ï‡ßá‡¶® ‡¶Ü‡¶™‡¶ø .... Sad ‡¶π‡¶¨‡¶æ‡¶∞ ‡¶Æ‡¶§ ‡¶ï‡¶ø‡¶õ‡ßÅ ‡¶¨‡¶≤‡¶≤‡ßá ‡¶≠‡ßÅ‡¶≤ ‡¶¨‡ßÅ‡¶ù‡¶ø‡¶∏ ‡¶®‡¶æ ...‡¶Ü‡¶Æ‡¶æ‡¶∞ ‡¶≤‡¶æ‡¶á‡¶´‡ßá ‡¶ñ‡ßã‡¶≤‡¶æ‡¶Æ‡ßá‡¶≤‡¶æ ‡¶ï‡¶•‡¶æ ‡¶¨‡ßá‡¶∂‡¶ø ‡¶™‡ßç‡¶∞‡¶æ‡¶ß‡¶æ‡¶®‡ßç‡¶Ø ‡¶™‡¶æ‡ßü ‡¶∞‡ßá ‡¶§‡¶æ‡¶á ‡¶π‡ßü‡¶§‡ßã .......,2015-04-06T17:52:25.000Z,"{'retweet_count': 0, 'reply_count': 1, 'like_count': 0, 'quote_count': 0}",bn,#sad,,"[{'type': 'replied_to', 'id': '585104782903369728'}]",3136005894
Mobile Web (M2),584367076279767040,3016222237,everyone,584367076279767040,‡¶Ü‡¶Æ‡¶ø ‡¶ò‡ßÅ‡¶Æ‡¶æ‡¶á‡¶§‡ßá ‡¶ö‡¶æ‡¶á‡•§‡¶Ü‡¶Æ‡¶æ‡¶ï‡ßá ‡¶è‡¶ï‡¶ü‡ßÅ‡¶ï‡¶∞‡ßã ‡¶ñ‡¶æ‡¶ü ‡¶¶‡ßá‡ßü ‡¶®‡¶æ ‡¶ï‡ßç‡¶Ø‡¶æ ‡¶ï‡ßá‡¶â!?  :/ :( #sad,2015-04-04T14:49:02.000Z,"{'retweet_count': 0, 'reply_count': 0, 'like_count': 0, 'quote_count': 0}",bn,#sad,,,
Facebook,580987713869852672,410663790,everyone,580987713869852672,"‡¶ß‡ßÅ‡¶∞ ‡¶¨‡¶æ‡¶≤ ‡¶ï‡¶ø ‡¶¶‡¶∞‡¶ï‡¶æ‡¶∞ ‡¶ï‡ßç‡¶Ø‡¶æ‡¶ö ‡¶Ü‡¶â‡¶ü ‡¶π‡¶ä‡ßü‡¶æ‡¶∞, #‡¶∏‡ßá‡¶® #‡¶ì‡ßü‡¶æ‡¶ü‡¶∏‡¶æ‡¶® #u #made #sad",2015-03-26T07:00:39.000Z,"{'retweet_count': 0, 'reply_count': 0, 'like_count': 0, 'quote_count': 0}",bn,#sad,,,
Mobile Web (M2),575522147784912896,1212480144,everyone,575522147784912896,‡¶¨‡¶æ‡¶∞ ‡¶¨‡¶æ‡¶∞ ‡¶¨‡ßç‡¶Ø‡¶∞‡ßç‡¶• ‡¶Ü‡¶Æ‡¶ø ‡¶è‡¶¨‡¶Ç ‡¶π‡¶§‡¶æ‡¶∂‡¶ì ‡•§ ‡¶Ü‡¶Æ‡¶æ‡¶∞ ‡¶ú‡¶®‡ßç‡¶Ø ‡¶ï‡¶ø ‡¶ï‡¶™‡¶æ‡¶≤‡ßá‡¶∞ ‡¶Æ‡¶æ‡¶ù‡ßá ‡¶è‡¶ï‡¶ü‡ßÅ‡¶ì ‡¶≠‡¶æ‡¶ó‡ßç‡¶Ø ‡¶ú‡¶Æ‡¶§‡ßá ‡¶™‡¶æ‡¶∞‡ßá‡¶®‡¶æ ? #sad,2015-03-11T05:02:27.000Z,"{'retweet_count': 0, 'reply_count': 0, 'like_count': 1, 'quote_count': 0}",bn,#sad,,,
Twitter Web App,570621880224190465,367475294,everyone,570621880224190465,"‡¶Ü‡¶™‡¶®‡¶æ‡¶∞ ‡¶Æ‡¶®‡ßá‡¶∞ ‡¶ï‡¶•‡¶æ ‡¶∂‡ßá‡ßü‡¶æ‡¶∞ ‡¶ï‡¶∞‡¶æ‡¶∞ ‡¶Æ‡¶§‡ßã ‡¶ï‡¶æ‡¶ì‡¶ï‡ßá ‡¶Ø‡¶¶‡¶ø ‡¶®‡¶æ ‡¶™‡¶æ‡¶® ‡¶§‡¶æ‡¶π‡¶≤‡ßá ‡¶Ü‡¶™‡¶®‡¶ø ‡¶¨‡ßú ‡¶Æ‡¶æ‡¶™‡ßá‡¶∞ ‡¶è‡¶ï‡¶ú‡¶® ‡¶Ö‡¶∏‡¶π‡¶æ‡ßü, ‡¶Ü‡¶Æ‡¶æ‡¶∞ ‡¶Æ‡¶§‡ßã‡•§ #Lonely #Alone #Sad",2015-02-25T16:30:32.000Z,"{'retweet_count': 0, 'reply_count': 0, 'like_count': 2, 'quote_count': 0}",bn,#sad,,,
TwitPal,568466720685314049,2323287469,everyone,568467315626364928,@someuser : ‡¶ï‡ßá‡¶® ‡¶ñ‡ßá‡¶§‡ßá ‡¶ó‡ßá‡¶õ!? ‡¶Ü‡¶Æ‡¶æ‡¶∞ ‡¶ò‡ßÅ‡¶Æ‡ßá ‡¶°‡¶ø‡¶∏‡ßç‡¶ü‡¶æ‡¶¨ ‡¶ï‡¶∞‡¶¨‡¶æ ‡¶®‡¶æ ‡¶ï‡¶æ‡¶∏‡¶æ!‡¶ï‡¶æ‡¶∂‡¶ø ‡¶∏‡ßÅ‡¶®‡¶§‡ßá ‡¶≠‡¶æ‡¶≤‡ßã ‡¶≤‡¶æ‡¶ó‡ßá ‡¶®‡¶æ #sad üò∞üò∞üò§,2015-02-19T17:49:04.000Z,"{'retweet_count': 0, 'reply_count': 1, 'like_count': 0, 'quote_count': 0}",bn,#sad,,"[{'type': 'replied_to', 'id': '568466720685314049'}]",2679229410
Twitter for Android,566972910691045376,2616275764,everyone,566973989038206976,@someuser ‡¶π‡ßÅ‡¶Æ‡•§ ‡¶†‡¶ø‡¶ï‡•§ ‡¶ï‡¶ø‡¶®‡ßç‡¶§‡ßÅ #pak ‡¶ü‡¶ø‡¶Æ ‡¶ï‡ßá ‡¶ï‡¶ø‡¶õ‡ßÅ ‡¶¨‡¶≤‡¶≤‡ßá ‡¶¨‡ßÅ‡¶ï‡ßá ‡¶≤‡¶æ‡¶ó‡ßá‡•§‡•§‡•§ #sad,2015-02-15T14:55:07.000Z,"{'retweet_count': 0, 'reply_count': 0, 'like_count': 0, 'quote_count': 0}",bn,#sad,,"[{'type': 'replied_to', 'id': '566973557561761793'}]",2148111772
Mobile Web (M2),563718803599925249,599902118,everyone,563718803599925249,"‡¶ï‡ßá‡¶® ‡¶Ø‡ßá ‡¶Ü‡¶Æ‡¶æ‡¶∞ luck ‡¶ü‡¶æ ‡¶è‡¶Æ‡¶®  .....|  ‡¶ñ‡ßÅ‡¶¨ ‡¶ñ‡¶æ‡¶∞‡¶æ‡¶™ ‡¶≤‡¶æ‡¶ó‡¶§‡ßá‡¶õ‡ßá ,,,, ‡¶Æ‡¶æ `` ‡¶ö‡¶æ‡¶∞‡¶æ ‡¶∏‡¶¨‡¶æ‡¶á ‡¶¨‡¶ï‡ßá ............. #sad",2015-02-06T15:20:10.000Z,"{'retweet_count': 0, 'reply_count': 1, 'like_count': 0, 'quote_count': 0}",bn,#sad,,,
Twitter for Android,554531273280999425,2742434244,everyone,554531273280999425,‡¶ï‡¶ø ‡¶õ‡¶ø‡¶≤‡ßá ‡¶Ü‡¶Æ‡¶æ‡¶∞ ‡¶¨‡¶≤‡ßã ‡¶®‡¶æ ‡¶§‡ßÅ‡¶Æ‡¶ø| ‡¶Ü‡¶õ‡¶ø‡¶§‡ßã ‡¶Ü‡¶ó‡ßá‡¶∞‡¶ø ‡¶Æ‡¶§‡ßã ‡¶∏‡ßá‡¶á‡¶§‡ßã ‡¶Ü‡¶Æ‡¶ø...| | ‡¶´‡¶ø‡¶≤‡¶ø‡¶Ç‡¶∏ #Sad,2015-01-12T06:52:12.000Z,"{'retweet_count': 0, 'reply_count': 0, 'like_count': 0, 'quote_count': 0}",bn,#sad,,,
Twitter for Websites,548444061082714112,159125785,everyone,548444061082714112,‡¶è‡¶ï‡¶ú‡¶® ‡¶Ü‡¶§‡¶ô‡ßç‡¶ï‡¶ø‡¶§ ‡¶®‡¶æ‡¶ó‡¶∞‡¶ø‡¶ï‡ßá‡¶∞ ‡¶®‡¶¨‡¶¨‡¶∞‡ßç‡¶∑ ‡¶≠‡¶æ‡¶¨‡¶®‡¶æ: http://someurl   #Bangladesh #Violence #SAD,2014-12-26T11:43:48.000Z,"{'retweet_count': 0, 'reply_count': 0, 'like_count': 0, 'quote_count': 0}",bn,#sad,,,
Facebook,544809384585752576,1933852394,everyone,544809384585752576,"‡¶ï‡¶§‡ßã ‡¶π‡ßç‡¶Ø‡¶æ‡¶™‡¶ø‡¶≤‡¶ø ‡¶¶‡¶ø‡¶® ‡¶ï‡¶æ‡¶ü‡¶§‡ßá‡¶õ‡¶ø‡¶≤ ‡•§ ^_^| .| ‡¶Ü‡¶§‡¶ï‡ßç‡¶∑‡¶æ‡¶∞ ‡¶ä‡¶™‡¶∞  ‡¶ù‡¶ó‡ßú‡¶æ ‡¶≤‡ßá‡¶ó‡ßá ‡¶∏‡¶¨ #HAPPY ,| #SAD ‡¶è ‡¶Æ‡¶ø‡¶∂‡ßá ‡¶ó‡ßá‡¶≤ >.<| | ‡¶´‡¶ø‡¶≤‡¶ø‡¶Ç : ‡¶è‡¶≤‡¶æ‡¶ï‡¶æ‡¶∞ ‡¶ï‡ßÅ‡¶§‡ßç‡¶§‡¶æ ‡¶è‡¶≤‡¶æ‡¶ï‡¶æ‡ßü ‡¶ò‡ßá‡¶ä ‡¶ò‡ßá‡¶ä >:(",2014-12-16T11:00:54.000Z,"{'retweet_count': 0, 'reply_count': 0, 'like_count': 0, 'quote_count': 0}",bn,#sad,,,
Facebook,538033128250830848,1255583508,everyone,538033128250830848,Actually ‡¶ï‡¶ø ‡¶¨‡¶≤‡¶¨‡ßã exact ‡¶≠‡¶æ‡¶∑‡¶æ ‡¶ñ‡ßÅ‡¶á‡¶ú‡¶æ ‡¶™‡¶æ‡¶á‡¶§‡¶æ‡¶∏‡¶ø‡¶®‡¶æ ‡¶Ö‡¶®‡ßá‡¶ï ‡¶¶‡ßÅ‡¶É‡¶ñ ‡¶∞ ‡¶Ö‡¶®‡ßá‡¶ï ‡¶Ü‡¶®‡¶®‡ßç‡¶¶‡ßá‡¶∞ ‡¶∏‡¶æ‡¶•‡ßá ‡¶Ü‡¶Æ‡¶æ‡¶∞ ‡¶è‡¶á #BirthDay ‡¶ü‡¶æ ‡¶ï‡¶æ‡¶ü‡¶≤‡ßã‡•§ #Sad... http://someurl,2014-11-27T18:14:28.000Z,"{'retweet_count': 0, 'reply_count': 0, 'like_count': 0, 'quote_count': 0}",bn,#sad,,,
Mobile Web (M2),536520952574930946,1330855525,everyone,536520952574930946,feeling #sad....| ‡¶Ü‡¶Æ‡¶ø ‡¶´‡¶≤‡ßã ‡¶ï‡¶∞‡¶ø ‡ß™‡ß≠‡ß¨ ‡¶ú‡¶®‡¶ï‡ßá ‡¶Ü‡¶∞ ‡¶Ü‡¶Æ‡¶æ‡¶ï‡ßá ‡¶´‡¶≤‡ßã ‡¶ï‡¶∞‡ßá ‡¶Æ‡¶æ‡¶§‡ßç‡¶∞ ‡ß®‡ß©‡ßØ ‡¶ú‡¶®‡ßá‡•§ ‡¶è‡¶ü‡¶æ ‡¶ï‡ßá‡¶Æ‡¶® ‡¶π‡¶≤‡ßã?,2014-11-23T14:05:37.000Z,"{'retweet_count': 0, 'reply_count': 0, 'like_count': 0, 'quote_count': 0}",bn,#sad,,,
Twitter for Websites,532254166496735232,306204728,everyone,532254166496735232,We are living in Bangladesh!! #sad #sigh  ‚Äò‡¶π‡¶æ‡¶®‡¶ø‡¶Æ‡ßÅ‡¶®‡ßá‡¶∞ ‡¶ü‡¶æ‡¶ï‡¶æ ‡¶¶‡¶ø‡¶Ø‡¶º‡ßá ‡¶∏‡ßç‡¶§‡ßç‡¶∞‡ßÄ‡¶∞ ‡¶ö‡¶ø‡¶ï‡¶ø‡ßé‡¶∏‡¶æ ‡¶ï‡¶∞‡ßá‡¶õ‡¶ø‚Äô http://someurl,2014-11-11T19:30:56.000Z,"{'retweet_count': 0, 'reply_count': 0, 'like_count': 0, 'quote_count': 0}",bn,#sad,,,
Facebook,520937636736008192,87950411,everyone,520937636736008192,‡¶Ü‡¶∞‡ßç‡¶ú‡ßá‡¶®‡ßç‡¶ü‡¶ø‡¶®‡¶æ‡¶∞ ‡¶™‡ßç‡¶∞‡¶§‡¶ø‡¶∑‡ßá‡¶ß‡¶ï‡ßá‡¶∞ ‡¶®‡¶æ‡¶Æ- ‡¶¶‡ßÅ‡¶ô‡ßç‡¶ó‡¶æ| #Sad #True,2014-10-11T14:03:05.000Z,"{'retweet_count': 0, 'reply_count': 0, 'like_count': 0, 'quote_count': 0}",bn,#sad,,,
TweetDeck,517615094901927937,42642180,everyone,517615094901927937,‡¶è‡¶ñ‡¶®‡ßã ‡¶ï‡ßã‡¶® ‡¶ó‡¶∞‡ßÅ ‡¶¶‡ßá‡¶ñ‡¶æ ‡¶π‡¶≤‡¶®‡¶æ‡•§ ‡¶Ü‡¶ó‡ßá ‡¶ï‡ßÅ‡¶∞‡¶¨‡¶æ‡¶®‡ßÄ ‡¶à‡¶¶‡ßá ‡¶Ü‡¶ó‡ßá ‡¶ï‡¶§‡¶á ‡¶®‡¶æ ‡¶Æ‡¶ú‡¶æ ‡¶π‡¶§‡•§ ‚Äî #sad #nostalgic,2014-10-02T10:00:30.000Z,"{'retweet_count': 0, 'reply_count': 0, 'like_count': 0, 'quote_count': 0}",bn,#sad,,,
TwitPal,512492291655614464,2323287469,everyone,512640861192978432,"@someuser :  ‡¶Æ‡¶ú‡¶æ ‡¶®‡¶ø‡¶§‡ßá ‡¶Æ‡¶®‡¶ö‡¶æ‡ßü ‡¶®‡¶æ‡¶∞‡ßá , ‡¶Ö‡¶®‡ßá‡¶ï ‡¶Æ‡¶ú‡¶æ ‡¶®‡¶ø‡¶õ‡¶ø!!! ‡¶§‡ßç‡¶∞‡¶ï ‡¶∏‡¶Æ‡ßü ‡¶∏‡¶¨ ‡¶õ‡¶ø‡¶≤ , ‡¶§‡ßç‡¶∞‡¶ñ‡¶® ‡¶∏‡¶¨ ‡¶π‡¶æ‡¶∞‡¶æ‡¶á ‡¶´‡ßá‡¶≤‡ßá‡¶õ‡¶ø ,,, ‡¶§‡ßç‡¶∞‡¶ñ‡¶® ‡¶ï‡¶ø‡¶õ‡ßÅ ‡¶ï‡¶∞‡¶§‡ßá ‡¶≠‡¶æ‡¶≤‡ßã‡¶≤‡¶æ‡¶ó‡ßá ‡¶®‡¶æ #sad",2014-09-18T16:34:40.000Z,"{'retweet_count': 0, 'reply_count': 1, 'like_count': 0, 'quote_count': 0}",bn,#sad,,"[{'type': 'replied_to', 'id': '512638985978392576'}]",1440449438
IFTTT,510824843559043074,89917813,everyone,510824843559043074,#DeadMan #Sick #Sad #Depressed #Bored ‡¶ï‡¶ø‡¶ö‡ßç‡¶õ‡ßÅ ‡¶≠‡¶æ‡¶≤‡ßç‡¶≤‡¶æ‡¶ó‡ßá‡¶®‡¶æ ‡¶ï‡ßá?? :(,2014-09-13T16:18:28.000Z,"{'retweet_count': 0, 'reply_count': 0, 'like_count': 0, 'quote_count': 0}",bn,#sad,,,
Mobile Web (M2),495090379323375616,240140071,everyone,495090379323375616,‡¶Ü‡¶ó‡ßÅ‡¶®‡ßá‡¶∞ ‡¶™‡¶∞‡¶∂‡¶Æ‡¶®‡¶ø ‡¶õ‡ßã‡ßü‡¶æ‡¶ì ‡¶™‡ßç‡¶∞‡¶æ‡¶®‡ßá #Sad ‡¶≠‡¶æ‡¶≤ ‡¶•‡¶æ‡¶ï‡ßÅ‡¶® ‡¶®‡¶¨‡¶æ‡¶∞‡ßÅ‡¶®,2014-08-01T06:15:19.000Z,"{'retweet_count': 0, 'reply_count': 0, 'like_count': 0, 'quote_count': 0}",bn,#sad,,,
Facebook,491955345192124416,2448917689,everyone,491955345192124416,‡¶™‡¶æ‡ßü‡ßá ‡¶ñ‡ßÅ‡¶¨ pain ‡¶ï‡¶∞‡ßç‡¶õ‡ßá ‡¶®‡¶æ‡¶Æ‡¶æ‡¶Ø miss ‡¶π‡ßü‡¶æ ‡¶ó‡ßá‡¶≤‡•§ ‡¶ñ‡ßÅ‡¶¨ ‡¶á ‡¶ï‡¶∑‡ßç‡¶ü. ‡¶≤‡¶æ‡¶ó‡¶õ‡ßá #sad,2014-07-23T14:37:49.000Z,"{'retweet_count': 0, 'reply_count': 0, 'like_count': 0, 'quote_count': 0}",bn,#sad,,,
Mobile Web (M2),488684161985945600,382546942,everyone,488684161985945600,"‡¶ï‡¶ø ‡¶Ø‡ßá‡¶® ‡¶®‡¶æ‡¶á , ‡¶ï‡¶ø ‡¶Ø‡ßá‡¶® ‡¶™‡ßá‡¶≤‡¶æ‡¶Æ ‡¶®‡¶æ, ‡¶ï‡¶ø ‡¶Ø‡ßá‡¶® ‡¶Ö‡¶™‡ßÇ‡¶∞‡ßç‡¶£‡¶§‡¶æ ‡¶∞‡ßü‡ßá ‡¶ó‡ßá‡¶≤, ‡¶ï‡¶ø ‡¶Ø‡ßá‡¶® ‡¶™‡ßá‡ßü‡ßá ‡¶ì ‡¶π‡¶æ‡¶∞‡¶æ‡¶≤‡¶æ‡¶Æ #sad",2014-07-14T13:59:18.000Z,"{'retweet_count': 1, 'reply_count': 0, 'like_count': 0, 'quote_count': 0}",bn,#sad,,,
Facebook,488080940372332544,30176019,everyone,488080940372332544,‡¶¨‡¶æ‡¶Ç‡¶≤‡¶æ‡¶¶‡ßá‡¶∂ ‡¶´‡ßÅ‡¶ü‡¶¨‡¶≤ ‡¶ü‡ßÄ‡¶Æ‡ßá‡¶∞ ‡¶∏‡¶æ‡¶•‡ßá ‡¶ñ‡ßá‡¶≤‡¶æ ‡¶∞‡¶æ‡¶ñ‡¶≤‡ßá‡¶ì ‡¶Æ‡¶®‡ßá ‡¶π‡ßü ‡¶¨‡ßç‡¶∞‡¶æ‡¶ú‡¶ø‡¶≤ ‡¶π‡ßá‡¶∞‡ßá ‡¶Ø‡¶æ‡¶¨‡ßá ‡¶è‡¶ñ‡¶®‡•§ ‡¶è‡¶∞‡¶æ ‡¶™‡ßÅ‡¶∞‡¶æ‡¶á ‡¶¨‡¶ø‡¶¶‡ßç‡¶ß‡¶∏‡ßç‡¶§‡•§ #sad,2014-07-12T22:02:18.000Z,"{'retweet_count': 0, 'reply_count': 0, 'like_count': 0, 'quote_count': 0}",bn,#sad,,,
TweetDeck,482487405753016320,2323287469,everyone,482487405753016320,‡¶¨‡¶ø‡¶¶‡¶æ‡ßü ‡¶ï‡ßç‡¶∞‡¶ø‡¶∂‡ßç‡¶ö‡¶ø‡ßü‡¶æ‡¶®‡ßã ‡¶∞‡ßã‡¶®‡¶æ‡¶≤‡¶¶‡ßã #cry #sad,2014-06-27T11:35:36.000Z,"{'retweet_count': 0, 'reply_count': 0, 'like_count': 0, 'quote_count': 0}",bn,#sad,,,
Mobile Web (M2),476412680727977984,382546942,everyone,476412680727977984,‡¶á‡¶¶‡¶æ‡¶®‡¶ø‡¶Ç ‡¶¨‡¶ø‡¶∞‡¶π‡ßá‡¶∞ ‡¶ó‡¶æ‡¶® ‡¶ó‡ßÅ‡¶≤‡¶æ ‡¶è‡¶ï‡¶ü‡ßÅ ‡¶¨‡ßá‡¶∂‡¶ø ‡¶∂‡ßÅ‡¶®‡¶§‡ßá ‡¶Æ‡¶® ‡¶ö‡¶æ‡¶ö‡ßç‡¶õ‡ßá #Sad #Song,2014-06-10T17:16:49.000Z,"{'retweet_count': 0, 'reply_count': 0, 'like_count': 0, 'quote_count': 0}",bn,#sad,,,
Mobile Web (M2),466924729924743168,517571187,everyone,466924729924743168,‡¶¶‡¶ø‡¶®‡ßá‡¶∞ ‡¶∂‡ßá‡¶∑‡ßá ‡¶è‡¶ï‡¶ü‡ßÅ‡¶ñ‡¶æ‡¶®‡¶ø ‡¶¨‡ßÉ‡¶∑‡ßç‡¶ü‡¶ø ‡¶è‡¶∏‡ßá ‡¶≠‡¶ø‡¶ú‡¶ø‡ßü‡ßá ‡¶¶‡¶ø‡¶≤‡ßã ‡¶∂‡¶∞‡ßÄ‡¶∞ ‡¶Æ‡¶® ‡¶ï‡¶ø‡¶®‡ßç‡¶§‡ßÅ ‡¶ú‡ßÅ‡¶§‡¶æ ‡¶ó‡ßÅ‡¶≤‡ßã .......  #feeling #sad,2014-05-15T12:55:05.000Z,"{'retweet_count': 0, 'reply_count': 0, 'like_count': 0, 'quote_count': 0}",bn,#sad,,,
TwitPal,460046241901326336,2323287469,everyone,460271708838952960,@someuser :  ‡¶π‡¶æ‡¶∏‡¶≤‡¶æ‡¶Æ ‡¶ï‡¶á? ‡¶π‡¶æ‡¶∏‡¶§‡ßá ‡¶¨‡ßã‡¶≤‡ßá ‡¶ó‡ßá‡¶õ‡¶ø :(:( #sad,2014-04-27T04:18:21.000Z,"{'retweet_count': 0, 'reply_count': 0, 'like_count': 0, 'quote_count': 0}",bn,#sad,,"[{'type': 'replied_to', 'id': '460261134562766848'}]",2386572651
Twitter for iPhone,458128428688883712,1036348670,everyone,458135887037988864,@someuser ; ‡¶•‡¶æ‡¶ï‡ßá ‡¶∏‡¶ø‡¶≤‡ßá‡¶ü ‡¶Ü‡¶Æ‡¶æ‡¶∞ ‡¶∏‡¶æ‡¶•‡ßá ‡¶∞‡¶æ‡¶ó‡¶ï‡¶∞‡ßá ‡¶ï‡¶•‡¶æ‡¶¨‡¶≤‡ßá ‡¶®‡¶æ #sad,2014-04-21T06:51:21.000Z,"{'retweet_count': 0, 'reply_count': 1, 'like_count': 0, 'quote_count': 0}",bn,#sad,,"[{'type': 'replied_to', 'id': '458131796556021760'}]",1281250261
Twitter for iPhone,457861328456384513,1036348670,everyone,457918061668876289,@someuser : ‡¶Ü‡¶ú ‡¶Ü‡¶Æ‡¶æ‡¶∞ ‡¶Æ‡¶® ‡¶≠‡¶æ‡¶≤‡ßã ‡¶®‡¶æ. ‡¶ú‡¶æ‡¶®‡¶ø ‡¶®‡¶æ‡¶∞‡ßá dost #sad,2014-04-20T16:25:48.000Z,"{'retweet_count': 0, 'reply_count': 1, 'like_count': 1, 'quote_count': 0}",bn,#sad,,"[{'type': 'replied_to', 'id': '457917415993516032'}]",2373489776
Twitter for iPhone,456127155638775808,1036348670,everyone,456128800330248192,@someuser : ‡¶§‡¶æ‡¶á‡¶≤‡ßá ‡¶™‡¶æ‡¶®‡¶ø‡¶§‡ßá ‡ßú‡ßÅ‡¶á‡¶¨‡¶æ ‡¶Æ‡¶∞ :P #sad,2014-04-15T17:55:55.000Z,"{'retweet_count': 0, 'reply_count': 1, 'like_count': 0, 'quote_count': 0}",bn,#sad,,"[{'type': 'replied_to', 'id': '456127155638775808'}]",587311226
TwitPal,451289751841411072,2323287469,everyone,451593416711737344,@someuser :  ‡¶ï‡¶ø ‡¶¨‡¶≤‡¶õ‡ßã ‡¶§‡ßÅ‡¶Æ‡¶ø!!!! ‡¶®‡¶æ ‡¶®‡¶æ ‡¶§‡ßÅ‡¶Æ‡¶ø ‡¶≠‡¶æ‡¶≤‡ßã ‡¶ï‡¶∞‡ßá ‡¶ö‡¶æ‡¶Å‡¶¶‡¶™‡ßÅ‡¶∞ ‡¶¶‡ßá‡¶ñ‡¶®‡¶æ‡¶á #sad,2014-04-03T05:33:55.000Z,"{'retweet_count': 0, 'reply_count': 0, 'like_count': 0, 'quote_count': 0}",bn,#sad,,"[{'type': 'replied_to', 'id': '451590595346067457'}]",705221715
Facebook,451027907897344001,843327354,everyone,451027907897344001,‡¶è‡¶ï‡¶ü‡¶æ #SAD ‡¶ï‡¶•‡¶æ ‡¶∂‡ßÅ‡¶®‡ßá ‡¶Æ‡¶®‡¶ü‡¶æ ‡¶ñ‡¶æ‡¶∞‡¶æ‡¶™ ‡¶π‡ßü‡ßá ‡¶ó‡ßá‡¶≤...‡•§‡•§ ‚Äî feeling sad,2014-04-01T16:06:47.000Z,"{'retweet_count': 0, 'reply_count': 0, 'like_count': 0, 'quote_count': 0}",bn,#sad,,,
Facebook,416555928239239168,1611145682,everyone,416555928239239168,Pling_________ #sAd| .| ‡¶Ü‡¶Æ‡¶ø ‡¶Ü‡¶∞ ‡¶¨‡ßá‡¶∂‡¶ø ‡¶¶‡¶ø‡¶® ‡¶¨‡¶æ‡¶ö‡¶¨‡ßã‡¶®‡¶æ! ‡¶°‡¶æ‡¶ï‡ßç‡¶§‡¶æ‡¶∞ ‡¶¨‡¶≤‡ßá‡¶õ‡ßá ‡¶Ü‡¶Æ‡¶ø ‡¶Ü‡¶∞ 4 ‡¶¶‡¶ø‡¶® ‡¶¨‡¶æ‡¶ö‡¶¨‡ßã | .| .| ‡¶∏‡¶¨‡¶æ‡¶á ‡¶Ü‡¶Æ‡¶æ‡¶∞ ‡¶ú‡¶®‡ßç‡¶Ø ‡¶¶‡ßã‡¶Ø‡¶º‡¶æ ‡¶ï‡¶∞ ?| .... http://someurl,2013-12-27T13:07:27.000Z,"{'retweet_count': 0, 'reply_count': 0, 'like_count': 0, 'quote_count': 0}",bn,#sad,,,
Facebook,413745345244712960,1097328860,everyone,413745345244712960,"‡¶®‡¶ø‡¶ú‡ßá‡¶∞ ‡¶ú‡¶≤‡ßá‡¶á ‡¶ü‡¶≤‡¶Æ‡¶≤ ‡¶ï‡¶∞‡ßá ‡¶Ü‡¶Å‡¶ñ‡¶ø,| ‡¶§‡¶æ‡¶á ‡¶®‡¶ø‡ßü‡ßá ‡¶ñ‡ßÅ‡¶¨ ‡¶¨‡¶ø‡¶¨‡ßç‡¶∞‡¶§ ‡¶π‡ßü‡ßá ‡¶•‡¶æ‡¶ï‡¶ø‡•§ #Sad",2013-12-19T18:59:11.000Z,"{'retweet_count': 0, 'reply_count': 0, 'like_count': 0, 'quote_count': 0}",bn,#sad,,,
Twitter for Android,412931312979165184,1097328860,everyone,412931312979165184,‡¶Ü‡¶™‡¶® ‡¶Æ‡¶æ‡¶®‡ßÅ‡¶∑ ‡¶ó‡ßÅ‡¶≤‡¶æ ‡¶ï‡¶ø ‡¶≠‡¶æ‡¶¨‡ßá ‡¶è‡¶Æ‡¶® ‡¶Ö‡¶Æ‡¶æ‡¶®‡ßÅ‡¶∑‡ßá‡¶∞ ‡¶Æ‡¶§ ‡¶¨‡ßç‡¶Ø‡¶¨‡¶π‡¶æ‡¶∞ ‡¶ï‡¶∞‡ßá???? ‡¶Ü‡¶Æ‡¶ø ‡¶¨‡ßá‡¶ï‡¶æ‡¶∞ ‡¶§‡¶æ‡¶á ‡¶¨‡¶≤‡ßá ‡¶Ü‡¶Æ‡¶æ‡¶∞ ‡¶ï‡ßã‡¶® ‡¶Æ‡ßÇ‡¶≤‡ßç‡¶Ø ‡¶®‡ßá‡¶á??? ‡¶∂‡ßÅ‡¶ß‡ßÅ ‡¶ï‡¶ø ‡¶ï‡¶∑‡ßç‡¶ü ‡¶ï‡¶∞‡¶æ‡¶∞ ‡¶ú‡¶®‡ßç‡¶Ø‡¶á ‡¶ú‡¶Æ‡ßç‡¶Æ‡ßá ‡¶õ‡¶ø‡¶≤‡¶æ‡¶Æ?? #Sad,2013-12-17T13:04:31.000Z,"{'retweet_count': 0, 'reply_count': 0, 'like_count': 0, 'quote_count': 0}",bn,#sad,"{'coordinates': {'type': 'Point', 'coordinates': [90.1233099, 23.6010892]}}",,
Twitter Web Client,407090023524077569,20944322,everyone,407090023524077569,"‡¶§‡¶æ‡¶á ‡¶¨‡¶≤‡ßá ‡¶™‡ßÅ‡¶∞‡¶æ ‡ßß ‡¶Æ‡¶æ‡¶∏ ‡¶ü‡ßÅ‡¶á‡¶ü‡¶æ‡¶∞ ‡¶•‡ßá‡¶ï‡ßá ‡¶¶‡ßÇ‡¶∞‡ßá? ‡¶Ø‡ßá‡¶ï‡¶ø‡¶®‡¶æ ‡¶∏‡¶æ‡¶∞‡¶æ ‡¶¶‡¶ø‡¶® ‡¶∞‡¶æ‡¶§ ‡¶è‡¶á ‡¶ü‡ßÅ‡¶á‡¶ü‡¶æ‡¶∞‡ßá ‡¶∏‡¶Æ‡ßü ‡¶¶‡¶ø‡¶§, ‡¶Ü‡¶∞ ‡¶∏‡ßá  ‡ßß ‡¶Æ‡¶æ‡¶∏ ‡¶ü‡ßÅ‡¶á‡¶ü‡¶æ‡¶∞ ‡¶®‡¶æ‡¶á!! #SAD",2013-12-01T10:13:19.000Z,"{'retweet_count': 0, 'reply_count': 0, 'like_count': 1, 'quote_count': 0}",bn,#sad,,,
Mobile Web (M2),404271008485744640,284150941,everyone,404271008485744640,‡¶Ö‡¶®‡ßá‡¶ï ‡¶¶‡¶ø‡¶® ‡¶™‡¶∞ ‡¶ü‡ßÅ‡¶á‡¶ü‡¶æ‡¶∞‡ßá ‡¶è‡¶∏‡ßá ‡¶ó‡¶æ‡¶≤‡¶ø ‡¶ñ‡ßá‡¶§‡ßá ‡¶π‡¶≤‡ßã! ‡¶Æ‡¶®‡¶ü‡¶æ‡¶á ‡¶ñ‡¶æ‡¶∞‡¶æ‡¶™ ‡¶π‡ßü‡ßá ‡¶ó‡ßá‡¶≤‡ßã! #sad,2013-11-23T15:31:34.000Z,"{'retweet_count': 0, 'reply_count': 2, 'like_count': 0, 'quote_count': 0}",bn,#sad,,,
Mobile Web (M2),398080927043440640,615864128,everyone,398080927043440640,"‡¶Ö‡¶ó‡ßÅ‡¶õ‡¶æ‡¶≤‡ßã ‡¶∏‡¶¨‡¶ï‡¶ø‡¶õ‡ßÅ ‡¶¨‡ßá‡¶¶‡¶®‡¶æ‡¶∞ ‡¶∞‡¶ô‡ßç‡¶ó‡ßá ‡¶∞‡¶ô‡ßç‡¶ó‡ßá, ‡¶è‡¶≠‡¶æ‡¶¨‡ßá ‡¶ï‡¶ø ‡¶ú‡ßÄ‡¶¨‡¶® ‡¶∞‡¶æ‡¶ô‡ßç‡¶ó‡¶æ‡¶®‡ßã ‡¶Ø‡¶æ‡ßü? #Sad",2013-11-06T13:34:23.000Z,"{'retweet_count': 3, 'reply_count': 7, 'like_count': 2, 'quote_count': 0}",bn,#sad,,,
Facebook,385806868796694528,114097171,everyone,385806868796694528,Sadness is: ‡¶¶‡¶æ‡¶∞‡ßã‡ßü‡¶æ‡¶® ‡¶¨‡ßç‡¶Ø‡¶æ‡¶ü‡¶æ ‡¶Ø‡¶ñ‡¶® ‡¶™‡ßç‡¶∞‡ßá‡¶Æ‡¶™‡¶§‡ßç‡¶∞‡¶ü‡¶æ ‡¶Ü‡¶¨‡ßç‡¶¨‡ßÅ‡¶∞ ‡¶π‡¶æ‡¶§‡ßá ‡¶§‡ßÅ‡¶á‡¶≤‡¶æ ‡¶¶‡ßá‡ßü... :( :( | #busted #sad,2013-10-03T16:41:40.000Z,"{'retweet_count': 0, 'reply_count': 0, 'like_count': 0, 'quote_count': 0}",bn,#sad,,,
Twitter for Android,383078703418208256,1097328860,everyone,383078703418208256,‡¶Æ‡¶®‡ßá ‡¶Æ‡¶§ ‡¶π‡¶ø‡¶§‡ßá ‡¶™‡¶æ‡¶∞‡¶≤‡¶ø ‡¶®‡¶æ‡•§ #sad,2013-09-26T04:00:54.000Z,"{'retweet_count': 0, 'reply_count': 0, 'like_count': 0, 'quote_count': 0}",bn,#sad,,,
Twitter for Websites,380318027968811008,1376429089,everyone,380318027968811008,‡¶Ø‡¶æ‡¶π‡¶æ ‡¶ö‡¶æ‡¶á ‡¶§‡¶æ‡¶π‡¶æ ‡¶™‡¶æ‡¶á ‡¶®‡¶æ‡•§‡¶Ø‡¶æ‡¶π‡¶æ ‡¶™‡¶æ‡¶á ‡¶§‡¶æ‡¶π‡¶æ ‡¶ö‡¶æ‡¶á ‡¶®‡¶æ #very #sad,2013-09-18T13:10:58.000Z,"{'retweet_count': 0, 'reply_count': 1, 'like_count': 0, 'quote_count': 0}",bn,#sad,,,
Twitter for Android,374195915965214720,1097328860,everyone,374205206122090497,@someuser ‡¶π‡¶æ‡ßü‡¶∞‡ßá ‡¶ï‡¶™‡¶æ‡¶≤ ‡¶Ü‡¶Æ‡¶∞‡¶æ ‡ß© ‡¶ú‡¶ø ‡¶™‡¶æ‡¶á‡¶®‡¶æ ‡¶Ü‡¶∞ ‡¶Ü‡¶™‡¶®‡ßá‡¶∞‡¶æ ‡ß™ ‡¶ú‡¶ø ‡¶®‡¶ø‡ßü‡¶æ ‡¶®‡¶æ‡¶∞‡¶æ‡¶ö‡¶æ‡¶∞‡¶æ ‡¶ï‡¶∞‡ßá‡¶®‡•§  #Sad @someuser,2013-09-01T16:20:48.000Z,"{'retweet_count': 0, 'reply_count': 0, 'like_count': 0, 'quote_count': 0}",bn,#sad,,"[{'type': 'replied_to', 'id': '374204611281711105'}]",1245487406
Twitter Web Client,363618665331032065,74975367,everyone,363618665331032065,‡¶Ü‡¶Æ‡¶æ‡¶∞ ‡¶Ü‡¶∞ ‡¶¨‡¶æ‡ßú‡¶ø ‡¶´‡ßá‡¶∞‡¶æ ‡¶π‡¶≤ ‡¶®‡¶æ ‡¶è‡¶¨‡¶æ‡¶∞....| #Chittagong | #My_Heaven_in_Earth| #Sad.,2013-08-03T11:13:40.000Z,"{'retweet_count': 0, 'reply_count': 1, 'like_count': 0, 'quote_count': 0}",bn,#sad,,,
Mobile Web (M2),356850122879021057,615850116,everyone,356850122879021057,"‡¶ï‡¶ñ‡¶®‡ßã‡¶á ‡¶ñ‡¶æ‡¶∞‡¶æ‡¶™ ‡¶Ö‡¶≠‡¶ø‡¶∂‡¶æ‡¶™ ‡¶Æ‡¶®‡ßá ‡¶Ü‡¶®‡¶ø ‡¶®‡¶æ.‡¶ú‡ßç‡¶¨‡¶æ‡¶≤‡¶æ‡¶ì ‡¶™‡ßã‡¶°‡¶º‡¶æ‡¶ì ‡¶ß‡¶∞‡¶®‡ßá‡¶∞ ‡¶ï‡¶∑‡ßç‡¶ü ‡¶™‡ßá‡¶≤‡ßá ‡¶ì ‡¶¶‡ßã‡¶Ø‡¶º‡¶æ ‡¶ï‡¶∞‡¶ø ‡¶Ø‡ßá‡¶® ‡¶≠‡ßÅ‡¶≤‡¶ü‡¶æ ‡¶∂‡ßÅ‡¶ß‡¶∞‡¶æ‡¶ì.‡¶π‡ßã‡¶™‡ßç‡¶≤‡ßá‡¶∏ ‡¶Æ‡¶æ‡¶•‡¶æ‡¶ü‡¶æ ‡¶ï‡¶æ‡¶ú‡ßá ‡¶≤‡¶æ‡¶ó‡¶æ‡¶ì,‡¶è‡¶ï‡¶ü‡ßÅ ‡¶¨‡ßã‡¶ù‡ßã. #sad :(",2013-07-15T18:57:53.000Z,"{'retweet_count': 0, 'reply_count': 0, 'like_count': 0, 'quote_count': 0}",bn,#sad,,,
Facebook,355614829098176513,170943388,everyone,355614829098176513,"‡¶∏‡ßá‡¶π‡ßá‡¶∞‡ßÄ ‡¶ñ‡¶æ‡¶á‡ßü‡¶æ ‡¶è‡¶Æ‡¶® ‡¶ò‡ßÅ‡¶Æ‡¶á ‡¶¶‡¶ø‡¶≤‡¶æ‡¶Æ, ‡¶è‡¶ñ‡¶® ‡¶¨‡¶ø‡¶ï‡¶æ‡¶≤ ‡ß©‡¶ü‡¶æ‡ßü ‡¶ò‡ßÅ‡¶Æ ‡¶≠‡¶æ‡¶ô‡¶õ‡ßá ‡•§‡¶ú‡ßÅ‡¶Æ‡ßç‡¶Æ‡¶æ‡¶∞ ‡¶®‡¶æ‡¶Æ‡¶æ‡¶ú‡¶ü‡¶æ‡¶ì ‡¶ò‡ßÅ‡¶Æ‡ßá‡¶∞ ‡¶Æ‡¶ß‡ßç‡¶Ø‡ßá ‡¶π‡ßü‡ßá ‡¶ó‡ßá‡¶õ‡ßá....!! #Rhidoy #Sad",2013-07-12T09:09:16.000Z,"{'retweet_count': 0, 'reply_count': 0, 'like_count': 0, 'quote_count': 0}",bn,#sad,,,
Facebook,349632695917219840,170943388,everyone,349632695917219840,"‡¶§‡ßÅ‡¶Æ‡¶ø ‡¶™‡ßç‡¶∞‡¶§‡¶ø‡¶¶‡¶ø‡¶® ‡¶Ü‡¶∞‡¶æ‡¶Æ‡ßá ‡¶ò‡ßÅ‡¶Æ‡¶æ‡¶ì, ‡¶Ü‡¶∞ ‡¶Ü‡¶Æ‡¶ø ‡¶™‡ßç‡¶∞‡¶§‡¶ø‡¶¶‡¶ø‡¶®‡¶á ‡¶∞‡¶æ‡¶§ ‡¶ú‡¶æ‡¶ó‡¶ø....!! #Rhidoy #Sad",2013-06-25T20:58:25.000Z,"{'retweet_count': 0, 'reply_count': 0, 'like_count': 0, 'quote_count': 0}",bn,#sad,,,
Twitter Web Client,347934919336538115,336993224,everyone,347934919336538115,‡¶Æ‡ßÅ‡¶ñ‡ßã‡¶∂‡ßá‡¶∞ ‡¶¶‡ßÅ‡¶®‡¶ø‡ßü‡¶æ‡ßü ‡¶Æ‡ßÅ‡¶ñ‡ßã‡¶∂ ‡¶ñ‡ßÅ‡¶≤‡¶§‡ßá ‡¶∏‡¶¨‡¶æ‡¶á ‡¶Ü‡¶Æ‡¶∞‡¶æ ‡¶¨‡¶ø‡¶¨‡ßç‡¶∞‡¶§ ‡¶π‡¶á #sad,2013-06-21T04:32:03.000Z,"{'retweet_count': 0, 'reply_count': 0, 'like_count': 0, 'quote_count': 0}",bn,#sad,,,
Twitter Web Client,347744951985115137,74975367,everyone,347744951985115137,"‡¶≠‡¶æ‡¶ó‡ßç‡¶Ø‡¶∞‡ßá ‡¶∏‡ßÅ‡¶ß‡¶æ‡¶á, ‡¶ì‡¶π‡ßá ‡¶≤‡¶≤‡¶æ‡¶ü| ‡¶è‡¶Æ‡¶® ‡¶ï‡¶∞‡ßá‡¶® ‡¶ï‡ßá‡¶®?| ‡¶§‡ßã‡¶Æ‡¶æ‡¶∞ ‡¶§‡¶∞‡ßá ‡¶∞‡ßã‡¶ú ‡¶Æ‡¶ú‡ßÅ‡¶∞ ‡¶ñ‡¶æ‡¶ü‡¶ø| ‡¶è‡¶ï‡¶ü‡ßÅ ‡¶¶‡ßá‡¶ñ‡¶æ ‡¶¶‡ßá‡¶®! | | #fate #sad #life",2013-06-20T15:57:11.000Z,"{'retweet_count': 0, 'reply_count': 0, 'like_count': 1, 'quote_count': 0}",bn,#sad,,,
Twitter Web Client,345909276029644800,24401670,everyone,345909276029644800,‡¶è‡¶ï ‡¶™‡¶≤‡¶ï‡ßá ‡¶è‡¶ï‡¶ü‡ßÅ ‡¶¶‡ßá‡¶ñ‡¶æ... ‡¶Ü‡¶∞ ‡¶è‡¶ï‡¶ü‡ßÅ ‡¶¨‡ßá‡¶∂‡¶ø ‡¶π‡¶≤‡ßá ‡¶ï‡ßç‡¶∑‡¶§‡¶ø ‡¶ï‡¶ø? #Sad,2013-06-15T14:22:52.000Z,"{'retweet_count': 0, 'reply_count': 0, 'like_count': 0, 'quote_count': 0}",bn,#sad,,,
Twitter Web Client,328515686576041984,159374995,everyone,328515686576041984,"‡¶Æ‡¶æ‡¶•‡¶æ‡ßü ‡¶§‡¶æ‡¶≤ ‡¶™‡ßú‡¶≤‡ßá ‡¶†‡¶ø‡¶ï‡¶ï‡ßá‡¶á ‡¶â‡¶™‡¶∞‡ßá ‡¶§‡¶æ‡¶ï‡¶æ‡ßü, ‡¶ï‡¶ø‡¶®‡ßç‡¶§‡ßÅ ‡¶¨‡¶∏‡¶æ‡¶∞ ‡¶Ü‡¶ó‡ßá ‡¶¶‡ßá‡¶ñ‡¶æ‡¶ü‡¶æ ‡¶™‡ßç‡¶∞‡ßü‡ßã‡¶ú‡¶® ‡¶Æ‡¶®‡ßá ‡¶ï‡¶∞‡ßá‡¶®‡¶æ ‡¶Ü‡¶∏‡¶≤‡ßá ‡¶ï‡ßã‡¶•‡¶æ‡ßü ‡¶¨‡¶∏‡¶õ‡ßá... #Bdesh  #bd #corruptioneverywhere #Sad",2013-04-28T14:26:57.000Z,"{'retweet_count': 0, 'reply_count': 0, 'like_count': 0, 'quote_count': 0}",bn,#sad,,,
Twitter Web Client,325294606679961600,1124041902,everyone,325294606679961600,‡¶è‡¶ï‡¶æ‡¶ï‡ßÄ‡¶§‡ßç‡¶¨‡ßá‡¶∞ ‡¶ì ‡¶è‡¶ï‡¶ü‡¶æ ‡¶∏‡ßÄ‡¶Æ‡¶æ ‡¶•‡¶æ‡¶ï‡¶æ ‡¶¶‡¶∞‡¶ï‡¶æ‡¶∞......... #sad,2013-04-19T17:07:32.000Z,"{'retweet_count': 0, 'reply_count': 0, 'like_count': 0, 'quote_count': 0}",bn,#sad,,,
Write Longer,316836153066127360,1268756570,everyone,316836153066127360,RT @someuser ‡¶Ü‡¶ú‡¶ï‡¶æ‡¶≤ ‡¶∏‡¶¨ ‡¶ï‡¶ø‡¶õ‡ßÅ‡¶§‡ßá‡¶á ‡¶ï‡¶æ‡¶∞‡ßã ‡¶®‡¶æ ‡¶ï‡¶æ‡¶∞‡ßã ‡¶ï‡ßã‡¶® ‡¶®‡¶æ ‡¶ï‡ßã‡¶® ‡¶è‡¶≤‡¶æ‡¶∞‡ßç‡¶ú‡¶ø ‡¶•‡¶æ‡¶ï‡¶æ‡¶ü‡¶æ ‡¶Ö‡¶¨‡¶∂‡ßç‡¶Ø‡¶Æ‡ßç‡¶≠‡¶æ‡¶¨‡ßÄ ‡¶¶‡ßá‡¶ñ‡¶õ‡¶ø‡•§ :S #Sad,2013-03-27T08:56:40.000Z,"{'retweet_count': 0, 'reply_count': 0, 'like_count': 0, 'quote_count': 0}",bn,#sad,,,
Twitter for Android,316832871270735872,168036350,everyone,316832871270735872,‡¶Ü‡¶ú‡¶ï‡¶æ‡¶≤ ‡¶∏‡¶¨ ‡¶ï‡¶ø‡¶õ‡ßÅ‡¶§‡ßá‡¶á ‡¶ï‡¶æ‡¶∞‡ßã ‡¶®‡¶æ ‡¶ï‡¶æ‡¶∞‡ßã ‡¶ï‡ßã‡¶® ‡¶®‡¶æ ‡¶ï‡ßã‡¶® ‡¶è‡¶≤‡¶æ‡¶∞‡ßç‡¶ú‡¶ø ‡¶•‡¶æ‡¶ï‡¶æ‡¶ü‡¶æ ‡¶Ö‡¶¨‡¶∂‡ßç‡¶Ø‡¶Æ‡ßç‡¶≠‡¶æ‡¶¨‡ßÄ ‡¶¶‡ßá‡¶ñ‡¶õ‡¶ø‡•§ :S #Sad,2013-03-27T08:43:37.000Z,"{'retweet_count': 0, 'reply_count': 0, 'like_count': 0, 'quote_count': 0}",bn,#sad,,,
Mobile Web (M2),310455367027023872,369308645,everyone,310455367027023872,‡¶Ü‡¶Æ‡¶ø ‡¶ï‡¶ø‡¶õ‡ßÅ ‡¶¨‡ßÅ‡¶ù‡¶ø‡¶®‡¶ø  http://someurl  #lol #bad #sad #mad #news #savebangladesh,2013-03-09T18:21:42.000Z,"{'retweet_count': 1, 'reply_count': 0, 'like_count': 0, 'quote_count': 0}",bn,#sad,,,
Mobile Web (M2),297904287240048640,1091615732,everyone,297904287240048640,‡¶¨‡¶æ‡¶Ç‡¶≤‡¶æ‡¶¶‡ßá‡¶∂‡ßá ‡¶∏‡ßç‡¶ü‡¶æ‡¶∞ ‡¶ú‡¶≤‡¶∏‡¶æ‡¶∞ ‡¶ö‡¶æ‡¶π‡¶ø‡¶¶‡¶æ ‡¶Ö‡¶®‡ßá‡¶ï ‡¶¨‡ßá‡¶∂‡¶ø ‡¶Ö‡¶®‡ßç‡¶Ø‡¶æ‡¶®‡ßç‡¶Ø ‡¶ö‡ßç‡¶Ø‡¶æ‡¶®‡ßá‡¶≤ ‡¶ó‡ßÅ‡¶≤‡¶æ‡¶∞ ‡¶ö‡ßá‡ßü‡ßá #Sad,2013-02-03T03:08:11.000Z,"{'retweet_count': 0, 'reply_count': 0, 'like_count': 0, 'quote_count': 0}",bn,#sad,,,
Twitter for iPhone,291314060178362368,634760583,everyone,291314060178362368,"‡¶ö‡ßã‡¶ñ ‡¶§‡¶æ‡¶∞ ‡¶ö‡ßã‡¶∞‡¶æ‡¶¨‡¶æ‡¶≤‡¶ø, ‡¶Æ‡¶® ‡¶Ø‡ßá ‡¶™‡¶æ‡¶•‡¶∞ ‡¶ï‡¶¨‡¶∞‡ßá‡¶∞ ‡¶ì‡¶™‡¶∞‡ßá‡¶§‡ßá ‡¶Ø‡ßá‡¶® ‡¶¨‡¶æ‡¶ß‡¶æ ‡¶ò‡¶∞ ‡¶≠‡¶æ‡¶≤‡ßã‡¶¨‡¶æ‡¶∏‡¶æ ‡¶Ø‡¶æ‡¶ï‡ßá ‡¶ï‡¶∞‡ßá ‡¶ó‡ßá‡¶õ‡ßá ‡¶™‡¶∞‡•§...| #sad",2013-01-15T22:40:58.000Z,"{'retweet_count': 0, 'reply_count': 0, 'like_count': 0, 'quote_count': 0}",bn,#sad,"{'coordinates': {'type': 'Point', 'coordinates': [47.97662814, 29.29318438]}}",,
Twiterous,272610311062814720,224598777,everyone,272610311062814720,‡¶™‡ßç‡¶∞‡¶§‡ßç‡¶∞‡¶ø‡¶ï‡¶æ ‡¶™‡¶°‡¶º‡¶§‡ßá ‡¶Ü‡¶∞ ‡¶≠‡¶æ‡¶≤‡ßç‡¶≤‡¶æ‡¶ó‡ßá‡¶®‡¶æ...‡¶ñ‡¶æ‡¶∞‡¶æ‡¶™ ‡¶ñ‡¶¨‡¶∞ ‡¶õ‡¶æ‡¶°‡¶º‡¶æ ‡¶ï‡ßã‡¶®‡ßã ‡¶≠‡¶æ‡¶≤‡¶æ ‡¶ñ‡¶¨‡¶∞ ‡¶®‡¶æ‡¶á... #sad,2012-11-25T07:58:57.000Z,"{'retweet_count': 1, 'reply_count': 0, 'like_count': 1, 'quote_count': 0}",bn,#sad,,,
Twitter Web Client,232081429805293568,128640274,everyone,232081429805293568,‡¶Ü‡¶ú‡¶ï‡ßá ‡¶π‡¶æ‡¶Å‡¶ü‡¶≤‡¶æ‡¶Æ..............................‡¶Ö‡¶®‡ßá‡¶ï ‡¶ï‡ßç‡¶∑‡¶£ ‡¶π‡¶æ‡¶Å‡¶ü‡¶≤‡¶æ‡¶Æ.............. #aFrustratedWalk #Sad,2012-08-05T11:51:39.000Z,"{'retweet_count': 0, 'reply_count': 0, 'like_count': 0, 'quote_count': 0}",bn,#sad,{'place_id': '9f4e63426a3f3da2'},,
Mobile Web,205650639441768449,355716252,everyone,205650639441768449,"‡ß´‡ß™‡ß¶ ‡¶ü‡¶æ‡¶ï‡¶æ ‡¶®‡¶ø‡¶Ø‡¶º‡ßá ‡¶¶‡ßã‡¶ï‡¶æ‡¶®‡ßá ‡¶ó‡ßá‡¶≤‡ßÅ‡¶Æ, ‡¶ñ‡¶∞‡¶ö ‡¶§‡¶∞‡¶ö ‡¶ï‡¶∞‡ßá ‡¶∂‡ßá‡¶∑ ‡¶Æ‡ßá‡¶∂ ‡ßß‡ß¶ ‡¶ü‡¶æ‡¶ï‡¶æ ‡¶è ‡¶Æ‡¶æ‡¶®‡¶ø ‡¶¨‡ßá‡¶ó ‡¶è ‡¶ú‡¶Æ‡¶æ ‡¶™‡¶°‡¶º‡¶≤ ‡¶É‡¶™‡¶ø #sad",2012-05-24T13:25:07.000Z,"{'retweet_count': 0, 'reply_count': 0, 'like_count': 0, 'quote_count': 0}",bn,#sad,,,
Mobile Web,201926856373583873,355716252,everyone,201926856373583873,"‡¶è‡¶ï‡¶æ ‡¶™‡¶æ‡¶ñ‡¶ø ‡¶¨‡¶∏‡ßá ‡¶Ü‡¶õ‡ßá ‡¶∂‡¶π‡ßÅ‡¶∞‡ßá ‡¶¶‡ßá‡ßü‡¶æ‡¶≤‡ßá,| | ‡¶∂‡¶ø‡¶∂ ‡¶¶‡¶ø‡ßü‡ßá ‡¶ó‡¶æ‡¶® ‡¶ó‡¶æ‡ßü ‡¶ß‡ßÅ‡¶∏‡¶∞ ‡¶ñ‡ßá‡ßü‡¶æ‡¶≤‡ßá #sad",2012-05-14T06:48:08.000Z,"{'retweet_count': 0, 'reply_count': 0, 'like_count': 0, 'quote_count': 0}",bn,#sad,,,
Gravity!,161463692460965888,187841424,everyone,161463692460965888,"‡¶π‡¶æ‡¶Å‡¶ü‡¶§‡¶æ‡¶∏‡¶ø ‡¶Ü‡¶∞ ‡¶≠‡¶æ‡¶¨‡¶§‡¶æ‡¶∏‡¶ø, ‡¶Æ‡ßá‡¶≤‡¶æ‡¶∞ ‡¶è‡¶ï‡¶¶‡¶ø‡¶®‡ßá‡¶∞ ‡¶¶‡¶∞‡ßç‡¶∂‡¶®‡¶æ‡¶∞‡ßç‡¶•‡ßÄ‡¶¶‡ßá‡¶∞ ‡¶≠‡¶æ‡ßú‡¶æ ‡¶Ø‡¶¶‡¶ø ‡¶®‡¶ø‡¶É‡¶∂‡¶∞‡ßç‡¶§ ‡¶¶‡¶æ‡¶® ‡¶ï‡¶∞‡¶æ ‡¶π‡ßü ‡¶§‡¶¨‡ßá ‡¶ï‡¶§‡¶ú‡¶® ‡¶Æ‡¶æ‡¶®‡ßÅ‡¶∑‡ßá‡¶∞ ‡¶ñ‡¶æ‡¶¶‡ßç‡¶Ø ‡¶®‡¶ø‡¶∂‡ßç‡¶ö‡¶ø‡¶§ ‡¶ï‡¶∞‡¶æ ‡¶∏‡¶Æ‡ßç‡¶≠‡¶¨‡•§ #sad #fb",2012-01-23T15:01:58.000Z,"{'retweet_count': 0, 'reply_count': 0, 'like_count': 0, 'quote_count': 0}",bn,#sad,"{'coordinates': {'type': 'Point', 'coordinates': [90.37943007, 23.76835434]}}",,
Twitter Web Client,134362169084092416,14686400,everyone,134362169084092416,Some ABCDs ‡¶Ö‡¶•‡¶¨‡¶æ London ‡¶è ‡¶¨‡ßú ‡¶π‡¶ì‡ßü‡¶æ Sylheti ‡¶õ‡ßá‡¶≤‡ßá‡¶Æ‡ßá‡ßü‡ßá‡¶∞‡¶æ ‡¶®‡¶ø‡¶ú‡ßá‡¶¶‡ßá‡¶∞ ‡¶¨‡¶æ‡¶Ç‡¶≤‡¶æ‡¶¶‡ßá‡¶∂‡ßÄ ‡¶¨‡¶≤‡ßá ‡¶™‡¶∞‡¶ø‡¶ö‡ßü ‡¶¶‡¶ø‡¶§‡ßá ‡¶≤‡¶ú‡ßç‡¶ú‡¶æ ‡¶™‡¶æ‡ßü‡•§ #Sad,2011-11-09T20:10:12.000Z,"{'retweet_count': 0, 'reply_count': 0, 'like_count': 0, 'quote_count': 0}",bn,#sad,{'place_id': '4ec01c9dbc693497'},,
Twitter Web Client,52075174274666496,141558727,everyone,52075174274666496,‡¶è‡¶ï ‡¶ó‡¶æ‡¶¶‡¶æ ‡¶ò‡ßÅ‡¶Æ‡ßá‡¶∞ ‡¶ì‡¶∑‡ßÅ‡¶ß ‡¶ñ‡¶æ‡¶á‡¶≤‡¶æ‡¶Æ‡•§ ‡¶Ü‡¶∞ ‡¶Æ‡¶®‡ßá ‡¶π‡ßü ‡¶¨‡ßá‡¶∂‡¶ø ‡¶ï‡ßç‡¶∑‡¶£ ‡¶è‡¶á ‡¶Ø‡¶®‡ßç‡¶§‡ßç‡¶∞‡¶£‡¶æ‡¶∞ ‡¶ß‡¶∞‡¶£‡ßÄ‡¶§‡ßá ‡¶•‡¶æ‡¶ï‡¶¨ ‡¶®‡¶æ..............................#sad #but #true. #fb,2011-03-27T18:31:03.000Z,"{'retweet_count': 0, 'reply_count': 0, 'like_count': 0, 'quote_count': 0}",bn,#sad,,,
Gravity,50452115759443968,77757882,everyone,50452115759443968,‡¶Æ‡ßü‡¶Æ‡¶®‡¶∏‡¶ø‡¶Ç‡¶π‡ßá‡¶∞ ‡¶Ü‡¶á‡¶® ‡¶∂‡ßÉ‡¶Ç‡¶ñ‡¶≤‡¶æ‡¶∞ ‡¶™‡¶∞‡¶ø‡¶∏‡ßç‡¶•‡¶ø‡¶§‡¶ø ‡¶∏‡ßç‡¶Æ‡¶∞‡¶® ‡¶ï‡¶æ‡¶≤‡ßá‡¶∞ ‡¶Æ‡¶æ‡¶ù‡ßá ‡¶∂‡ßç‡¶∞‡ßá‡¶∑‡ßç‡¶† ‡¶Ö‡¶¨‡¶∏‡ßç‡¶•‡¶æ‡ßü ‡¶Ü‡¶õ‡ßá‡•§ #sarcasm #Mymensingh #sad,2011-03-23T07:01:36.000Z,"{'retweet_count': 0, 'reply_count': 0, 'like_count': 0, 'quote_count': 0}",bn,#sad,,,
Gravity,45436831491293184,77757882,everyone,45436831491293184,"‡¶Ü‡¶¨‡¶ø‡¶¶, 07 ‡¶¨‡ßç‡¶Ø‡¶æ‡¶ö, ‡¶™‡ßÅ‡¶∞‡¶ï‡ßå‡¶∂‡¶≤, ‡¶∏‡ßã‡¶π‡¶∞‡¶æ‡¶ì‡ßü‡¶æ‡¶∞‡ßç‡¶∞‡ßç‡¶¶‡ßÄ ‡¶π‡¶≤, ‡¶∞‡ßÅ‡¶Æ #3006: ‡¶¨‡ßÅ‡ßü‡ßá‡¶ü ‡¶™‡¶°‡¶º‡ßÅ‡ßü‡¶æ ‡¶Ü‡¶§‡ßç‡¶Æ‡¶π‡¶§‡ßç‡¶Ø‡¶æ‡¶ï‡¶æ‡¶∞‡ßÄ‡¶¶‡ßá‡¶∞ ‡¶≤‡¶ø‡¶∏‡ßç‡¶ü‡ßá‡¶∞ ‡¶∏‡¶∞‡ßç‡¶¨‡¶∂‡ßá‡¶∑ ‡¶∏‡¶Ç‡¶Ø‡ßã‡¶ú‡¶®‡•§ #sad #buet",2011-03-09T10:52:39.000Z,"{'retweet_count': 0, 'reply_count': 0, 'like_count': 0, 'quote_count': 0}",bn,#sad,,,
